# This file uses centimeters as units for non-parametric coordinates.

mtllib chair.mtl
g default
v -17.264830 71.030853 15.911987
v -16.428125 59.724197 16.004864
v -16.428125 59.724197 -16.004864
v -17.264830 71.030853 -15.911987
v -17.421757 71.290909 6.530982
v -17.053328 59.859135 6.402951
v -17.053328 59.859135 -6.402951
v -17.421757 71.290909 -6.530982
v -16.685133 71.184288 0.000000
v -17.144243 71.385582 5.162138
v -16.405836 60.184685 5.188076
v -15.631451 59.924801 0.000000
v -16.405836 60.184685 -5.188076
v -17.144243 71.385582 -5.162138
v -17.401220 58.816048 6.485917
v -16.702839 58.864555 16.010628
v -15.045802 47.420631 15.945484
v -15.559258 47.067368 6.784843
v -15.559258 47.067368 -6.784843
v -15.045802 47.420631 -15.945484
v -16.702839 58.864555 -16.010628
v -17.401220 58.816048 -6.485917
v -15.426858 57.745544 0.000000
v -16.286037 58.073250 5.004215
v -15.364962 47.258354 5.224000
v -14.400488 46.870438 0.000000
v -15.364962 47.258354 -5.224000
v -16.286037 58.073250 -5.004215
v -13.311623 37.718307 7.053383
v -15.607677 45.796516 6.666005
v -15.198672 46.068226 16.012041
v -13.264954 37.638580 15.698189
v -13.264954 37.638580 -15.698189
v -15.198672 46.068226 -16.012041
v -15.607677 45.796516 -6.666005
v -13.311623 37.718307 -7.053383
v -14.223639 45.516331 0.000000
v -15.379127 45.917152 5.181575
v -13.261490 38.205109 5.199223
v -12.640445 37.901955 0.000000
v -13.261490 38.205109 -5.199223
v -15.379127 45.917152 -5.181575
v -5.110039 36.193428 5.458953
v -4.573948 37.119846 0.000000
v -11.750518 37.964405 0.000000
v -13.248207 36.947945 5.645289
v -13.248207 36.947945 -5.645289
v -5.110039 36.193428 -5.458953
v -5.250509 36.115978 6.567428
v -12.730673 37.162277 6.870533
v -12.652220 37.047260 15.638035
v -5.232692 36.392929 15.895036
v -5.232692 36.392929 -15.895036
v -12.652220 37.047260 -15.638035
v -12.730673 37.162277 -6.870533
v -5.250509 36.115978 -6.567428
v -3.649724 37.371460 0.000000
v -4.161297 36.259258 5.385791
v 7.883049 35.377262 5.594951
v 8.679773 36.350792 0.000000
v 7.883049 35.377262 -5.594951
v -4.161297 36.259258 -5.385791
v 8.124628 35.935024 15.735582
v 7.892215 35.417877 6.683993
v -4.113855 35.915745 6.547520
v -4.011890 36.454403 16.007515
v -4.011890 36.454403 -16.007515
v -4.113855 35.915745 -6.547520
v 7.892215 35.417877 -6.683993
v 8.124628 35.935024 -15.735582
v 16.390686 35.204025 7.057082
v 8.783656 35.060997 6.597972
v 8.996160 35.871452 15.793622
v 16.153841 35.240601 15.380193
v 16.153841 35.240601 -15.380193
v 8.996160 35.871452 -15.793622
v 8.783656 35.060997 -6.597972
v 16.390686 35.204025 -7.057082
v 9.769002 36.533657 0.000000
v 8.771766 35.277508 5.372231
v 16.618790 34.884796 5.301206
v 16.937937 35.510017 0.000000
v 16.618790 34.884796 -5.301206
v 8.771766 35.277508 -5.372231
v -15.864374 58.293259 11.127248
v -14.267529 47.367237 11.282200
v -15.864374 58.293259 -11.127248
v -14.267529 47.367237 -11.282200
v -12.721395 38.038929 11.306564
v -14.436689 45.802357 11.230402
v -12.721395 38.038929 -11.306564
v -14.436689 45.802357 -11.230402
v -16.720547 71.206047 11.193177
v -15.852432 59.391758 11.186268
v -16.720547 71.206047 -11.193177
v -15.852432 59.391758 -11.186268
v -4.678498 37.162960 11.243196
v -12.653431 37.477737 11.247023
v -4.678498 37.162960 -11.243196
v -12.653431 37.477737 -11.247023
v 8.529073 36.637852 11.343472
v -3.713546 37.123055 11.140814
v 8.529073 36.637852 -11.343472
v -3.713546 37.123055 -11.140814
v 16.301558 35.694141 11.323036
v 9.489702 36.738937 11.143064
v 16.301558 35.694141 -11.323036
v 9.489702 36.738937 -11.143064
v 12.907732 35.763935 5.253173
v 13.471213 36.634758 0.000000
v 12.907732 35.763935 -5.253173
v 12.762862 35.934490 6.831932
v 12.870573 36.892170 11.186561
v 12.784957 35.935211 15.572526
v 12.762862 35.934490 -6.831932
v 12.870573 36.892170 -11.186561
v 12.784957 35.935211 -15.572526
v 2.323770 36.886208 15.737111
v 2.282305 38.131256 11.233828
v 2.114193 37.533199 6.620296
v 2.323770 36.886208 -15.737111
v 2.282305 38.131256 -11.233828
v 2.114193 37.533199 -6.620296
v 2.148697 37.385036 5.421010
v 2.802618 37.973938 0.000000
v 2.148697 37.385036 -5.421010
v -8.655115 36.972691 5.433071
v -8.089930 38.134171 0.000000
v -8.655115 36.972691 -5.433071
v -8.967564 36.999058 6.651031
v -8.839021 38.178604 11.152916
v -8.910871 36.776989 15.638328
v -8.967564 36.999058 -6.651031
v -8.839021 38.178604 -11.152916
v -8.910871 36.776989 -15.638328
v -13.766730 41.933002 6.755539
v -12.491051 42.190357 11.252528
v -14.291202 41.725880 15.768023
v -13.766730 41.933002 -6.755539
v -12.491051 42.190357 -11.252528
v -14.291202 41.725880 -15.768023
v -13.687288 42.298313 5.191762
v -12.045483 42.146671 0.000000
v -13.687288 42.298313 -5.191762
v -14.920077 52.748672 5.269711
v -14.054033 52.386673 0.000000
v -14.920077 52.748672 -5.269711
v -15.337811 52.947014 6.421521
v -14.213666 53.127106 11.105230
v -15.423691 53.000431 15.855190
v -15.337811 52.947014 -6.421521
v -14.213666 53.127106 -11.105230
v -15.423691 53.000431 -15.855190
v -16.531805 65.569557 15.875293
v -15.219672 65.647224 11.167404
v -16.412735 65.525009 6.484114
v -16.531805 65.569557 -15.875293
v -15.219672 65.647224 -11.167404
v -16.412735 65.525009 -6.484114
v -16.177280 65.832909 5.244191
v -15.234054 65.628410 0.000000
v -16.177280 65.832909 -5.244191
v -16.808435 71.308151 2.594482
v -15.521923 65.745399 2.649078
v -15.795929 60.042278 2.631261
v -16.808435 71.308151 -2.594482
v -15.521923 65.745399 -2.649078
v -15.795929 60.042278 -2.631261
v -16.839228 71.300201 8.814863
v -15.442076 65.612457 8.738831
v -16.006929 59.628883 8.859523
v -16.839228 71.300201 -8.814863
v -15.442076 65.612457 -8.738831
v -16.006929 59.628883 -8.859523
v -15.733356 59.581161 13.751811
v -15.438149 65.650665 13.609815
v -16.704912 71.176353 13.610806
v -15.733356 59.581161 -13.751811
v -15.438149 65.650665 -13.609815
v -16.704912 71.176353 -13.610806
v -14.212057 47.408916 13.707870
v -14.247384 53.149334 13.574301
v -15.787016 58.391251 13.665802
v -14.212057 47.408916 -13.707870
v -14.247384 53.149334 -13.574301
v -15.787016 58.391251 -13.665802
v -16.140652 58.384750 8.594086
v -14.368815 53.101116 8.666847
v -14.612407 47.206547 8.954884
v -16.140652 58.384750 -8.594086
v -14.368815 53.101116 -8.666847
v -14.612407 47.206547 -8.954884
v -15.693949 57.951664 2.526557
v -14.279761 52.586678 2.669106
v -14.618952 47.045231 2.659382
v -15.693949 57.951664 -2.526557
v -14.279761 52.586678 -2.669106
v -14.618952 47.045231 -2.659382
v -14.577951 45.719486 2.562369
v -12.578374 42.296280 2.660104
v -12.687659 38.048412 2.657176
v -14.577951 45.719486 -2.562369
v -12.578374 42.296280 -2.660104
v -12.687659 38.048412 -2.657176
v -12.860206 37.961033 13.616836
v -12.928223 42.060089 13.625179
v -14.482892 45.895161 13.816938
v -12.860206 37.961033 -13.616836
v -12.928223 42.060089 -13.625179
v -14.482892 45.895161 -13.816938
v -14.760132 45.837967 8.874076
v -12.748644 42.156845 8.918630
v -12.825705 37.957958 9.154729
v -14.760132 45.837967 -8.874076
v -12.748644 42.156845 -8.918630
v -12.825705 37.957958 -9.154729
v -4.805254 37.051380 13.654048
v -8.860732 37.887760 13.490590
v -12.658776 37.372833 13.465255
v -4.805254 37.051380 -13.654048
v -8.860732 37.887760 -13.490590
v -12.658776 37.372833 -13.465255
v -12.700430 37.428181 9.040757
v -8.880882 37.951466 8.820020
v -4.852564 36.933216 8.699542
v -12.700430 37.428181 -9.040757
v -8.880882 37.951466 -8.820020
v -4.852564 36.933216 -8.699542
v -3.851351 36.970093 8.893429
v 2.212661 38.188126 8.863766
v 8.432000 36.377728 9.156625
v -3.851351 36.970093 -8.893429
v 2.212661 38.188126 -8.863766
v 8.432000 36.377728 -9.156625
v 8.343582 36.537594 13.678829
v 2.323880 37.905758 13.569081
v -3.770099 37.234581 13.504651
v 8.343582 36.537594 -13.678829
v 2.323880 37.905758 -13.569081
v -3.770099 37.234581 -13.504651
v -3.813060 37.163830 2.628489
v 2.494736 37.865608 2.739326
v 8.377451 36.133678 2.996545
v -3.813060 37.163830 -2.628489
v 2.494736 37.865608 -2.739326
v 8.377451 36.133678 -2.996545
v -4.861501 37.000675 2.787648
v -8.402527 37.910454 2.625414
v -12.187108 37.664196 2.472228
v -4.861501 37.000675 -2.787648
v -8.402527 37.910454 -2.625414
v -12.187108 37.664196 -2.472228
v 9.463503 36.261753 2.547220
v 13.228182 36.512901 2.679115
v 16.837227 35.408901 2.685504
v 9.463503 36.261753 -2.547220
v 13.228182 36.512901 -2.679115
v 16.837227 35.408901 -2.685504
v 9.345523 36.446171 8.870070
v 12.837626 36.693775 8.955060
v 16.396027 35.626041 9.160233
v 9.345523 36.446171 -8.870070
v 12.837626 36.693775 -8.955060
v 16.396027 35.626041 -9.160233
v 16.238436 35.522678 13.495903
v 12.869854 36.753479 13.433450
v 9.320143 36.594658 13.330441
v 16.238436 35.522678 -13.495903
v 12.869854 36.753479 -13.433450
v 9.320143 36.594658 -13.330441
v -16.098629 62.999943 5.263907
v -15.397782 62.880119 2.683765
v -15.178413 62.761597 0.000000
v -15.397782 62.880119 -2.683765
v -16.098629 62.999943 -5.263907
v -16.482672 68.645760 5.236145
v -15.890279 68.588860 2.656399
v -15.653631 68.481781 0.000000
v -15.890279 68.588860 -2.656399
v -16.482672 68.645760 -5.236145
v -16.787558 68.435684 6.462637
v -15.874251 68.519341 8.722500
v -15.674374 68.501732 11.176667
v -15.783967 68.475624 13.668587
v -16.783175 68.321014 15.936268
v -16.787558 68.435684 -6.462637
v -15.874251 68.519341 -8.722500
v -15.674374 68.501732 -11.176667
v -15.783967 68.475624 -13.668587
v -16.783175 68.321014 -15.936268
v -16.263952 62.821651 15.871011
v -15.296885 62.821106 13.636107
v -15.154904 62.771175 11.187477
v -15.366302 62.662109 8.739137
v -16.347204 62.563637 6.492712
v -16.263952 62.821651 -15.871011
v -15.296885 62.821106 -13.636107
v -15.154904 62.771175 -11.187477
v -15.366302 62.662109 -8.739137
v -16.347204 62.563637 -6.492712
v -15.367583 55.474251 5.190572
v -14.640253 55.360943 2.649896
v -14.427183 55.147831 0.000000
v -14.640253 55.360943 -2.649896
v -15.367583 55.474251 -5.190572
v -14.894374 49.985535 5.314764
v -14.216614 49.800320 2.705944
v -14.039315 49.616886 0.000000
v -14.216614 49.800320 -2.705944
v -14.894374 49.985535 -5.314764
v -15.136765 49.987465 6.469210
v -14.162308 50.138798 8.725413
v -13.996051 50.243340 11.180496
v -14.015468 50.283566 13.686129
v -15.134008 50.215099 15.945223
v -15.136765 49.987465 -6.469210
v -14.162308 50.138798 -8.725413
v -13.996051 50.243340 -11.180496
v -14.015468 50.283566 -13.686129
v -15.134008 50.215099 -15.945223
v -15.575182 55.821819 15.860620
v -14.665154 56.030556 13.568738
v -14.729650 56.052582 11.083965
v -14.899394 56.058334 8.601375
v -15.916551 55.840607 6.350862
v -15.575182 55.821819 -15.860620
v -14.665154 56.030556 -13.568738
v -14.729650 56.052582 -11.083965
v -14.899394 56.058334 -8.601375
v -15.916551 55.840607 -6.350862
v -14.281868 44.330223 5.182912
v -13.359818 44.305603 2.667712
v -12.883853 44.118320 0.000000
v -13.359818 44.305603 -2.667712
v -14.281868 44.330223 -5.182912
v -13.356836 40.256191 5.234246
v -12.311196 40.164719 2.729205
v -11.896493 39.987274 0.000000
v -12.311196 40.164719 -2.729205
v -13.356836 40.256191 -5.234246
v -13.344966 39.827572 6.841728
v -12.436507 39.941261 8.968823
v -12.267808 39.962070 11.315361
v -12.706549 39.895580 13.649647
v -13.868723 39.672264 15.697650
v -13.344966 39.827572 -6.841728
v -12.436507 39.941261 -8.968823
v -12.267808 39.962070 -11.315361
v -12.706549 39.895580 -13.649647
v -13.868723 39.672264 -15.697650
v -14.564798 43.827938 15.844970
v -13.432868 44.182869 13.704263
v -13.222974 44.306992 11.245996
v -13.531026 44.261345 8.823357
v -14.438371 43.994320 6.604353
v -14.564798 43.827938 -15.844970
v -13.432868 44.182869 -13.704263
v -13.222974 44.306992 -11.245996
v -13.531026 44.261345 -8.823357
v -14.438371 43.994320 -6.604353
v -0.803183 37.421028 5.317038
v -0.492766 38.060238 2.706421
v -0.176712 38.132553 0.000000
v -0.492766 38.060238 -2.706421
v -0.803183 37.421028 -5.317038
v 5.036115 36.822727 5.457083
v 5.447426 37.408817 2.777411
v 5.764878 37.542805 0.000000
v 5.447426 37.408817 -2.777411
v 5.036115 36.822727 -5.457083
v 5.092807 36.962120 6.755503
v 5.189014 37.608761 8.983930
v 5.220557 37.700851 11.307467
v 5.284580 37.542145 13.655687
v 5.262854 36.623714 15.826619
v 5.092807 36.962120 -6.755503
v 5.189014 37.608761 -8.983930
v 5.220557 37.700851 -11.307467
v 5.284580 37.542145 -13.655687
v 5.262854 36.623714 -15.826619
v -0.606495 37.041500 15.717174
v -0.666445 38.024494 13.573098
v -0.738713 38.165680 11.205106
v -0.880785 38.232166 8.811331
v -0.923726 37.387836 6.577360
v -0.606495 37.041500 -15.717174
v -0.666445 38.024494 -13.573098
v -0.738713 38.165680 -11.205106
v -0.880785 38.232166 -8.811331
v -0.923726 37.387836 -6.577360
v -6.826912 36.925571 5.440409
v -6.490520 37.724590 2.711415
v -6.249291 37.922146 0.000000
v -6.490520 37.724590 -2.711415
v -6.826912 36.925571 -5.440409
v -7.057635 36.797436 6.496583
v -6.939325 37.795395 8.701801
v -6.928305 38.034443 11.115707
v -6.949689 37.805912 13.519274
v -7.035070 36.710747 15.660795
v -7.057635 36.797436 -6.496583
v -6.939325 37.795395 -8.701801
v -6.928305 38.034443 -11.115707
v -6.949689 37.805912 -13.519274
v -7.035070 36.710747 -15.660795
v -10.781233 36.902821 15.635113
v -10.788543 37.925602 13.538568
v -10.800948 38.168419 11.204742
v -10.823469 37.978104 8.882538
v -10.848289 37.067619 6.764401
v -10.781233 36.902821 -15.635113
v -10.788543 37.925602 -13.538568
v -10.800948 38.168419 -11.204742
v -10.823469 37.978104 -8.882538
v -10.848289 37.067619 -6.764401
v -10.853541 37.025562 5.339765
v -10.302360 37.961353 2.576540
v -9.929913 38.216866 0.000000
v -10.302360 37.961353 -2.576540
v -10.853541 37.025562 -5.339765
v 14.773012 35.360630 5.287096
v 15.092484 36.165535 2.716363
v 15.275219 36.296707 0.000000
v 15.092484 36.165535 -2.716363
v 14.773012 35.360630 -5.287096
v 10.975825 35.988007 5.220447
v 11.331223 36.676907 2.661448
v 11.658295 36.759350 0.000000
v 11.331223 36.676907 -2.661448
v 10.975825 35.988007 -5.220447
v 10.859829 36.039703 -6.700945
v 10.910596 36.990253 -8.813312
v 11.016965 37.152084 -11.127366
v 11.078237 37.068737 -13.435658
v 11.086568 36.154175 -15.545122
v 10.859829 36.039703 6.700945
v 10.910596 36.990253 8.813312
v 11.016965 37.152084 11.127366
v 11.078237 37.068737 13.435658
v 11.086568 36.154175 15.545122
v 14.478231 35.633980 -15.629676
v 14.614142 36.321957 -13.498492
v 14.632554 36.429531 -11.256083
v 14.645897 36.257671 -9.041135
v 14.582162 35.589420 -6.938780
v 14.478231 35.633980 15.629676
v 14.614142 36.321957 13.498492
v 14.632554 36.429531 11.256083
v 14.645897 36.257671 9.041135
v 14.582162 35.589420 6.938780
v -16.647255 58.946827 2.650823
v -17.313372 59.115578 5.523060
v -17.313372 59.115578 -5.523060
v -16.647255 58.946827 -2.650823
v -16.398500 58.918732 0.000000
v -16.637537 59.025745 -8.685946
v -17.439501 59.125874 -6.527107
v -17.439501 59.125874 6.527107
v -16.637537 59.025745 8.685946
v -16.726160 58.939880 -13.689712
v -16.559750 58.857506 -11.177380
v -16.559750 58.857506 11.177380
v -16.726160 58.939880 13.689712
v -16.987724 59.144897 -15.995131
v -16.987724 59.144897 15.995131
v -17.545153 59.171398 -6.060898
v -17.098577 60.109657 -5.942829
v -17.098577 60.109657 5.942829
v -17.545153 59.171398 6.060898
v -17.672834 68.752380 -6.038843
v -18.149033 71.109146 -6.068033
v -18.149033 71.109146 6.068033
v -17.672834 68.752380 6.038843
v -17.156954 65.894630 -6.087311
v -17.156954 65.894630 6.087311
v -16.878296 62.733826 -6.066160
v -16.878296 62.733826 6.066160
v -16.202631 55.778835 -6.075710
v -17.375452 58.500214 -6.090610
v -17.375452 58.500214 6.090610
v -16.202631 55.778835 6.075710
v -15.741841 52.859810 -6.105757
v -15.741841 52.859810 6.105757
v -15.582855 49.949608 -6.081929
v -15.582855 49.949608 6.081929
v -16.142380 47.037468 -6.123041
v -16.142380 47.037468 6.123041
v -15.103891 46.027966 0.000000
v -15.263780 46.213921 2.495306
v -15.263780 46.213921 -2.495306
v -15.913425 46.450508 5.178377
v -15.913425 46.450508 -5.178377
v -16.324278 46.335285 6.113442
v -16.324278 46.335285 -6.113442
v -15.929193 46.322548 7.061752
v -15.929193 46.322548 -7.061752
v -16.011568 45.740726 -6.079454
v -16.011568 45.740726 6.079454
v -15.307021 46.372044 -9.069559
v -15.217722 46.295399 -11.413662
v -15.217722 46.295399 11.413662
v -15.307021 46.372044 9.069559
v -15.430093 46.432468 -14.004184
v -15.814503 46.579945 -16.175713
v -15.814503 46.579945 16.175713
v -15.430093 46.432468 14.004184
v -14.967377 44.012764 -6.095857
v -14.967377 44.012764 6.095857
v -14.588985 42.063911 -6.126774
v -14.588985 42.063911 6.126774
v -14.227378 39.916260 -6.107461
v -14.227378 39.916260 6.107461
v -14.156163 38.014248 -6.120665
v -14.156163 38.014248 6.120665
v -13.700074 36.587772 -6.052696
v -13.700074 36.587772 6.052696
v -11.230515 36.184998 -6.044832
v -11.230515 36.184998 6.044832
v -9.117426 36.296001 -6.065010
v -7.096344 36.383396 -6.065099
v -7.096344 36.383396 6.065099
v -9.117426 36.296001 6.065010
v -5.074559 35.672150 -6.178145
v -5.074559 35.672150 6.178145
v -0.825047 36.776642 -5.993140
v -4.322293 35.579700 -6.162672
v -4.322293 35.579700 6.162672
v -0.825047 36.776642 5.993140
v 4.863209 36.379276 -6.113499
v 7.705153 35.091007 -6.170298
v 7.705153 35.091007 6.170298
v 4.863209 36.379276 6.113499
v 1.843565 36.805897 -6.058331
v 1.843565 36.805897 6.058331
v -4.717642 35.924252 -5.288070
v -4.718390 35.528458 -6.169260
v -4.602157 35.627884 -6.617711
v -4.717642 35.924252 5.288070
v -4.718390 35.528458 6.169260
v -4.602157 35.627884 6.617711
v -4.374617 36.427536 -8.655882
v -4.374617 36.427536 8.655882
v -4.188565 36.466259 -11.311749
v -4.304043 36.334663 -13.732091
v -4.304043 36.334663 13.732091
v -4.188565 36.466259 11.311749
v -4.387520 36.560654 -2.651821
v -4.387520 36.560654 2.651821
v -4.114118 36.758583 0.000000
v -4.568625 36.094887 15.777219
v -4.568625 36.094887 -15.777219
v 8.808588 35.826931 13.384086
v 8.595765 35.549419 15.620090
v 8.595765 35.549419 -15.620090
v 8.808588 35.826931 -13.384086
v 8.915323 36.018814 11.237955
v 8.915323 36.018814 -11.237955
v 8.818175 35.902821 9.080064
v 8.818175 35.902821 -9.080064
v 8.452056 35.130203 7.042322
v 8.313288 34.731472 6.104109
v 8.313288 34.731472 -6.104109
v 8.452056 35.130203 -7.042322
v 8.342033 34.971928 5.523339
v 8.342033 34.971928 -5.523339
v 8.696384 34.790176 6.027462
v 8.696384 34.790176 -6.027462
v 8.779919 35.670517 2.958305
v 8.779919 35.670517 -2.958305
v 9.063710 35.833927 0.000000
v 10.758026 35.281021 6.017869
v 10.758026 35.281021 -6.017869
v 12.725851 35.002483 6.002627
v 12.725851 35.002483 -6.002627
v 14.546677 34.723980 6.044665
v 14.546677 34.723980 -6.044665
v 16.121641 34.358448 6.042645
v 16.121641 34.358448 -6.042645
v -17.940838 59.042603 15.891802
v -17.726954 58.401855 15.997177
v -17.726954 58.401855 -15.997177
v -17.940838 59.042603 -15.891802
v -17.278332 55.327305 15.782875
v -17.278332 55.327305 -15.782875
v -16.990459 52.740112 15.622805
v -16.990459 52.740112 -15.622805
v -16.927719 50.189728 15.752810
v -16.927719 50.189728 -15.752810
v -16.865292 47.406765 16.012362
v -16.865292 47.406765 -16.012362
v -16.847940 46.434814 15.941827
v -16.847940 46.434814 -15.941827
v -16.680986 45.350945 15.942662
v -16.680986 45.350945 -15.942662
v -16.453878 43.368103 15.800802
v -16.453878 43.368103 -15.800802
v -16.254276 41.374557 15.726497
v -16.254276 41.374557 -15.726497
v -16.068237 39.287525 15.812111
v -16.068237 39.287525 -15.812111
v -13.293217 33.939674 16.063679
v -13.293217 33.939674 -16.063679
v -15.754433 35.962837 16.064402
v -15.754433 35.962837 -16.064402
v -11.180430 33.970428 15.984693
v -11.180430 33.970428 -15.984693
v -11.176831 35.909801 16.389153
v -12.767389 36.404400 16.400990
v -13.615874 36.508343 16.292727
v -13.913667 37.238068 16.455776
v -14.434660 39.681374 16.132092
v -14.761200 41.728241 16.101486
v -15.013375 43.792736 16.195740
v -15.505612 45.916824 16.360405
v -16.025015 46.587688 16.276396
v -15.453783 47.491234 16.393585
v -15.551603 50.219189 16.188564
v -15.757673 52.961765 16.036453
v -15.938469 55.653927 16.161806
v -16.877808 58.802662 16.340162
v -17.113894 59.137859 16.159695
v -11.176831 35.909801 -16.389153
v -12.767389 36.404400 -16.400990
v -13.615874 36.508343 -16.292727
v -13.913667 37.238068 -16.455776
v -14.434660 39.681374 -16.132092
v -14.761200 41.728241 -16.101486
v -15.013375 43.792736 -16.195740
v -15.505612 45.916824 -16.360405
v -16.025015 46.587688 -16.276396
v -15.453783 47.491234 -16.393585
v -15.551603 50.219189 -16.188564
v -15.757673 52.961765 -16.036453
v -15.938469 55.653927 -16.161806
v -16.877808 58.802662 -16.340162
v -17.113894 59.137859 -16.159695
v -16.933804 59.947845 16.326401
v -16.933804 59.947845 -16.326401
v -16.677273 62.789600 16.196400
v -16.677273 62.789600 -16.196400
v -16.836367 65.488358 16.129589
v -16.836367 65.488358 -16.129589
v -17.161758 68.164757 16.294971
v -17.161758 68.164757 -16.294971
v -17.584719 70.893158 16.185427
v -17.584719 70.893158 -16.185427
v -17.513729 71.303856 15.800406
v -17.711687 71.203606 15.993230
v -17.711687 71.203606 -15.993230
v -17.513729 71.303856 -15.800406
v -17.755613 59.889709 15.942153
v -17.755613 59.889709 -15.942153
v -17.799706 62.558273 15.810512
v -17.799706 62.558273 -15.810512
v -18.023230 65.114670 15.751341
v -18.023230 65.114670 -15.751341
v -18.269625 67.935623 15.909183
v -18.269625 67.935623 -15.909183
v -18.523800 70.345673 15.864129
v -18.523800 70.345673 -15.864129
v -18.480192 70.700935 15.766560
v -18.480192 70.700935 -15.766560
v -17.222025 71.478806 13.540251
v -17.222025 71.478806 -13.540251
v -17.198431 71.492584 11.161496
v -17.198431 71.492584 -11.161496
v -17.386738 71.613350 8.839880
v -17.386738 71.613350 -8.839880
v -17.915531 71.619308 6.822940
v -17.915531 71.619308 -6.822940
v -18.282784 71.523987 5.939915
v -18.282784 71.523987 -5.939915
v -17.839247 71.781845 5.193071
v -17.839247 71.781845 -5.193071
v -17.431082 71.671539 2.546088
v -17.431082 71.671539 -2.546088
v -17.272381 71.561768 0.000000
v -8.880963 35.793072 16.335152
v -8.880963 35.793072 -16.335152
v -6.989312 35.867031 16.311781
v -6.989312 35.867031 -16.311781
v -4.727934 35.551048 16.278101
v -3.964200 35.842163 16.407673
v -3.964200 35.842163 -16.407673
v -4.727934 35.551048 -16.278101
v -5.326444 35.827587 16.327511
v -5.326444 35.827587 -16.327511
v -0.705020 36.022224 16.330950
v -0.705020 36.022224 -16.330950
v 2.247305 35.956230 16.263216
v 2.247305 35.956230 -16.263216
v 5.193403 35.612961 16.433517
v 5.193403 35.612961 -16.433517
v 7.808506 35.202293 16.437069
v 7.808506 35.202293 -16.437069
v 8.516298 35.089725 16.207142
v 8.516298 35.089725 -16.207142
v 9.169715 35.236336 16.304781
v 9.169715 35.236336 -16.304781
v 11.551360 35.125381 16.264305
v 11.551360 35.125381 -16.264305
v 12.599392 34.979618 16.253536
v 12.599392 34.979618 -16.253536
v 14.240138 34.805386 16.261703
v 14.240138 34.805386 -16.261703
v -8.774485 34.226620 15.896777
v -8.774485 34.226620 -15.896777
v -6.792542 34.376041 15.888163
v -6.792542 34.376041 -15.888163
v -4.550626 34.500595 15.913155
v -4.550626 34.500595 -15.913155
v -0.583706 34.760433 15.823359
v -0.583706 34.760433 -15.823359
v 2.298363 34.776787 15.772267
v 2.298363 34.776787 -15.772267
v 5.038555 34.546169 15.919951
v 5.038555 34.546169 -15.919951
v 8.496767 34.184494 15.883584
v 8.496767 34.184494 -15.883584
v 11.321293 34.131592 15.834137
v 11.321293 34.131592 -15.834137
v 12.557145 34.046799 15.812366
v 12.557145 34.046799 -15.812366
v 14.132901 33.858898 15.819450
v 14.132901 33.858898 -15.819450
v 16.431131 34.668964 15.200409
v 16.543619 34.848148 13.533380
v 16.543619 34.848148 -13.533380
v 16.431131 34.668964 -15.200409
v 15.877512 33.724731 15.022059
v 15.877512 33.724731 -15.022059
v 16.682941 34.961559 11.360238
v 16.682941 34.961559 -11.360238
v 16.812105 34.936222 9.218653
v 16.812105 34.936222 -9.218653
v 16.845707 34.627850 7.148357
v 16.845707 34.627850 -7.148357
v 16.403572 34.157177 6.011562
v 16.403572 34.157177 -6.011562
v 16.909245 34.441826 5.300410
v 16.909245 34.441826 -5.300410
v 17.099039 34.753201 2.592469
v 17.099039 34.753201 -2.592469
v 17.140553 34.845844 0.000000
v 16.009098 33.823975 13.157851
v 16.009098 33.823975 -13.157851
v 16.149755 33.927696 11.086182
v 16.149755 33.927696 -11.086182
v 16.273981 33.897209 9.321884
v 16.273981 33.897209 -9.321884
v 16.369646 33.794209 7.166251
v 16.369646 33.794209 -7.166251
v 16.279881 33.526054 6.022312
v 16.279881 33.526054 -6.022312
v 16.458866 33.755188 5.086711
v 16.458866 33.755188 -5.086711
v 16.509853 33.998997 2.523315
v 16.509853 33.998997 -2.523315
v 16.539064 34.062634 0.000000
v 16.305590 34.592728 15.720433
v 16.059046 35.070503 15.766109
v 16.059046 35.070503 -15.766109
v 16.305590 34.592728 -15.720433
v 15.772621 33.699360 15.324573
v 15.772621 33.699360 -15.324573
v 16.058289 34.567284 16.010403
v 15.848758 35.087067 15.907476
v 15.848758 35.087067 -15.907476
v 16.058289 34.567284 -16.010403
v 15.633337 33.711323 15.553226
v 15.633337 33.711323 -15.553226
v 15.620307 34.540936 16.195787
v 15.620307 34.540936 -16.195787
v 15.314986 33.725216 15.717359
v 15.314986 33.725216 -15.717359
v -18.040897 71.067345 15.983735
v -18.015863 70.730896 16.181660
v -17.644915 68.149139 16.317635
v -17.321579 65.370071 16.154312
v -17.109066 62.728302 16.206514
v -17.113668 59.957325 16.270460
v -17.321623 59.063637 16.103014
v -17.089436 58.694248 16.360994
v -16.423021 55.692608 16.281742
v -16.165890 52.956738 16.072626
v -16.031944 50.234505 16.226717
v -15.935375 47.573143 16.503939
v -16.152910 46.593533 16.242306
v -15.857735 45.791187 16.368643
v -15.494263 43.772381 16.286776
v -15.309538 41.725891 16.206760
v -15.103848 39.643410 16.304741
v -14.485905 36.817390 16.604387
v -13.976168 36.020760 16.548204
v -12.922032 35.639236 16.640501
v -11.244710 35.286587 16.528408
v -8.901251 35.353760 16.411388
v -6.954194 35.444187 16.376488
v -5.410759 35.459438 16.363842
v -4.740948 35.318203 16.266197
v -3.939648 35.492069 16.433208
v -0.677326 35.646770 16.319746
v 2.259224 35.622662 16.254749
v 5.180394 35.347218 16.395966
v 7.803908 34.969700 16.396240
v 8.516356 34.860287 16.171604
v 9.201024 34.961365 16.260353
v 11.461294 34.820602 16.247343
v 12.588239 34.692020 16.230202
v 14.222347 34.510624 16.245619
v 15.549643 34.261311 16.169415
v 15.994221 34.241039 15.998267
v 16.274887 34.247494 15.699324
v 16.401043 34.293201 15.250118
v 16.553240 34.459961 13.519935
v 16.694513 34.564907 11.352271
v 16.824471 34.523762 9.268208
v 16.839436 34.327972 7.174875
v 16.510853 34.014393 6.011233
v 16.921623 34.185474 5.274228
v 17.081623 34.422249 2.607356
v 17.109161 34.500862 0.000000
v 17.081623 34.422249 -2.607356
v 16.921623 34.185474 -5.274228
v 16.510853 34.014393 -6.011233
v 16.839436 34.327972 -7.174875
v 16.824471 34.523762 -9.268208
v 16.694513 34.564907 -11.352271
v 16.553240 34.459961 -13.519935
v 16.401043 34.293201 -15.250118
v 16.274887 34.247494 -15.699324
v 15.994221 34.241039 -15.998267
v 15.549643 34.261311 -16.169415
v 14.222347 34.510624 -16.245619
v 12.588239 34.692020 -16.230202
v 11.461294 34.820602 -16.247343
v 9.201024 34.961365 -16.260353
v 8.516356 34.860287 -16.171604
v 7.803908 34.969700 -16.396240
v 5.180394 35.347218 -16.395966
v 2.259224 35.622662 -16.254749
v -0.677326 35.646770 -16.319746
v -3.939648 35.492069 -16.433208
v -4.740948 35.318203 -16.266197
v -5.410759 35.459438 -16.363842
v -6.954194 35.444187 -16.376488
v -8.901251 35.353760 -16.411388
v -11.244710 35.286587 -16.528408
v -12.922032 35.639236 -16.640501
v -13.976168 36.020760 -16.548204
v -14.485905 36.817390 -16.604387
v -15.103848 39.643410 -16.304741
v -15.309538 41.725891 -16.206760
v -15.494263 43.772381 -16.286776
v -15.857735 45.791187 -16.368643
v -16.152910 46.593533 -16.242306
v -15.935375 47.573143 -16.503939
v -16.031944 50.234505 -16.226717
v -16.165890 52.956738 -16.072626
v -16.423021 55.692608 -16.281742
v -17.089436 58.694248 -16.360994
v -17.321623 59.063637 -16.103014
v -17.113668 59.957325 -16.270460
v -17.109066 62.728302 -16.206514
v -17.321579 65.370071 -16.154312
v -17.644915 68.149139 -16.317635
v -18.015863 70.730896 -16.181660
v -18.040897 71.067345 -15.983735
v -18.033291 71.276329 15.751005
v -18.033291 71.276329 -15.751005
v -18.539625 70.928970 15.587522
v -18.539625 70.928970 -15.587522
v -18.364775 69.117310 -15.954176
v -17.870802 69.438988 -16.337069
v -17.419374 69.545975 -16.377619
v -16.968094 69.689720 -15.970817
v -16.086128 69.875877 -13.669493
v -16.071301 69.900055 -11.182775
v -16.254656 69.943565 -8.748848
v -17.086142 69.868423 -6.481311
v -17.931259 69.925888 -6.054922
v -16.753086 70.032021 -5.236183
v -16.241266 69.983826 -2.637633
v -16.038246 69.880272 0.000000
v -16.241266 69.983826 2.637633
v -16.753086 70.032021 5.236183
v -17.931259 69.925888 6.054922
v -17.086142 69.868423 6.481311
v -16.254656 69.943565 8.748848
v -16.071301 69.900055 11.182775
v -16.086128 69.875877 13.669493
v -16.968094 69.689720 15.970817
v -17.419374 69.545975 16.377619
v -17.870802 69.438988 16.337069
v -18.364775 69.117310 15.954176
v -17.499399 56.820091 -15.934026
v -16.736073 57.206955 -16.423046
v -16.288193 57.327648 -16.359835
v -15.952215 57.407269 -16.057306
v -15.037461 57.295017 -13.648466
v -15.123294 57.260838 -11.095693
v -15.383606 57.292938 -8.559729
v -16.489643 57.413895 -6.320756
v -16.615122 57.218201 -6.094273
v -15.752687 56.803825 -5.134610
v -15.026367 56.712021 -2.609542
v -14.799335 56.497402 0.000000
v -15.026367 56.712021 2.609542
v -15.752687 56.803825 5.134610
v -16.615122 57.218201 6.094273
v -16.489643 57.413895 6.320756
v -15.383606 57.292938 8.559729
v -15.123294 57.260838 11.095693
v -15.037461 57.295017 13.648466
v -15.952215 57.407269 16.057306
v -16.288193 57.327648 16.359835
v -16.736073 57.206955 16.423046
v -17.499399 56.820091 15.934026
v -16.885153 48.796005 15.911181
v -15.987958 48.906223 16.390190
v -15.443849 48.812698 16.318174
v -15.021878 48.819653 15.999910
v -14.022650 48.841610 13.715643
v -14.046165 48.796249 11.226834
v -14.275418 48.654995 8.811705
v -15.211711 48.499382 6.536675
v -15.668390 48.453060 6.096324
v -15.020048 48.602547 5.328276
v -14.318331 48.407589 2.700917
v -14.157351 48.234936 0.000000
v -14.318331 48.407589 -2.700917
v -15.020048 48.602547 -5.328276
v -15.668390 48.453060 -6.096324
v -15.211711 48.499382 -6.536675
v -14.275418 48.654995 -8.811705
v -14.046165 48.796249 -11.226834
v -14.022650 48.841610 -13.715643
v -15.021878 48.819653 -15.999910
v -15.443849 48.812698 -16.318174
v -15.987958 48.906223 -16.390190
v -16.885153 48.796005 -15.911181
v -17.886051 71.492874 13.590285
v -17.886051 71.492874 -13.590285
v -18.628399 71.174355 13.615126
v -18.628399 71.174355 -13.615126
v -17.919609 71.490906 11.259459
v -17.919609 71.490906 -11.259459
v -18.091684 71.510765 9.029328
v -18.091684 71.510765 -9.029328
v -18.264244 71.435341 7.036326
v -18.655369 71.285866 6.025107
v -18.655369 71.285866 -6.025107
v -18.264244 71.435341 -7.036326
v -18.346529 71.496521 5.099133
v -18.346529 71.496521 -5.099133
v -18.161282 71.569611 2.474161
v -18.161282 71.569611 -2.474161
v -18.135529 71.486496 0.000000
v -18.653131 71.190308 11.274439
v -18.653131 71.190308 -11.274439
v -18.737539 71.244118 9.188049
v -18.737539 71.244118 -9.188049
v -15.923479 37.590092 15.954990
v -14.900447 38.148304 16.476398
v -14.150541 38.391956 16.263105
v -13.548617 38.658737 15.710711
v -12.681731 38.795948 13.637525
v -12.424589 38.838905 11.342311
v -12.528624 38.814194 9.045715
v -13.255432 38.766129 6.903021
v -14.052567 38.965607 6.112378
v -13.261590 39.229336 5.245798
v -12.378885 39.085747 2.718756
v -12.114489 38.903286 0.000000
v -12.378885 39.085747 -2.718756
v -13.261590 39.229336 -5.245798
v -14.052567 38.965607 -6.112378
v -13.255432 38.766129 -6.903021
v -12.528624 38.814194 -9.045715
v -12.424589 38.838905 -11.342311
v -12.681731 38.795948 -13.637525
v -13.548617 38.658737 -15.710711
v -14.150541 38.391956 -16.263105
v -14.900447 38.148304 -16.476398
v -15.923479 37.590092 -15.954990
v -2.120823 34.633255 -15.914598
v -2.306684 35.560936 -16.413780
v -2.334208 35.948200 -16.422977
v -2.320820 36.833416 -15.932606
v -2.289166 37.911716 -13.591479
v -2.330625 37.948074 -11.174730
v -2.481296 37.878002 -8.801863
v -2.602131 36.843788 -6.442963
v -2.677012 36.461361 -6.077234
v -2.545198 37.042690 -5.457569
v -2.242382 37.936512 -2.712107
v -2.004842 38.126987 0.000000
v -2.242382 37.936512 2.712107
v -2.545198 37.042690 5.457569
v -2.677012 36.461361 6.077234
v -2.602131 36.843788 6.442963
v -2.481296 37.878002 8.801863
v -2.330625 37.948074 11.174730
v -2.289166 37.911716 13.591479
v -2.320820 36.833416 15.932606
v -2.334208 35.948200 16.422977
v -2.306684 35.560936 16.413780
v -2.120823 34.633255 15.914598
v 6.776605 34.332253 16.003635
v 6.489429 35.140266 16.447987
v 6.504428 35.421642 16.494745
v 6.720592 36.381058 15.859703
v 6.873051 37.231564 13.708629
v 6.918636 37.298817 11.323918
v 6.856911 37.107338 9.043127
v 6.572159 36.355614 6.611977
v 6.392283 35.962017 6.125535
v 6.532517 36.261005 5.608571
v 6.996913 36.965946 2.928987
v 7.318691 37.177261 0.000000
v 6.996913 36.965946 -2.928987
v 6.532517 36.261005 -5.608571
v 6.392283 35.962017 -6.125535
v 6.572159 36.355614 -6.611977
v 6.856911 37.107338 -9.043127
v 6.918636 37.298817 -11.323918
v 6.873051 37.231564 -13.708629
v 6.720592 36.381058 -15.859703
v 6.504428 35.421642 -16.494745
v 6.489429 35.140266 -16.447987
v 6.776605 34.332253 -16.003635
v 9.985977 34.210686 -15.878523
v 10.038457 34.913609 -16.268015
v 10.043924 35.204685 -16.313068
v 10.034769 36.081059 -15.718723
v 10.148453 37.053947 -13.425857
v 10.203112 37.117958 -11.132008
v 10.066183 36.890625 -8.795665
v 9.773916 35.677216 -6.572500
v 9.694109 35.147755 -6.024166
v 9.833852 35.783894 -5.370333
v 10.359982 36.637894 -2.629549
v 10.695586 36.751507 0.000000
v 10.359982 36.637894 2.629549
v 9.833852 35.783894 5.370333
v 9.694109 35.147755 6.024166
v 9.773916 35.677216 6.572500
v 10.066183 36.890625 8.795665
v 10.203112 37.117958 11.132008
v 10.148453 37.053947 13.425857
v 10.034769 36.081059 15.718723
v 10.043924 35.204685 16.313068
v 10.038457 34.913609 16.268015
v 9.985977 34.210686 15.878523
v -18.808842 71.354034 6.759453
v -18.808842 71.354034 -6.759453
v -18.908960 71.384956 6.058260
v -18.908960 71.384956 -6.058260
v -18.876949 71.427551 5.387893
v -18.876949 71.427551 -5.387893
v -18.690855 71.352219 2.480739
v -18.690855 71.352219 -2.480739
v -18.619768 71.281906 0.000000
v -19.031427 70.390854 14.939651
v -19.016226 70.220589 15.164453
v -19.016226 70.220589 -15.164453
v -19.031427 70.390854 -14.939651
v -18.975422 69.769409 15.260190
v -18.975422 69.769409 -15.260190
v -18.879080 68.903282 15.411344
v -18.879080 68.903282 -15.411344
v -19.042677 70.687675 13.808856
v -19.042677 70.687675 -13.808856
v -19.003889 70.741669 11.296030
v -19.003889 70.741669 -11.296030
v -19.029619 70.767075 9.070349
v -19.029619 70.767075 -9.070349
v -19.074186 70.840233 6.752342
v -19.077295 70.917427 6.070315
v -19.077295 70.917427 -6.070315
v -19.074186 70.840233 -6.752342
v -19.071028 70.940453 5.335653
v -19.071028 70.940453 -5.335653
v -19.025465 70.921638 2.466999
v -19.025465 70.921638 -2.466999
v -18.987394 70.887520 0.000000
v -18.745392 67.781944 15.440124
v -18.745392 67.781944 -15.440124
v -18.452618 65.034386 15.397022
v -18.452618 65.034386 -15.397022
v -18.311588 62.550549 15.453172
v -18.311588 62.550549 -15.453172
v -18.253971 59.048973 15.397630
v -18.253971 59.048973 -15.397630
v -17.988468 56.592087 15.393693
v -17.988468 56.592087 -15.393693
v -17.775108 55.146687 15.357458
v -17.775108 55.146687 -15.357458
v -17.465000 52.649059 15.338061
v -17.465000 52.649059 -15.338061
v -17.409943 50.122810 15.383747
v -17.409943 50.122810 -15.383747
v -17.425785 48.685871 15.438039
v -17.425785 48.685871 -15.438039
v -17.370050 46.316246 15.490334
v -17.370050 46.316246 -15.490334
v -17.042900 43.155109 15.417430
v -17.042900 43.155109 -15.417430
v -16.876585 41.164433 15.370287
v -16.876585 41.164433 -15.370287
v -16.772600 39.194836 15.413837
v -16.772600 39.194836 -15.413837
v -16.683241 37.359386 15.479304
v -16.683241 37.359386 -15.479304
v -16.498423 35.676350 15.461618
v -16.498423 35.676350 -15.461618
v -15.494580 35.206722 16.034033
v -15.494580 35.206722 -16.034033
v -15.308209 34.728001 15.955343
v -14.861098 34.377453 15.966735
v -14.861098 34.377453 -15.966735
v -15.308209 34.728001 -15.955343
v -14.466714 34.136875 15.991699
v -13.915038 34.023609 16.051128
v -13.915038 34.023609 -16.051128
v -14.466714 34.136875 -15.991699
v -16.273838 34.965973 15.443317
v -16.273838 34.965973 -15.443317
v -15.834130 34.330582 15.435478
v -15.834130 34.330582 -15.435478
v -15.311642 33.831829 15.435841
v -15.311642 33.831829 -15.435841
v -14.754758 33.450367 15.343876
v -14.754758 33.450367 -15.343876
v -14.144148 33.204906 15.390830
v -14.144148 33.204906 -15.390830
v -13.350527 33.117844 15.384290
v -13.350527 33.117844 -15.384290
v -11.157316 33.246998 15.418919
v -11.157316 33.246998 -15.418919
v -8.732529 33.497990 15.439442
v -8.732529 33.497990 -15.439442
v -6.720050 33.673763 15.431442
v -6.720050 33.673763 -15.431442
v -4.561030 33.821308 15.436913
v -4.561030 33.821308 -15.436913
v -2.056511 34.011150 15.472414
v -2.056511 34.011150 -15.472414
v -0.533372 34.110836 15.412576
v -0.533372 34.110836 -15.412576
v 2.306745 34.150570 15.416136
v 2.306745 34.150570 -15.416136
v 4.912312 33.954700 15.428697
v 4.912312 33.954700 -15.428697
v 6.671877 33.782146 15.448747
v 6.671877 33.782146 -15.448747
v 8.415958 33.697346 15.474215
v 8.415958 33.697346 -15.474215
v 9.909591 33.665974 15.472599
v 9.909591 33.665974 -15.472599
v 11.239124 33.614601 15.446095
v 11.239124 33.614601 -15.446095
v 12.519828 33.535816 15.435873
v 12.519828 33.535816 -15.435873
v 13.971353 33.397858 15.314469
v 13.971353 33.397858 -15.314469
v 14.686733 33.332172 15.115544
v 14.686733 33.332172 -15.115544
v 14.898614 33.320274 14.976025
v 14.898614 33.320274 -14.976025
v 15.018715 33.318783 14.827344
v 15.018715 33.318783 -14.827344
v 15.090535 33.323330 14.625681
v 15.090535 33.323330 -14.625681
v 15.216953 33.418945 13.048123
v 15.216953 33.418945 -13.048123
v 15.359100 33.483601 11.069621
v 15.359100 33.483601 -11.069621
v 15.520089 33.419415 9.290986
v 15.520089 33.419415 -9.290986
v 15.639668 33.328136 7.152083
v 15.639668 33.328136 -7.152083
v 15.744288 33.308830 5.977259
v 15.744288 33.308830 -5.977259
v 15.759495 33.295567 4.991663
v 15.759495 33.295567 -4.991663
v 15.755483 33.477581 2.453658
v 15.755483 33.477581 -2.453658
v 15.761779 33.576408 0.000000
v -19.250046 70.190315 14.950913
v -19.215395 69.640831 15.083467
v -19.215395 69.640831 -15.083467
v -19.250046 70.190315 -14.950913
v -19.283892 70.449211 14.706561
v -19.283892 70.449211 -14.706561
v -19.300312 70.616371 13.800897
v -19.300312 70.616371 -13.800897
v -19.308636 70.692833 11.285352
v -19.308636 70.692833 -11.285352
v -19.316889 70.725296 8.969439
v -19.316889 70.725296 -8.969439
v -19.329773 70.895935 5.928246
v -19.329773 70.895935 -5.928246
v -19.331835 70.956902 2.408728
v -19.331835 70.956902 -2.408728
v -19.323597 70.981750 0.000000
v -19.147476 68.766464 15.182029
v -19.147476 68.766464 -15.182029
v -19.072113 67.636703 15.217651
v -19.072113 67.636703 -15.217651
v -18.906315 64.953239 15.193972
v -18.906315 64.953239 -15.193972
v -19.293547 70.545258 14.438766
v -19.036976 70.485764 14.593330
v -18.668598 71.122108 14.999668
v -18.017818 71.449203 15.097683
v -17.381914 71.489197 15.125135
v -16.941931 71.185478 15.253000
v -16.576891 69.776794 15.310152
v -16.369473 68.382156 15.287658
v -16.077520 65.604729 15.234633
v -15.848787 62.821804 15.233985
v -16.129185 59.634979 15.342662
v -16.862427 59.083733 15.295518
v -16.372635 58.763607 15.300855
v -15.541211 57.423656 15.363970
v -15.144757 55.909279 15.221608
v -14.870910 53.065586 15.248235
v -14.608904 50.251751 15.340483
v -14.550594 48.825111 15.370328
v -14.682063 47.367607 15.297806
v -15.580038 46.546192 15.536781
v -14.896235 46.079063 15.364941
v -14.114801 43.963585 15.241379
v -13.769236 41.844250 15.173793
v -13.420307 39.756760 15.120650
v -13.168284 38.713818 15.118542
v -13.084039 37.655216 15.056541
v -12.666934 37.223289 14.987259
v -10.785183 37.335709 15.039819
v -8.890054 37.247135 15.044706
v -6.994675 37.164028 15.058292
v -5.030965 36.743557 15.264212
v -4.496015 36.272381 15.173042
v -4.061556 36.891392 15.289378
v -2.342484 37.332905 15.283463
v -0.626218 37.490368 15.126848
v 2.333664 37.344730 15.137770
v 5.284418 37.021629 15.210156
v 6.799354 36.755085 15.244336
v 8.245494 36.192478 15.130124
v 8.661257 35.654049 14.937535
v 9.031786 36.189888 15.059031
v 10.051330 36.490753 15.056748
v 11.091837 36.548855 14.945277
v 12.829922 36.298149 14.958985
v 14.541629 35.923702 14.999901
v 16.210470 35.360073 14.810193
v 16.468618 34.724564 14.688889
v 16.454435 34.341713 14.719254
v 15.919008 33.753780 14.449721
v 15.130664 33.350136 14.141308
v -19.293547 70.545258 -14.438766
v -19.036976 70.485764 -14.593330
v -18.668598 71.122108 -14.999668
v -18.017818 71.449203 -15.097683
v -17.381914 71.489197 -15.125135
v -16.941931 71.185478 -15.253000
v -16.576891 69.776794 -15.310152
v -16.369473 68.382156 -15.287658
v -16.077520 65.604729 -15.234633
v -15.848787 62.821804 -15.233985
v -16.129185 59.634979 -15.342662
v -16.862427 59.083733 -15.295518
v -16.372635 58.763607 -15.300855
v -15.541211 57.423656 -15.363970
v -15.144757 55.909279 -15.221608
v -14.870910 53.065586 -15.248235
v -14.608904 50.251751 -15.340483
v -14.550594 48.825111 -15.370328
v -14.682063 47.367607 -15.297806
v -15.580038 46.546192 -15.536781
v -14.896235 46.079063 -15.364941
v -14.114801 43.963585 -15.241379
v -13.769236 41.844250 -15.173793
v -13.420307 39.756760 -15.120650
v -13.168284 38.713818 -15.118542
v -13.084039 37.655216 -15.056541
v -12.666934 37.223289 -14.987259
v -10.785183 37.335709 -15.039819
v -8.890054 37.247135 -15.044706
v -6.994675 37.164028 -15.058292
v -5.030965 36.743557 -15.264212
v -4.496015 36.272381 -15.173042
v -4.061556 36.891392 -15.289378
v -2.342484 37.332905 -15.283463
v -0.626218 37.490368 -15.126848
v 2.333664 37.344730 -15.137770
v 5.284418 37.021629 -15.210156
v 6.799354 36.755085 -15.244336
v 8.245494 36.192478 -15.130124
v 8.661257 35.654049 -14.937535
v 9.031786 36.189888 -15.059031
v 10.051330 36.490753 -15.056748
v 11.091837 36.548855 -14.945277
v 12.829922 36.298149 -14.958985
v 14.541629 35.923702 -14.999901
v 16.210470 35.360073 -14.810193
v 16.468618 34.724564 -14.688889
v 16.454435 34.341713 -14.719254
v 15.919008 33.753780 -14.449721
v 15.130664 33.350136 -14.141308
v -18.737213 62.457355 15.190020
v -18.737213 62.457355 -15.190020
v -18.500463 59.018890 15.191917
v -18.500463 59.018890 -15.191917
v -18.334494 56.568165 15.188059
v -18.334494 56.568165 -15.188059
v -18.204741 55.001801 15.229461
v -18.204741 55.001801 -15.229461
v -18.059351 52.691925 15.205233
v -18.059351 52.691925 -15.205233
v -17.875134 50.011829 15.205770
v -17.875134 50.011829 -15.205770
v -17.794075 48.628128 15.177603
v -17.794075 48.628128 -15.177603
v -17.602055 46.152367 15.219963
v -17.602055 46.152367 -15.219963
v -17.412518 43.092560 15.185119
v -17.412518 43.092560 -15.185119
v -17.269394 41.102909 15.191326
v -17.269394 41.102909 -15.191326
v -17.128130 39.215397 15.192637
v -17.128130 39.215397 -15.192637
v -16.972448 37.263531 15.181860
v -16.972448 37.263531 -15.181860
v -16.768082 35.584045 15.182515
v -16.768082 35.584045 -15.182515
v -16.559679 34.824001 15.206329
v -16.559679 34.824001 -15.206329
v -16.116772 34.136097 15.231536
v -16.116772 34.136097 -15.231536
v -15.579136 33.559841 15.215854
v -15.579136 33.559841 -15.215854
v -14.939570 33.126110 15.195251
v -14.939570 33.126110 -15.195251
v -14.238398 32.858089 15.177279
v -14.238398 32.858089 -15.177279
v -13.367289 32.790310 15.163015
v -13.367289 32.790310 -15.163015
v -11.087844 32.915630 15.156336
v -11.087844 32.915630 -15.156336
v -8.681063 33.115383 15.113604
v -8.681063 33.115383 -15.113604
v -6.688108 33.313061 15.138488
v -6.688108 33.313061 -15.138488
v -4.506655 33.515163 15.178760
v -4.506655 33.515163 -15.178760
v -2.049186 33.661705 15.185064
v -2.049186 33.661705 -15.185064
v -0.528121 33.713882 15.194467
v -0.528121 33.713882 -15.194467
v 2.358637 33.663803 15.183120
v 2.358637 33.663803 -15.183120
v 4.862396 33.534088 15.190620
v 4.862396 33.534088 -15.190620
v 6.599607 33.416374 15.186280
v 6.599607 33.416374 -15.186280
v 8.344991 33.309174 15.208669
v 8.344991 33.309174 -15.208669
v 9.838360 33.212372 15.224792
v 9.838360 33.212372 -15.224792
v 11.135631 33.119236 15.223710
v 11.135631 33.119236 -15.223710
v 12.455006 33.014885 15.200365
v 12.455006 33.014885 -15.200365
v 13.912217 32.927185 15.192723
v 13.912217 32.927185 -15.192723
v 14.601593 32.867336 15.022840
v 14.601593 32.867336 -15.022840
v 14.825204 32.858742 14.926330
v 14.825204 32.858742 -14.926330
v 14.958191 32.851746 14.752126
v 14.958191 32.851746 -14.752126
v 14.980363 32.846310 14.604592
v 14.980363 32.846310 -14.604592
v 15.071976 32.849560 14.116385
v 15.071976 32.849560 -14.116385
v 15.118122 32.841171 13.083019
v 15.118122 32.841171 -13.083019
v 15.270761 32.840630 11.111390
v 15.270761 32.840630 -11.111390
v 15.402082 32.838123 9.307774
v 15.402082 32.838123 -9.307774
v 15.645726 32.836384 5.958187
v 15.645726 32.836384 -5.958187
v 15.641058 32.831211 2.501475
v 15.641058 32.831211 -2.501475
v 15.666009 32.836880 0.000000
v -19.254519 69.185173 0.000000
v -19.156687 67.707802 0.000000
v -18.989540 65.181168 0.000000
v -18.808741 62.448360 0.000000
v -18.596748 59.261154 0.000000
v -18.395041 56.363350 0.000000
v -18.197556 53.527752 0.000000
v -18.001135 50.707436 0.000000
v -17.831842 48.276711 0.000000
v -17.682663 46.134865 0.000000
v -17.487431 43.331673 0.000000
v -17.332479 41.153324 0.000000
v -17.178539 39.115761 0.000000
v -17.025253 37.295013 0.000000
v -16.838583 35.708237 0.000000
v -16.687593 34.950726 0.000000
v -16.341084 34.252693 0.000000
v -15.793710 33.646793 0.000000
v -15.110874 33.142673 0.000000
v -14.370597 32.829597 0.000000
v -13.417677 32.749195 0.000000
v -11.214595 32.869625 0.000000
v -8.635565 33.097885 0.000000
v -6.691609 33.283268 0.000000
v -4.479419 33.474270 0.000000
v -2.168847 33.609928 0.000000
v -0.525012 33.661903 0.000000
v 2.377403 33.619152 0.000000
v 4.918110 33.484856 0.000000
v 6.900970 33.354904 0.000000
v 8.447662 33.253639 0.000000
v 10.186275 33.144539 0.000000
v 11.253396 33.078106 0.000000
v 12.532083 32.998554 0.000000
v 13.738782 32.923481 0.000000
v -17.093622 45.822540 15.806010
v -16.785942 43.255718 15.666814
v -16.601704 41.266579 15.611591
v -16.466846 39.241592 15.692501
v -16.367804 37.473434 15.816305
v -16.194670 35.804562 15.860924
v -15.945926 35.054092 15.831388
v -15.619710 34.486729 15.779408
v -15.128593 34.045349 15.793025
v -14.652178 33.709496 15.781968
v -14.052573 33.529995 15.829230
v -13.325444 33.435127 15.840616
v -11.163260 33.543221 15.788850
v -8.748298 33.813648 15.741063
v -6.752911 33.976116 15.734411
v -4.552284 34.094326 15.771752
v -2.085000 34.285770 15.746869
v -0.555597 34.402290 15.670838
v 2.300954 34.433578 15.640999
v 4.968757 34.200718 15.737738
v 6.718079 33.988777 15.801640
v 8.455196 33.879795 15.750419
v 9.947491 33.889088 15.739674
v 11.278763 33.825699 15.703910
v 12.535448 33.737823 15.689796
v 14.050561 33.545929 15.642945
v 15.014897 33.407207 15.487578
v 15.301785 33.380882 15.311428
v 15.442618 33.388332 15.097893
v 15.536345 33.415672 14.828647
v 15.583729 33.438019 14.293634
v 15.675143 33.503555 13.101562
v 15.833358 33.566025 11.082752
v 15.979142 33.524582 9.316567
v 16.088102 33.418015 7.173882
v 16.050180 33.347439 6.002286
v 16.186205 33.400570 5.030884
v 16.238417 33.580753 2.480230
v 16.246748 33.673382 0.000000
v 16.238417 33.580753 -2.480230
v 16.186205 33.400570 -5.030884
v 16.050180 33.347439 -6.002286
v 16.088102 33.418015 -7.173882
v 15.979142 33.524582 -9.316567
v 15.833358 33.566025 -11.082752
v 15.675143 33.503555 -13.101562
v 15.583729 33.438019 -14.293634
v 15.536345 33.415672 -14.828647
v 15.442618 33.388332 -15.097893
v 15.301785 33.380882 -15.311428
v 15.014897 33.407207 -15.487578
v 14.050561 33.545929 -15.642945
v 12.535448 33.737823 -15.689796
v 11.278763 33.825699 -15.703910
v 9.947491 33.889088 -15.739674
v 8.455196 33.879795 -15.750419
v 6.718079 33.988777 -15.801640
v 4.968757 34.200718 -15.737738
v 2.300954 34.433578 -15.640999
v -0.555597 34.402290 -15.670838
v -2.085000 34.285770 -15.746869
v -4.552284 34.094326 -15.771752
v -6.752911 33.976116 -15.734411
v -8.748298 33.813648 -15.741063
v -11.163260 33.543221 -15.788850
v -13.325444 33.435127 -15.840616
v -14.052573 33.529995 -15.829230
v -14.652178 33.709496 -15.781968
v -15.128593 34.045349 -15.793025
v -15.619710 34.486729 -15.779408
v -15.945926 35.054092 -15.831388
v -16.194670 35.804562 -15.860924
v -16.367804 37.473434 -15.816305
v -16.466846 39.241592 -15.692501
v -16.601704 41.266579 -15.611591
v -16.785942 43.255718 -15.666814
v -17.093622 45.822540 -15.806010
v -18.092003 58.708118 -15.775245
v -17.816002 56.693447 -15.733582
v -17.572279 55.228100 -15.627611
v -17.252836 52.692810 -15.516695
v -17.201588 50.158089 -15.611492
v -17.212301 48.743820 -15.737469
v -17.193441 46.863277 -15.828798
v -18.092003 58.708118 15.775245
v -17.816002 56.693447 15.733582
v -17.572279 55.228100 15.627611
v -17.252836 52.692810 15.516695
v -17.201588 50.158089 15.611492
v -17.212301 48.743820 15.737469
v -17.193441 46.863277 15.828798
v -17.146633 46.330177 -15.821610
v -17.146633 46.330177 15.821610
v -18.115320 59.476936 15.773183
v -18.104408 62.553402 15.691307
v -18.275869 65.071030 15.620816
v -18.571224 67.851028 15.743208
v -18.715548 69.004486 15.770177
v -18.868265 70.066711 15.652399
v -18.888187 70.497551 15.549689
v -18.945202 70.726570 15.328433
v -18.999777 70.888840 14.822968
v -18.930580 71.002266 13.715832
v -18.906242 71.024536 11.287110
v -18.965784 71.056702 9.132669
v -19.026836 71.139671 6.762557
v -19.061646 71.179337 6.067635
v -19.045042 71.217827 5.359727
v -18.923088 71.182846 2.470943
v -18.861429 71.133995 0.000000
v -18.923088 71.182846 -2.470943
v -19.045042 71.217827 -5.359727
v -19.061646 71.179337 -6.067635
v -19.026836 71.139671 -6.762557
v -18.965784 71.056702 -9.132669
v -18.906242 71.024536 -11.287110
v -18.930580 71.002266 -13.715832
v -18.999777 70.888840 -14.822968
v -18.945202 70.726570 -15.328433
v -18.888187 70.497551 -15.549689
v -18.868265 70.066711 -15.652399
v -18.715548 69.004486 -15.770177
v -18.571224 67.851028 -15.743208
v -18.275869 65.071030 -15.620816
v -18.104408 62.553402 -15.691307
v -18.115320 59.476936 -15.773183
vt 0.128481 0.438176
vt 0.129210 0.414447
vt 0.158232 0.415039
vt 0.158064 0.439319
vt 0.217463 0.657178
vt 0.186032 0.656981
vt 0.186422 0.632589
vt 0.220271 0.631650
vt 0.114992 0.512267
vt 0.113763 0.486299
vt 0.128169 0.486280
vt 0.129532 0.512267
vt 0.112985 0.564076
vt 0.113763 0.538234
vt 0.128169 0.538253
vt 0.126869 0.563970
vt 0.336483 0.416705
vt 0.338455 0.441210
vt 0.323185 0.441914
vt 0.321690 0.417537
vt 0.263916 0.655040
vt 0.263018 0.630360
vt 0.292240 0.630666
vt 0.292139 0.655350
vt 0.257609 0.512267
vt 0.255301 0.486053
vt 0.269293 0.485835
vt 0.271600 0.512267
vt 0.253094 0.564893
vt 0.255301 0.538481
vt 0.269293 0.538699
vt 0.267041 0.565041
vt 0.434434 0.349819
vt 0.445273 0.350169
vt 0.445533 0.365839
vt 0.434613 0.366201
vt 0.391259 0.632872
vt 0.390681 0.608870
vt 0.412854 0.610805
vt 0.413112 0.633593
vt 0.372238 0.485836
vt 0.390816 0.485901
vt 0.394113 0.512267
vt 0.375049 0.512267
vt 0.372238 0.538698
vt 0.390816 0.538632
vt 0.388069 0.565118
vt 0.368807 0.566220
vt 0.496016 0.555551
vt 0.519210 0.560284
vt 0.523867 0.588686
vt 0.504400 0.588906
vt 0.527594 0.614077
vt 0.523867 0.639468
vt 0.504400 0.639248
vt 0.509195 0.614077
vt 0.558620 0.455430
vt 0.579007 0.454014
vt 0.579489 0.470468
vt 0.557500 0.471832
vt 0.519037 0.734418
vt 0.518643 0.711487
vt 0.538035 0.710513
vt 0.538353 0.733493
vt 0.614623 0.614077
vt 0.612287 0.587108
vt 0.629722 0.587159
vt 0.632845 0.614077
vt 0.608315 0.669838
vt 0.612287 0.641046
vt 0.629723 0.640996
vt 0.626407 0.667771
vt 0.613341 0.471901
vt 0.611808 0.454398
vt 0.629009 0.455520
vt 0.628998 0.471942
vt 0.686655 0.710320
vt 0.686705 0.733585
vt 0.657700 0.733014
vt 0.656882 0.709520
vt 0.771047 0.456606
vt 0.788517 0.456030
vt 0.788948 0.471461
vt 0.771337 0.472417
vt 0.744930 0.732692
vt 0.743679 0.709917
vt 0.752001 0.710385
vt 0.752969 0.732762
vt 0.749387 0.614077
vt 0.746310 0.588018
vt 0.755965 0.587836
vt 0.759000 0.614077
vt 0.741712 0.668616
vt 0.746310 0.640136
vt 0.755966 0.640318
vt 0.753120 0.666630
vt 0.320506 0.350701
vt 0.334658 0.350880
vt 0.333938 0.368040
vt 0.320091 0.368224
vt 0.262301 0.605620
vt 0.292220 0.606413
vt 0.434600 0.435684
vt 0.434911 0.412922
vt 0.446104 0.412516
vt 0.445224 0.435133
vt 0.391713 0.657081
vt 0.413100 0.657250
vt 0.130514 0.348476
vt 0.158687 0.349226
vt 0.158320 0.366677
vt 0.130217 0.365593
vt 0.187409 0.608318
vt 0.218601 0.608004
vt 0.557258 0.543447
vt 0.557295 0.519273
vt 0.579892 0.520649
vt 0.576589 0.543597
vt 0.519808 0.757666
vt 0.538801 0.756767
vt 0.607530 0.544814
vt 0.610648 0.519279
vt 0.626630 0.519053
vt 0.625408 0.542637
vt 0.687418 0.757115
vt 0.658232 0.756441
vt 0.771131 0.538594
vt 0.771189 0.516510
vt 0.789536 0.515902
vt 0.789748 0.537924
vt 0.744813 0.754924
vt 0.753713 0.755155
vt 0.793678 0.587284
vt 0.795386 0.614077
vt 0.777117 0.614077
vt 0.774885 0.587739
vt 0.772751 0.666855
vt 0.774885 0.640415
vt 0.793678 0.640870
vt 0.792015 0.667778
vt 0.751983 0.540399
vt 0.752001 0.517769
vt 0.753604 0.457338
vt 0.753712 0.472999
vt 0.789310 0.734341
vt 0.789536 0.712251
vt 0.808030 0.713002
vt 0.807426 0.735063
vt 0.806848 0.757396
vt 0.788948 0.756693
vt 0.688406 0.454697
vt 0.703734 0.454659
vt 0.703084 0.470573
vt 0.687418 0.471039
vt 0.686810 0.541306
vt 0.686655 0.517834
vt 0.703891 0.517333
vt 0.702824 0.543244
vt 0.628998 0.756212
vt 0.628153 0.732695
vt 0.626630 0.709101
vt 0.689442 0.586244
vt 0.692188 0.614077
vt 0.662517 0.614077
vt 0.659621 0.586717
vt 0.656480 0.668570
vt 0.659621 0.641437
vt 0.689442 0.641910
vt 0.686535 0.669723
vt 0.559543 0.558613
vt 0.562108 0.587181
vt 0.542960 0.588129
vt 0.541234 0.558810
vt 0.564421 0.614077
vt 0.562108 0.640973
vt 0.542960 0.640025
vt 0.545957 0.614077
vt 0.498877 0.515920
vt 0.518643 0.516667
vt 0.519087 0.539003
vt 0.499773 0.538398
vt 0.501218 0.454185
vt 0.520217 0.454435
vt 0.519808 0.470489
vt 0.500545 0.469923
vt 0.557295 0.708881
vt 0.557077 0.732596
vt 0.557500 0.756322
vt 0.370702 0.416678
vt 0.390681 0.415663
vt 0.390738 0.439781
vt 0.369097 0.440567
vt 0.368826 0.350236
vt 0.391384 0.350654
vt 0.391713 0.367452
vt 0.372395 0.365951
vt 0.434911 0.611611
vt 0.435032 0.634756
vt 0.434613 0.658333
vt 0.433527 0.485387
vt 0.436105 0.512267
vt 0.415018 0.512267
vt 0.412195 0.486353
vt 0.409424 0.564911
vt 0.412195 0.538180
vt 0.433527 0.539146
vt 0.430453 0.565559
vt 0.325051 0.485209
vt 0.326848 0.512267
vt 0.299354 0.512267
vt 0.297231 0.485695
vt 0.295066 0.565362
vt 0.297231 0.538838
vt 0.325051 0.539324
vt 0.323160 0.566305
vt 0.244994 0.444300
vt 0.249039 0.419578
vt 0.262301 0.418913
vt 0.262244 0.443678
vt 0.248625 0.351091
vt 0.264054 0.352201
vt 0.263916 0.369493
vt 0.251358 0.368602
vt 0.321690 0.606996
vt 0.320600 0.631401
vt 0.320091 0.656309
vt 0.186659 0.350651
vt 0.186032 0.367552
vt 0.187409 0.416215
vt 0.188288 0.440675
vt 0.116062 0.659123
vt 0.115210 0.634445
vt 0.129699 0.634258
vt 0.130217 0.658940
vt 0.114599 0.610291
vt 0.129210 0.610086
vt 0.185309 0.485525
vt 0.186666 0.512267
vt 0.158231 0.512267
vt 0.156779 0.486110
vt 0.155127 0.564701
vt 0.156779 0.538424
vt 0.185309 0.539009
vt 0.183779 0.565746
vt 0.126869 0.460564
vt 0.112985 0.460458
vt 0.183780 0.458787
vt 0.155127 0.459833
vt 0.158209 0.391014
vt 0.129699 0.390275
vt 0.186422 0.391945
vt 0.113895 0.586661
vt 0.128481 0.586358
vt 0.188288 0.583858
vt 0.216757 0.580832
vt 0.187076 0.681475
vt 0.186659 0.673883
vt 0.218366 0.673168
vt 0.218468 0.680237
vt 0.116524 0.683785
vt 0.116348 0.676096
vt 0.130514 0.676057
vt 0.130616 0.683733
vt 0.334812 0.392718
vt 0.320600 0.393133
vt 0.250470 0.394056
vt 0.263018 0.394173
vt 0.292408 0.681577
vt 0.292335 0.673315
vt 0.320506 0.673832
vt 0.320773 0.681841
vt 0.264020 0.680101
vt 0.264054 0.672333
vt 0.262244 0.580856
vt 0.292660 0.581973
vt 0.323185 0.582619
vt 0.267041 0.459492
vt 0.253094 0.459640
vt 0.323160 0.458228
vt 0.295066 0.459171
vt 0.388069 0.459416
vt 0.368808 0.458314
vt 0.430453 0.458975
vt 0.409424 0.459622
vt 0.435032 0.389777
vt 0.446219 0.389265
vt 0.391259 0.391661
vt 0.372247 0.392332
vt 0.412942 0.682761
vt 0.413026 0.674811
vt 0.434434 0.674714
vt 0.434306 0.682102
vt 0.391244 0.681493
vt 0.391384 0.673880
vt 0.412814 0.587455
vt 0.390738 0.584753
vt 0.434600 0.588850
vt 0.557077 0.495558
vt 0.580497 0.494731
vt 0.519037 0.493737
vt 0.499464 0.492880
vt 0.539833 0.781039
vt 0.539460 0.773543
vt 0.558621 0.772724
vt 0.559035 0.780180
vt 0.520721 0.781047
vt 0.520218 0.773719
vt 0.537917 0.687219
vt 0.519087 0.689151
vt 0.557259 0.684707
vt 0.612386 0.495765
vt 0.628152 0.495459
vt 0.703766 0.494406
vt 0.686705 0.494569
vt 0.656108 0.686405
vt 0.625408 0.685517
vt 0.686810 0.686848
vt 0.658666 0.773134
vt 0.688406 0.773457
vt 0.688927 0.780755
vt 0.658885 0.780691
vt 0.628963 0.780047
vt 0.629009 0.772634
vt 0.626407 0.560383
vt 0.608315 0.558316
vt 0.686535 0.558431
vt 0.656480 0.559584
vt 0.559543 0.669541
vt 0.541234 0.669344
vt 0.519210 0.667871
vt 0.496016 0.672603
vt 0.753120 0.561524
vt 0.741712 0.559538
vt 0.792015 0.560376
vt 0.772750 0.561299
vt 0.752969 0.495392
vt 0.771373 0.494593
vt 0.789310 0.493813
vt 0.751984 0.687755
vt 0.740893 0.685098
vt 0.808103 0.691445
vt 0.789749 0.690230
vt 0.788356 0.779045
vt 0.788517 0.772124
vt 0.806188 0.770793
vt 0.805585 0.776546
vt 0.742554 0.779202
vt 0.743221 0.771637
vt 0.753604 0.770816
vt 0.753486 0.777918
vt 0.213867 0.485540
vt 0.212252 0.458873
vt 0.215245 0.512267
vt 0.213867 0.538993
vt 0.212252 0.565661
vt 0.113895 0.437873
vt 0.114599 0.414242
vt 0.115210 0.390088
vt 0.116062 0.365410
vt 0.116348 0.348437
vt 0.158064 0.585214
vt 0.158232 0.609495
vt 0.158209 0.633520
vt 0.158320 0.657857
vt 0.158687 0.675307
vt 0.158867 0.683170
vt 0.217463 0.367355
vt 0.218366 0.351365
vt 0.220271 0.392883
vt 0.218601 0.416530
vt 0.216757 0.443701
vt 0.337235 0.457759
vt 0.338971 0.485170
vt 0.340599 0.512267
vt 0.338971 0.539363
vt 0.337235 0.566775
vt 0.292660 0.442560
vt 0.292220 0.418121
vt 0.292240 0.393867
vt 0.292139 0.369184
vt 0.292335 0.351218
vt 0.338455 0.583323
vt 0.336483 0.607828
vt 0.334812 0.631816
vt 0.333938 0.656493
vt 0.334657 0.673653
vt 0.335187 0.681368
vt 0.247327 0.681287
vt 0.248625 0.673442
vt 0.251358 0.655932
vt 0.250470 0.630478
vt 0.249039 0.604956
vt 0.244994 0.580233
vt 0.440840 0.458539
vt 0.444270 0.484984
vt 0.446946 0.512267
vt 0.444270 0.539549
vt 0.440840 0.565995
vt 0.412814 0.437078
vt 0.412854 0.413729
vt 0.413112 0.390941
vt 0.413100 0.367284
vt 0.413026 0.349723
vt 0.445224 0.589401
vt 0.446104 0.612017
vt 0.446218 0.635268
vt 0.445533 0.658694
vt 0.445273 0.674365
vt 0.445001 0.681428
vt 0.368826 0.674297
vt 0.367508 0.681122
vt 0.372246 0.632201
vt 0.372395 0.658582
vt 0.370702 0.607855
vt 0.369097 0.583966
vt 0.702755 0.556490
vt 0.705533 0.584685
vt 0.707963 0.614077
vt 0.705533 0.643469
vt 0.702755 0.671664
vt 0.656108 0.541749
vt 0.656882 0.518634
vt 0.657700 0.495140
vt 0.658231 0.471713
vt 0.658666 0.455020
vt 0.702824 0.684910
vt 0.703891 0.710821
vt 0.703767 0.733748
vt 0.703084 0.757581
vt 0.703734 0.773495
vt 0.703945 0.780574
vt 0.611239 0.781814
vt 0.611808 0.773756
vt 0.613341 0.756253
vt 0.612387 0.732389
vt 0.610648 0.708875
vt 0.607530 0.683340
vt 0.579935 0.585517
vt 0.578288 0.557325
vt 0.582877 0.614077
vt 0.579935 0.642637
vt 0.578288 0.670829
vt 0.537917 0.540936
vt 0.538035 0.517641
vt 0.538353 0.494662
vt 0.538801 0.471387
vt 0.539460 0.454611
vt 0.576590 0.684557
vt 0.579892 0.707505
vt 0.580497 0.733424
vt 0.579489 0.757686
vt 0.579007 0.774140
vt 0.577966 0.781407
vt 0.501218 0.773969
vt 0.501481 0.781085
vt 0.499465 0.735275
vt 0.500545 0.758231
vt 0.498877 0.712234
vt 0.499773 0.689757
vt 0.812583 0.586987
vt 0.811029 0.560167
vt 0.813658 0.614077
vt 0.812583 0.641167
vt 0.811029 0.667987
vt 0.771131 0.689560
vt 0.771190 0.711644
vt 0.771373 0.733561
vt 0.771337 0.755737
vt 0.771048 0.771548
vt 0.770891 0.778683
vt 0.740893 0.543056
vt 0.743679 0.518237
vt 0.744930 0.495462
vt 0.744813 0.473230
vt 0.743221 0.456517
vt 0.806188 0.457361
vt 0.806848 0.470757
vt 0.807426 0.493091
vt 0.808029 0.515152
vt 0.808102 0.536709
vt 0.239272 0.460556
vt 0.241246 0.486328
vt 0.227607 0.483943
vt 0.225275 0.453438
vt 0.241246 0.538206
vt 0.239272 0.563978
vt 0.225275 0.571095
vt 0.227607 0.540590
vt 0.228116 0.512267
vt 0.243563 0.512267
vt 0.225112 0.581237
vt 0.227114 0.604864
vt 0.227114 0.419669
vt 0.225112 0.443296
vt 0.228997 0.631372
vt 0.228630 0.657441
vt 0.228630 0.367093
vt 0.228997 0.393161
vt 0.227275 0.674142
vt 0.226362 0.681822
vt 0.227275 0.350391
vt 0.228170 0.580929
vt 0.235573 0.604577
vt 0.235573 0.419957
vt 0.228170 0.443605
vt 0.237862 0.630774
vt 0.237862 0.393760
vt 0.238790 0.656630
vt 0.238790 0.367903
vt 0.233058 0.673684
vt 0.230613 0.681282
vt 0.233058 0.350850
vt 0.224713 0.576784
vt 0.214200 0.575923
vt 0.214200 0.448610
vt 0.224713 0.447749
vt 0.111284 0.577838
vt 0.123620 0.577585
vt 0.123620 0.446949
vt 0.111284 0.446696
vt 0.153385 0.577419
vt 0.153385 0.447114
vt 0.186497 0.577007
vt 0.186497 0.447527
vt 0.246339 0.577108
vt 0.262248 0.576803
vt 0.246339 0.447426
vt 0.262248 0.447731
vt 0.231192 0.577049
vt 0.231192 0.447484
vt 0.293106 0.576849
vt 0.293106 0.447685
vt 0.323559 0.576707
vt 0.323559 0.447827
vt 0.339629 0.576915
vt 0.339629 0.447618
vt 0.363702 0.485770
vt 0.365004 0.512267
vt 0.354303 0.512267
vt 0.352960 0.485273
vt 0.363702 0.538763
vt 0.352960 0.539260
vt 0.351258 0.458349
vt 0.361199 0.457236
vt 0.351258 0.566184
vt 0.361199 0.567297
vt 0.361789 0.447204
vt 0.355016 0.447291
vt 0.361789 0.577329
vt 0.355016 0.577242
vt 0.353505 0.438895
vt 0.362271 0.437365
vt 0.362271 0.587168
vt 0.353505 0.585638
vt 0.367935 0.577008
vt 0.367935 0.447525
vt 0.349090 0.632506
vt 0.351419 0.609056
vt 0.362663 0.609013
vt 0.363201 0.633965
vt 0.351419 0.415477
vt 0.349090 0.392028
vt 0.363201 0.390568
vt 0.362664 0.415520
vt 0.349466 0.679696
vt 0.349102 0.672509
vt 0.360609 0.677088
vt 0.360110 0.684425
vt 0.347702 0.368113
vt 0.349102 0.352025
vt 0.360609 0.347445
vt 0.362098 0.363558
vt 0.347702 0.656421
vt 0.362098 0.660976
vt 0.388733 0.577424
vt 0.388733 0.447109
vt 0.409871 0.577702
vt 0.409871 0.446831
vt 0.432494 0.577838
vt 0.432494 0.446695
vt 0.442663 0.577998
vt 0.442663 0.446535
vt 0.451031 0.566068
vt 0.482117 0.678738
vt 0.452483 0.578066
vt 0.482117 0.549417
vt 0.486128 0.563810
vt 0.451031 0.458465
vt 0.452483 0.446467
vt 0.491191 0.691566
vt 0.455849 0.590236
vt 0.455849 0.434298
vt 0.497790 0.640120
vt 0.458077 0.512267
vt 0.455093 0.484576
vt 0.494450 0.678532
vt 0.494450 0.549622
vt 0.455093 0.539958
vt 0.515860 0.678483
vt 0.515860 0.549671
vt 0.536435 0.678314
vt 0.557574 0.678412
vt 0.557574 0.549742
vt 0.536435 0.549840
vt 0.579657 0.679341
vt 0.579657 0.548814
vt 0.605555 0.678214
vt 0.625799 0.677077
vt 0.625799 0.551077
vt 0.605555 0.549940
vt 0.583440 0.669915
vt 0.583213 0.679352
vt 0.590206 0.558092
vt 0.583440 0.558239
vt 0.583213 0.548802
vt 0.586804 0.548841
vt 0.584381 0.683572
vt 0.584380 0.544582
vt 0.589942 0.544614
vt 0.702605 0.678093
vt 0.685722 0.677855
vt 0.702605 0.550061
vt 0.685722 0.550299
vt 0.653782 0.677227
vt 0.653782 0.550927
vt 0.590207 0.670063
vt 0.586805 0.679313
vt 0.589942 0.683540
vt 0.586946 0.705952
vt 0.586946 0.522202
vt 0.594364 0.709015
vt 0.594364 0.519140
vt 0.587684 0.758955
vt 0.588707 0.734048
vt 0.596590 0.732176
vt 0.597611 0.756099
vt 0.588707 0.494106
vt 0.587683 0.469199
vt 0.597611 0.472055
vt 0.596590 0.495978
vt 0.594855 0.641020
vt 0.586560 0.642047
vt 0.594855 0.587134
vt 0.586559 0.586108
vt 0.588699 0.614077
vt 0.596429 0.614077
vt 0.586388 0.453975
vt 0.586388 0.774179
vt 0.585957 0.781353
vt 0.594140 0.454110
vt 0.594140 0.774044
vt 0.593339 0.782082
vt 0.719239 0.455284
vt 0.726169 0.456125
vt 0.727060 0.472428
vt 0.718776 0.470293
vt 0.719239 0.772870
vt 0.726169 0.772029
vt 0.725866 0.779749
vt 0.719125 0.779529
vt 0.732722 0.455968
vt 0.735744 0.473634
vt 0.732722 0.772186
vt 0.731612 0.779908
vt 0.727898 0.494822
vt 0.720740 0.493897
vt 0.727898 0.733332
vt 0.727060 0.755726
vt 0.718776 0.757861
vt 0.720740 0.734257
vt 0.736908 0.495582
vt 0.736908 0.732572
vt 0.735745 0.754520
vt 0.727420 0.517917
vt 0.735325 0.518663
vt 0.727420 0.710237
vt 0.735325 0.709491
vt 0.721402 0.516348
vt 0.721402 0.711806
vt 0.725255 0.550159
vt 0.718743 0.549673
vt 0.719032 0.543465
vt 0.725834 0.540550
vt 0.718743 0.678481
vt 0.725255 0.677995
vt 0.725834 0.687604
vt 0.719032 0.684688
vt 0.725190 0.556035
vt 0.719000 0.556089
vt 0.725190 0.672119
vt 0.719001 0.672065
vt 0.729576 0.544853
vt 0.728699 0.550829
vt 0.728700 0.677324
vt 0.729576 0.683301
vt 0.730106 0.558406
vt 0.730106 0.669748
vt 0.736581 0.588206
vt 0.728006 0.583065
vt 0.736581 0.639948
vt 0.728006 0.645089
vt 0.721748 0.583407
vt 0.721748 0.644747
vt 0.739863 0.614077
vt 0.729955 0.614077
vt 0.723638 0.614077
vt 0.739356 0.550626
vt 0.751131 0.550668
vt 0.751131 0.677486
vt 0.739356 0.677528
vt 0.771986 0.550772
vt 0.771986 0.677381
vt 0.791098 0.550304
vt 0.791098 0.677850
vt 0.808003 0.550143
vt 0.808004 0.678011
vt 0.493564 0.713933
vt 0.455172 0.412133
vt 0.455172 0.612401
vt 0.454699 0.635095
vt 0.454699 0.389439
vt 0.455919 0.674261
vt 0.495242 0.773965
vt 0.455589 0.680928
vt 0.455919 0.350273
vt 0.495242 0.454190
vt 0.454004 0.365276
vt 0.454004 0.659257
vt 0.484394 0.366732
vt 0.487461 0.362728
vt 0.489571 0.363788
vt 0.226452 0.340570
vt 0.230503 0.685018
vt 0.128020 0.312674
vt 0.494726 0.348568
vt 0.490128 0.347745
vt 0.491595 0.332366
vt 0.496497 0.331433
vt 0.164037 0.302763
vt 0.246955 0.685850
vt 0.491729 0.304815
vt 0.495819 0.304620
vt 0.190852 0.303443
vt 0.492252 0.277508
vt 0.497067 0.277293
vt 0.320487 0.686647
vt 0.492698 0.264140
vt 0.335547 0.337923
vt 0.232272 0.301059
vt 0.492960 0.250879
vt 0.489589 0.241097
vt 0.490922 0.240945
vt 0.497784 0.249722
vt 0.254526 0.308338
vt 0.245749 0.301476
vt 0.492102 0.232848
vt 0.495717 0.233764
vt 0.261707 0.303543
vt 0.493560 0.212416
vt 0.498431 0.212101
vt 0.283370 0.300829
vt 0.493441 0.191849
vt 0.498999 0.191442
vt 0.304028 0.300260
vt 0.494108 0.170860
vt 0.501038 0.170971
vt 0.433040 0.689136
vt 0.515571 0.135138
vt 0.465899 0.335313
vt 0.502578 0.133523
vt 0.512261 0.127762
vt 0.360333 0.283687
vt 0.357268 0.291906
vt 0.458148 0.333178
vt 0.498534 0.142138
vt 0.349532 0.294595
vt 0.495387 0.155725
vt 0.446310 0.334617
vt 0.337562 0.296050
vt 0.527793 0.120476
vt 0.530041 0.126489
vt 0.517753 0.793657
vt 0.520721 0.447107
vt 0.501481 0.447069
vt 0.455590 0.343605
vt 0.445001 0.343105
vt 0.434306 0.342431
vt 0.412942 0.341773
vt 0.391244 0.343040
vt 0.367508 0.343411
vt 0.360110 0.340109
vt 0.349466 0.344838
vt 0.335187 0.343165
vt 0.320773 0.342693
vt 0.292408 0.342957
vt 0.264021 0.344432
vt 0.247328 0.343246
vt 0.230613 0.343251
vt 0.226362 0.342711
vt 0.374995 0.271466
vt 0.367709 0.286998
vt 0.361948 0.296681
vt 0.353333 0.300724
vt 0.339747 0.303871
vt 0.324611 0.305151
vt 0.303622 0.305819
vt 0.283055 0.305700
vt 0.262623 0.307158
vt 0.254375 0.309670
vt 0.244592 0.306300
vt 0.231332 0.306563
vt 0.217963 0.307008
vt 0.190657 0.307528
vt 0.163105 0.307665
vt 0.147726 0.309133
vt 0.132743 0.311799
vt 0.128739 0.314866
vt 0.218468 0.344297
vt 0.488871 0.375589
vt 0.119883 0.310388
vt 0.491196 0.403937
vt 0.187076 0.343058
vt 0.091534 0.308065
vt 0.489990 0.430764
vt 0.158867 0.341363
vt 0.064707 0.309268
vt 0.130616 0.340800
vt 0.131767 0.335490
vt 0.037871 0.311126
vt 0.116524 0.340748
vt 0.486121 0.471633
vt 0.117124 0.689990
vt 0.102635 0.341356
vt 0.098728 0.341393
vt 0.481370 0.488774
vt 0.483623 0.485347
vt 0.003906 0.316980
vt 0.102635 0.683178
vt 0.103089 0.687553
vt 0.006696 0.317890
vt 0.486994 0.375689
vt 0.119782 0.312266
vt 0.486889 0.403334
vt 0.092138 0.312371
vt 0.485100 0.429750
vt 0.065721 0.314158
vt 0.483307 0.457680
vt 0.037791 0.315952
vt 0.481580 0.470563
vt 0.024908 0.317679
vt 0.478404 0.486901
vt 0.479540 0.483311
vt 0.012161 0.319719
vt 0.008570 0.320855
vt 0.096432 0.348927
vt 0.101871 0.348707
vt 0.101685 0.365378
vt 0.844368 0.030017
vt 0.096432 0.675606
vt 0.101871 0.675826
vt 0.820695 0.030920
vt 0.100600 0.389999
vt 0.095687 0.658900
vt 0.596626 0.030919
vt 0.100600 0.634534
vt 0.101685 0.659155
vt 0.797479 0.030034
vt 0.099902 0.414299
vt 0.619842 0.030034
vt 0.099902 0.610234
vt 0.777156 0.025775
vt 0.099572 0.437911
vt 0.640166 0.025774
vt 0.099572 0.586622
vt 0.768091 0.022598
vt 0.098709 0.446567
vt 0.649231 0.022598
vt 0.098709 0.577967
vt 0.760524 0.027361
vt 0.099296 0.460160
vt 0.656798 0.027361
vt 0.099296 0.564373
vt 0.099305 0.486089
vt 0.734031 0.030501
vt 0.099305 0.538444
vt 0.683291 0.030501
vt 0.708661 0.031706
vt 0.100318 0.512267
vt 0.551967 0.119609
vt 0.539833 0.447115
vt 0.375862 0.247291
vt 0.570448 0.115862
vt 0.559034 0.447974
vt 0.379609 0.228811
vt 0.593339 0.446073
vt 0.585957 0.446801
vt 0.591620 0.107459
vt 0.599856 0.108946
vt 0.592373 0.789082
vt 0.388011 0.207638
vt 0.577966 0.446747
vt 0.586507 0.111642
vt 0.383829 0.212751
vt 0.611238 0.446340
vt 0.615998 0.106084
vt 0.627626 0.436264
vt 0.628963 0.448107
vt 0.392887 0.167343
vt 0.609809 0.791697
vt 0.658885 0.447463
vt 0.660323 0.094969
vt 0.400501 0.138934
vt 0.688477 0.085887
vt 0.688927 0.447399
vt 0.689843 0.792500
vt 0.704086 0.436082
vt 0.703945 0.447580
vt 0.413920 0.098253
vt 0.719125 0.448625
vt 0.718072 0.437943
vt 0.719833 0.072708
vt 0.725865 0.448405
vt 0.419135 0.086019
vt 0.422761 0.079426
vt 0.726509 0.072733
vt 0.731612 0.448246
vt 0.732466 0.788110
vt 0.742554 0.448952
vt 0.734893 0.070373
vt 0.758637 0.437928
vt 0.753485 0.450235
vt 0.429501 0.049991
vt 0.742028 0.789648
vt 0.759050 0.062155
vt 0.770890 0.449470
vt 0.433314 0.040208
vt 0.774612 0.056974
vt 0.788356 0.449109
vt 0.787589 0.789788
vt 0.550672 0.115346
vt 0.380125 0.248588
vt 0.569785 0.111627
vt 0.383843 0.229473
vt 0.584813 0.108261
vt 0.387210 0.214445
vt 0.590993 0.105186
vt 0.599344 0.105484
vt 0.389987 0.199914
vt 0.390284 0.208266
vt 0.615310 0.102267
vt 0.631268 0.098878
vt 0.396592 0.167990
vt 0.393203 0.183948
vt 0.659717 0.091693
vt 0.403777 0.139540
vt 0.687813 0.083291
vt 0.412178 0.111445
vt 0.700251 0.078804
vt 0.416665 0.099006
vt 0.712600 0.074067
vt 0.719205 0.070461
vt 0.425008 0.080053
vt 0.421401 0.086658
vt 0.726149 0.069959
vt 0.425509 0.073109
vt 0.734139 0.067533
vt 0.747677 0.063221
vt 0.432248 0.051582
vt 0.427936 0.065119
vt 0.758302 0.059369
vt 0.436099 0.040957
vt 0.773791 0.054141
vt 0.441328 0.025467
vt 0.311487 0.210821
vt 0.814159 0.469507
vt 0.015870 0.210821
vt 0.812069 0.776681
vt 0.278583 0.204983
vt 0.048774 0.204983
vt 0.027260 0.208394
vt 0.257222 0.202787
vt 0.070135 0.202787
vt 0.236269 0.203869
vt 0.091088 0.203869
vt 0.224269 0.208531
vt 0.103088 0.208531
vt 0.216693 0.204237
vt 0.110664 0.204237
vt 0.189690 0.200258
vt 0.137667 0.200258
vt 0.163678 0.199289
vt 0.311367 0.214651
vt 0.299551 0.212234
vt 0.015990 0.214650
vt 0.010799 0.215768
vt 0.278062 0.208913
vt 0.049295 0.208913
vt 0.027806 0.212234
vt 0.257276 0.206933
vt 0.070081 0.206933
vt 0.236337 0.206877
vt 0.091020 0.206877
vt 0.224106 0.210276
vt 0.103250 0.210276
vt 0.216248 0.206772
vt 0.111109 0.206772
vt 0.189791 0.203568
vt 0.137566 0.203568
vt 0.163678 0.202747
vt 0.805044 0.447402
vt 0.810047 0.445721
vt 0.316584 0.211989
vt 0.805585 0.451608
vt 0.005577 0.213745
vt 0.805044 0.780752
vt 0.320992 0.217171
vt 0.316558 0.215768
vt 0.451527 0.006104
vt 0.802990 0.445976
vt 0.807113 0.442350
vt 0.446420 0.007041
vt 0.802990 0.782178
vt 0.790103 0.046598
vt 0.448871 0.009155
vt 0.802420 0.439592
vt 0.444229 0.011713
vt 0.786054 0.048750
vt 0.446718 0.013203
vt 0.473378 0.483321
vt 0.473597 0.479600
vt 0.475355 0.467380
vt 0.475848 0.455578
vt 0.476987 0.427281
vt 0.478929 0.401707
vt 0.479801 0.375045
vt 0.477813 0.366625
vt 0.480054 0.360164
vt 0.480976 0.344236
vt 0.481559 0.329128
vt 0.482255 0.303090
vt 0.482109 0.277574
vt 0.482498 0.263579
vt 0.482539 0.249682
vt 0.481898 0.240015
vt 0.482566 0.229118
vt 0.482566 0.209151
vt 0.482622 0.189134
vt 0.483017 0.168206
vt 0.483503 0.151179
vt 0.504822 0.111165
vt 0.525250 0.106451
vt 0.549137 0.102989
vt 0.568731 0.099834
vt 0.590839 0.096062
vt 0.614720 0.091614
vt 0.629877 0.088788
vt 0.657869 0.082135
vt 0.684290 0.074566
vt 0.700929 0.069209
vt 0.717186 0.063367
vt 0.731668 0.059889
vt 0.744390 0.055778
vt 0.756174 0.051978
vt 0.771129 0.046767
vt 0.782215 0.042526
vt 0.785215 0.040554
vt 0.786694 0.038322
vt 0.313768 0.223273
vt 0.308111 0.222371
vt 0.295332 0.220302
vt 0.274809 0.217075
vt 0.257224 0.215275
vt 0.235668 0.213871
vt 0.223945 0.215788
vt 0.214482 0.213033
vt 0.188883 0.210645
vt 0.163678 0.209936
vt 0.138474 0.210645
vt 0.112875 0.213033
vt 0.103412 0.215788
vt 0.091688 0.213870
vt 0.070133 0.215274
vt 0.052548 0.217075
vt 0.032025 0.220302
vt 0.019246 0.222371
vt 0.013589 0.223272
vt 0.010584 0.224409
vt 0.454914 0.014041
vt 0.452942 0.017043
vt 0.448701 0.028129
vt 0.443491 0.043084
vt 0.439691 0.054867
vt 0.435580 0.067589
vt 0.432102 0.082071
vt 0.426260 0.098330
vt 0.420903 0.114967
vt 0.413334 0.141390
vt 0.406683 0.169381
vt 0.403857 0.184538
vt 0.399409 0.208420
vt 0.395637 0.230528
vt 0.392482 0.250122
vt 0.389020 0.274010
vt 0.384307 0.294436
vt 0.344293 0.315756
vt 0.327266 0.316243
vt 0.306338 0.316637
vt 0.286321 0.316694
vt 0.266353 0.316694
vt 0.255457 0.317361
vt 0.245790 0.316721
vt 0.231893 0.316761
vt 0.217897 0.317150
vt 0.192381 0.317006
vt 0.166345 0.317701
vt 0.151236 0.318283
vt 0.135308 0.319206
vt 0.128847 0.321447
vt 0.120426 0.319460
vt 0.093763 0.320332
vt 0.068189 0.322272
vt 0.039893 0.323411
vt 0.028092 0.323904
vt 0.015871 0.325660
vt 0.012150 0.325882
vt 0.866252 0.020791
vt 0.551069 0.020788
vt 0.864777 0.014474
vt 0.009590 0.327409
vt 0.844676 0.023380
vt 0.859625 0.021682
vt 0.557697 0.021679
vt 0.844726 0.015304
vt 0.858494 0.014523
vt 0.558827 0.014520
vt 0.821426 0.023691
vt 0.572645 0.023378
vt 0.595895 0.023690
vt 0.799120 0.022868
vt 0.618202 0.022867
vt 0.768942 0.018263
vt 0.779156 0.021762
vt 0.638166 0.021762
vt 0.648380 0.018263
vt 0.759621 0.021537
vt 0.657700 0.021537
vt 0.733389 0.023140
vt 0.683933 0.023140
vt 0.708661 0.023062
vt 0.821348 0.015770
vt 0.572595 0.015302
vt 0.595974 0.015769
vt 0.800467 0.015848
vt 0.616855 0.015847
vt 0.484125 0.134941
vt 0.360531 0.315135
vt 0.776148 0.016369
vt 0.641173 0.016369
vt 0.769118 0.015603
vt 0.648204 0.015603
vt 0.762542 0.016212
vt 0.654779 0.016211
vt 0.733499 0.017433
vt 0.683823 0.017433
vt 0.708661 0.017807
vt 0.464556 0.478560
vt 0.468845 0.481114
vt 0.861950 0.009837
vt 0.462607 0.480659
vt 0.011856 0.332359
vt 0.014358 0.330413
vt 0.016911 0.334704
vt 0.014812 0.336652
vt 0.465583 0.473907
vt 0.469593 0.476845
vt 0.018626 0.329666
vt 0.021564 0.333677
vt 0.467510 0.465181
vt 0.471395 0.466310
vt 0.030290 0.331749
vt 0.029161 0.327864
vt 0.846562 0.008439
vt 0.854574 0.006565
vt 0.856697 0.010588
vt 0.845676 0.011802
vt 0.562748 0.006563
vt 0.560625 0.010586
vt 0.821403 0.012746
vt 0.821448 0.009758
vt 0.595919 0.012745
vt 0.571646 0.011799
vt 0.570760 0.008437
vt 0.595874 0.009757
vt 0.799864 0.012912
vt 0.799263 0.009949
vt 0.617457 0.012911
vt 0.618059 0.009948
vt 0.769316 0.010510
vt 0.776145 0.010274
vt 0.776172 0.013302
vt 0.769231 0.013096
vt 0.641176 0.010273
vt 0.648006 0.010510
vt 0.648091 0.013096
vt 0.641149 0.013302
vt 0.761911 0.010752
vt 0.762225 0.013530
vt 0.655411 0.010752
vt 0.655096 0.013530
vt 0.733377 0.014564
vt 0.733251 0.011767
vt 0.683945 0.014564
vt 0.684071 0.011767
vt 0.708661 0.012213
vt 0.708661 0.014977
vt 0.472400 0.454778
vt 0.468946 0.453939
vt 0.040693 0.326859
vt 0.041532 0.330312
vt 0.471301 0.426475
vt 0.474141 0.426882
vt 0.068996 0.327959
vt 0.068589 0.325118
vt 0.472507 0.401682
vt 0.475661 0.401681
vt 0.093790 0.326753
vt 0.093791 0.323599
vt 0.471779 0.366684
vt 0.475816 0.370949
vt 0.128787 0.327481
vt 0.124523 0.323444
vt 0.475934 0.363343
vt 0.132128 0.323325
vt 0.477199 0.343120
vt 0.153482 0.325832
vt 0.152351 0.322062
vt 0.478191 0.328296
vt 0.168025 0.324433
vt 0.167176 0.321070
vt 0.479408 0.302759
vt 0.193048 0.322636
vt 0.192712 0.319853
vt 0.479016 0.277410
vt 0.218221 0.323345
vt 0.218061 0.320244
vt 0.478780 0.263230
vt 0.232572 0.324186
vt 0.232241 0.320480
vt 0.478579 0.244469
vt 0.251002 0.320681
vt 0.256281 0.324724
vt 0.478620 0.234156
vt 0.478911 0.208318
vt 0.287154 0.320348
vt 0.261315 0.320640
vt 0.478894 0.188349
vt 0.307122 0.320367
vt 0.478833 0.168063
vt 0.327409 0.320427
vt 0.478778 0.150374
vt 0.345097 0.320481
vt 0.479201 0.133751
vt 0.361721 0.320058
vt 0.485627 0.127224
vt 0.368248 0.313632
vt 0.486560 0.122201
vt 0.490352 0.118125
vt 0.373270 0.312698
vt 0.377347 0.308907
vt 0.493805 0.115193
vt 0.498994 0.113217
vt 0.380278 0.305454
vt 0.382254 0.300265
vt 0.480588 0.126138
vt 0.369334 0.318670
vt 0.482819 0.120079
vt 0.375393 0.316438
vt 0.486932 0.115058
vt 0.380414 0.312327
vt 0.490959 0.111001
vt 0.384471 0.308300
vt 0.496462 0.108275
vt 0.387196 0.302797
vt 0.503235 0.105923
vt 0.389549 0.296024
vt 0.524358 0.101834
vt 0.393637 0.274901
vt 0.548386 0.098633
vt 0.396838 0.250872
vt 0.568156 0.095575
vt 0.399895 0.231102
vt 0.589840 0.091889
vt 0.403581 0.209418
vt 0.614178 0.087788
vt 0.407682 0.185081
vt 0.629250 0.084941
vt 0.410529 0.170009
vt 0.657071 0.078555
vt 0.416914 0.142188
vt 0.682733 0.070921
vt 0.424548 0.116524
vt 0.699443 0.065489
vt 0.429981 0.099815
vt 0.715981 0.060241
vt 0.435227 0.083278
vt 0.730438 0.056596
vt 0.438873 0.068820
vt 0.743180 0.052664
vt 0.442804 0.056077
vt 0.755196 0.048798
vt 0.446671 0.044062
vt 0.769523 0.043431
vt 0.452038 0.029735
vt 0.778425 0.039429
vt 0.456040 0.020833
vt 0.781038 0.037436
vt 0.458032 0.018219
vt 0.314174 0.228778
vt 0.460137 0.016888
vt 0.311520 0.227705
vt 0.015837 0.227705
vt 0.306245 0.226855
vt 0.294446 0.224872
vt 0.021112 0.226855
vt 0.274431 0.221856
vt 0.052926 0.221855
vt 0.032911 0.224872
vt 0.256814 0.219997
vt 0.070543 0.219997
vt 0.235437 0.218527
vt 0.091919 0.218527
vt 0.223671 0.218724
vt 0.103686 0.218724
vt 0.213905 0.217500
vt 0.113452 0.217500
vt 0.188459 0.215609
vt 0.138898 0.215609
vt 0.163678 0.214800
vt 0.461392 0.478042
vt 0.904438 0.129253
vt 0.909905 0.428969
vt 0.022947 0.336608
vt 0.912533 0.133015
vt 0.912505 0.426525
vt 0.914207 0.142053
vt 0.852401 0.004490
vt 0.564921 0.004487
vt 0.914971 0.167155
vt 0.914181 0.417488
vt 0.914950 0.392386
vt 0.915298 0.190265
vt 0.915281 0.369276
vt 0.917004 0.220613
vt 0.916993 0.338929
vt 0.917612 0.255733
vt 0.917608 0.303808
vt 0.917856 0.279771
vt 0.895687 0.128268
vt 0.895658 0.431269
vt 0.884388 0.127912
vt 0.884359 0.431623
vt 0.857559 0.128147
vt 0.857531 0.431384
vt 0.832597 0.128184
vt 0.832568 0.431342
vt 0.798204 0.128161
vt 0.798175 0.431358
vt 0.773692 0.128197
vt 0.473429 0.341990
vt 0.773663 0.431317
vt 0.474826 0.327446
vt 0.758008 0.127781
vt 0.757979 0.431730
vt 0.734912 0.128022
vt 0.476625 0.302424
vt 0.734883 0.431485
vt 0.475912 0.277251
vt 0.708104 0.128014
vt 0.708075 0.431487
vt 0.694273 0.128295
vt 0.475073 0.262898
vt 0.694244 0.431204
vt 0.474535 0.239190
vt 0.669492 0.127870
vt 0.669463 0.431624
vt 0.475296 0.207473
vt 0.638899 0.128218
vt 0.287999 0.323964
vt 0.638870 0.431270
vt 0.618991 0.128156
vt 0.475180 0.187575
vt 0.618962 0.431329
vt 0.307898 0.324078
vt 0.600102 0.128144
vt 0.474670 0.167939
vt 0.600073 0.431337
vt 0.327533 0.324589
vt 0.474091 0.149576
vt 0.580561 0.128252
vt 0.345895 0.325168
vt 0.580532 0.431225
vt 0.474187 0.132554
vt 0.563676 0.128245
vt 0.362918 0.325072
vt 0.563647 0.431229
vt 0.555811 0.128003
vt 0.475595 0.125100
vt 0.555782 0.431469
vt 0.370371 0.323663
vt 0.547647 0.127734
vt 0.479040 0.117979
vt 0.547618 0.431737
vt 0.377493 0.320219
vt 0.483484 0.112052
vt 0.539782 0.127864
vt 0.383420 0.315775
vt 0.046122 0.692401
vt 0.488101 0.106791
vt 0.053939 0.995869
vt 0.388680 0.311158
vt 0.053833 0.692621
vt 0.493955 0.103373
vt 0.061430 0.995678
vt 0.392098 0.305304
vt 0.061325 0.692806
vt 0.501668 0.100613
vt 0.070149 0.995532
vt 0.394858 0.297590
vt 0.070044 0.692946
vt 0.092931 0.995462
vt 0.523477 0.097178
vt 0.092826 0.693001
vt 0.398294 0.275782
vt 0.117032 0.995032
vt 0.547651 0.094329
vt 0.116927 0.693413
vt 0.401142 0.251608
vt 0.137017 0.995278
vt 0.567572 0.091330
vt 0.136912 0.693154
vt 0.404141 0.231687
vt 0.158878 0.995677
vt 0.588850 0.087696
vt 0.158773 0.692740
vt 0.407775 0.210408
vt 0.613641 0.083942
vt 0.183443 0.995734
vt 0.411528 0.185616
vt 0.183338 0.692666
vt 0.628612 0.081101
vt 0.198630 0.995824
vt 0.414369 0.170646
vt 0.198525 0.692565
vt 0.227438 0.995699
vt 0.656279 0.075031
vt 0.227334 0.692670
vt 0.420438 0.142980
vt 0.252455 0.995763
vt 0.681162 0.067262
vt 0.252350 0.692589
vt 0.428207 0.118095
vt 0.269829 0.995711
vt 0.697922 0.061686
vt 0.269724 0.692628
vt 0.433783 0.101335
vt 0.287278 0.995927
vt 0.714787 0.057129
vt 0.287173 0.692400
vt 0.438340 0.084470
vt 0.302211 0.996082
vt 0.729223 0.053320
vt 0.302106 0.692235
vt 0.442149 0.070036
vt 0.315189 0.996065
vt 0.741965 0.049550
vt 0.315084 0.692243
vt 0.445919 0.057292
vt 0.328395 0.995826
vt 0.754216 0.045709
vt 0.328290 0.692473
vt 0.449759 0.045042
vt 0.342962 0.995744
vt 0.767850 0.040148
vt 0.342858 0.692546
vt 0.455321 0.031407
vt 0.349868 0.994051
vt 0.774516 0.036309
vt 0.463114 0.027487
vt 0.459160 0.024740
vt 0.352099 0.993085
vt 0.776578 0.034574
vt 0.460895 0.022679
vt 0.464453 0.025628
vt 0.353426 0.991345
vt 0.777874 0.033124
vt 0.462345 0.021381
vt 0.353324 0.696937
vt 0.353650 0.989872
vt 0.309240 0.232184
vt 0.018116 0.232183
vt 0.018932 0.237062
vt 0.354557 0.984999
vt 0.304392 0.231333
vt 0.354459 0.703282
vt 0.022965 0.231332
vt 0.355017 0.974687
vt 0.293583 0.229479
vt 0.034009 0.235329
vt 0.033774 0.229478
vt 0.356528 0.955013
vt 0.274067 0.226639
vt 0.356451 0.733267
vt 0.053290 0.226639
vt 0.357830 0.937015
vt 0.256404 0.224688
vt 0.071492 0.230592
vt 0.070953 0.224688
vt 0.360244 0.903590
vt 0.235143 0.223063
vt 0.360203 0.784687
vt 0.092213 0.223063
vt 0.223392 0.221819
vt 0.103965 0.221819
vt 0.213380 0.221898
vt 0.113977 0.221898
vt 0.360184 0.869098
vt 0.188059 0.220512
vt 0.138720 0.227034
vt 0.139297 0.220512
vt 0.360420 0.844139
vt 0.163678 0.219745
vt 0.899916 0.279769
vt 0.885141 0.279768
vt 0.859874 0.279765
vt 0.832545 0.279763
vt 0.800671 0.279760
vt 0.771686 0.279757
vt 0.743322 0.279754
vt 0.715112 0.279752
vt 0.690800 0.279749
vt 0.669376 0.279747
vt 0.641339 0.279744
vt 0.619549 0.279742
vt 0.599161 0.279741
vt 0.580930 0.279739
vt 0.564989 0.279737
vt 0.557283 0.279737
vt 0.549507 0.279736
vt 0.043583 0.844249
vt 0.052052 0.844245
vt 0.060072 0.844243
vt 0.069614 0.844239
vt 0.091629 0.844232
vt 0.117463 0.844223
vt 0.136948 0.844216
vt 0.159105 0.844208
vt 0.182202 0.844200
vt 0.198614 0.844195
vt 0.227581 0.844184
vt 0.252970 0.844176
vt 0.272799 0.844169
vt 0.288267 0.844164
vt 0.305650 0.844158
vt 0.316319 0.844154
vt 0.329104 0.844149
vt 0.341168 0.844145
vt 0.256267 0.320681
vt 0.478579 0.239205
vt 0.813015 0.771034
vt 0.010773 0.211989
vt 0.557141 0.027989
vt 0.572954 0.030015
vt 0.813015 0.457120
vt 0.300097 0.208395
vt 0.860181 0.027992
vt 0.482279 0.491564
vt 0.742028 0.438506
vt 0.749266 0.065968
vt 0.425095 0.064365
vt 0.422736 0.072748
vt 0.704086 0.792072
vt 0.409582 0.110780
vt 0.701005 0.081550
vt 0.713238 0.076334
vt 0.609809 0.436457
vt 0.631915 0.102583
vt 0.389387 0.183260
vt 0.386524 0.199402
vt 0.446310 0.689916
vt 0.324499 0.298223
vt 0.503210 0.157910
vt 0.433040 0.335398
vt 0.335546 0.686611
vt 0.218179 0.302193
vt 0.498201 0.263200
vt 0.320487 0.337887
vt 0.246955 0.338683
vt 0.230503 0.339516
vt 0.146904 0.304532
vt 0.131684 0.309689
vt 0.117124 0.334543
vt 0.488132 0.457600
vt 0.023838 0.313137
vt 0.010124 0.315637
vt 0.802420 0.788562
vt 0.438494 0.024645
vt 0.787588 0.438366
vt 0.787545 0.051240
vt 0.807114 0.785804
vt 0.792217 0.049048
vt 0.810047 0.782432
vt 0.321780 0.213745
vt 0.812069 0.451473
vt 0.820531 0.614077
vt 0.819723 0.641165
vt 0.819723 0.586988
vt 0.816067 0.669253
vt 0.816066 0.558901
vt 0.811607 0.677698
vt 0.811606 0.550455
vt 0.815229 0.690617
vt 0.815229 0.537537
vt 0.816152 0.712853
vt 0.816152 0.515301
vt 0.815635 0.735676
vt 0.815635 0.492478
vt 0.814160 0.758646
vt 0.770083 0.790433
vt 0.770083 0.437721
vt 0.758637 0.790226
vt 0.732465 0.440043
vt 0.725536 0.787649
vt 0.725536 0.440505
vt 0.718073 0.790211
vt 0.689843 0.435654
vt 0.658731 0.791484
vt 0.658730 0.436670
vt 0.627626 0.791890
vt 0.592373 0.439072
vt 0.578048 0.788427
vt 0.560709 0.790630
vt 0.560709 0.437524
vt 0.578048 0.439727
vt 0.584416 0.789217
vt 0.584415 0.438937
vt 0.541108 0.793021
vt 0.541108 0.435133
vt 0.368982 0.269218
vt 0.517752 0.434498
vt 0.092040 0.538568
vt 0.093295 0.512267
vt 0.092040 0.485965
vt 0.092031 0.566950
vt 0.092031 0.457583
vt 0.094152 0.576770
vt 0.094152 0.447764
vt 0.093257 0.587474
vt 0.093257 0.437060
vt 0.093711 0.609649
vt 0.093711 0.414884
vt 0.095017 0.634177
vt 0.095017 0.390356
vt 0.095687 0.365634
vt 0.098727 0.683140
vt 0.099085 0.686270
vt 0.099085 0.338263
vt 0.103090 0.336981
vt 0.131767 0.689043
vt 0.159542 0.687169
vt 0.159542 0.337364
vt 0.187678 0.686664
vt 0.187678 0.337870
vt 0.217328 0.686385
vt 0.217328 0.338149
vt 0.226451 0.683963
vt 0.486585 0.367452
vt 0.265058 0.684970
vt 0.292455 0.685390
vt 0.349677 0.685665
vt 0.360058 0.686593
vt 0.367683 0.685884
vt 0.390263 0.687086
vt 0.411899 0.688437
vt 0.458148 0.691356
vt 0.493528 0.791617
vt 0.501603 0.791410
vt 0.265059 0.339564
vt 0.292455 0.339143
vt 0.349677 0.338869
vt 0.360058 0.337941
vt 0.367683 0.338650
vt 0.390263 0.337448
vt 0.411899 0.336097
vt 0.504665 0.145939
vt 0.507352 0.138204
vt 0.501603 0.436745
vt 0.017486 0.237257
vt 0.775193 0.029508
vt 0.351996 0.695198
vt 0.773631 0.031015
vt 0.349764 0.694233
vt 0.771771 0.032354
vt 0.459765 0.033483
vt 0.765775 0.035704
vt 0.455112 0.047140
vt 0.752117 0.040357
vt 0.450922 0.059611
vt 0.739647 0.044546
vt 0.446987 0.071962
vt 0.727296 0.048482
vt 0.442740 0.086263
vt 0.712994 0.052729
vt 0.437972 0.103107
vt 0.696150 0.057498
vt 0.432775 0.119727
vt 0.679531 0.062695
vt 0.425799 0.143720
vt 0.655538 0.069671
vt 0.418783 0.171616
vt 0.627642 0.076687
vt 0.415952 0.186524
vt 0.612734 0.079518
vt 0.411792 0.210750
vt 0.588508 0.083678
vt 0.408739 0.232383
vt 0.566875 0.086732
vt 0.406156 0.252138
vt 0.547119 0.089315
vt 0.402563 0.275977
vt 0.523281 0.092908
vt 0.398661 0.298651
vt 0.500607 0.096811
vt 0.395819 0.307199
vt 0.492059 0.099653
vt 0.391709 0.313762
vt 0.485497 0.103762
vt 0.386012 0.319323
vt 0.479936 0.109459
vt 0.379254 0.323787
vt 0.475471 0.116218
vt 0.371665 0.327407
vt 0.471852 0.123806
vt 0.363687 0.328973
vt 0.470286 0.131785
vt 0.346554 0.329370
vt 0.469889 0.148917
vt 0.326973 0.328735
vt 0.470525 0.168499
vt 0.308174 0.328425
vt 0.470835 0.187297
vt 0.288384 0.328348
vt 0.470912 0.207087
vt 0.257787 0.328334
vt 0.470925 0.237685
vt 0.232895 0.328715
vt 0.470544 0.262577
vt 0.219053 0.328373
vt 0.470887 0.276418
vt 0.192319 0.328684
vt 0.470577 0.303153
vt 0.169290 0.328962
vt 0.470298 0.326181
vt 0.153633 0.329850
vt 0.469410 0.341840
vt 0.129028 0.330690
vt 0.468570 0.366443
vt 0.094623 0.331767
vt 0.467493 0.400848
vt 0.069765 0.332925
vt 0.466334 0.425707
vt 0.913468 0.423853
vt 0.571021 0.005770
vt 0.913495 0.135688
vt 0.855205 0.003909
vt 0.043011 0.334246
vt 0.465013 0.452460
vt 0.031727 0.335241
vt 0.464018 0.463744
vt 0.904409 0.430286
vt 0.462652 0.472525
vt 0.684686 0.008696
vt 0.708661 0.008728
vt 0.732635 0.008696
vt 0.649514 0.008022
vt 0.767807 0.008022
vt 0.619131 0.007074
vt 0.798191 0.007074
vt 0.596063 0.006679
vt 0.821259 0.006681
vt 0.846301 0.005772
vt 0.014679 0.340112
vt 0.017430 0.337868
vt 0.909933 0.130571
vt 0.163678 0.227194
vt 0.360167 0.819180
vt 0.188637 0.227034
vt 0.104420 0.226568
vt 0.222936 0.226568
vt 0.357766 0.751264
vt 0.255865 0.230592
vt 0.053629 0.233113
vt 0.273728 0.233113
vt 0.354927 0.713594
vt 0.293348 0.235329
vt 0.023758 0.236304
vt 0.303598 0.236305
vt 0.353549 0.698410
vt 0.308425 0.237062
vt 0.552545 0.014471
vt 0.562117 0.003906
vt 0.459146 0.480792
vt 0.471850 0.485881
vt 0.005726 0.322013
vt 0.477247 0.489745
vt 0.550194 0.026006
vt 0.867127 0.026009
vt 0.466900 0.483615
vt 0.858210 0.005838
vt 0.559112 0.005835
vt 0.555372 0.009835
vt 0.013183 0.228777
vt 0.016064 0.232850
vt 0.782370 0.035331
vt 0.316772 0.224410
vt 0.465960 0.024065
vt 0.309871 0.237258
vt 0.311293 0.232850
vt 0.457147 0.012564
vt 0.006365 0.217171
vt 0.448755 0.003906
vt 0.793154 0.043942
vt 0.795350 0.046713
vt 0.541359 0.279735
vt 0.046228 0.996094
vt 0.539753 0.431606
vt 0.492912 0.779307
vt 0.494357 0.468568
vt 0.465898 0.689221
vt 0.492912 0.448847
vt 0.493527 0.436537
vt 0.493840 0.492146
vt 0.494357 0.759586
vt 0.493840 0.736008
vt 0.493564 0.514221
vt 0.491191 0.536588
vt 0.497790 0.588035
vt 0.486128 0.664344
vt 0.500407 0.614077
vn 0.830082 0.140567 -0.539633
vn 0.956636 0.175000 -0.232857
vn 0.966749 0.081184 -0.242498
vn 0.851761 0.067936 -0.519508
vn 0.943553 -0.309158 -0.118868
vn 0.987335 -0.054534 -0.148985
vn 0.996156 -0.084935 0.021445
vn 0.936341 -0.349894 0.028990
vn 0.942204 0.335041 -0.000000
vn 0.944426 0.308506 0.113508
vn 0.974739 0.162635 0.153082
vn 0.984615 0.174736 -0.000000
vn 0.879671 0.246949 -0.406441
vn 0.944426 0.308506 -0.113508
vn 0.974739 0.162635 -0.153081
vn 0.886595 0.140589 -0.440664
vn 0.959957 -0.148902 -0.237298
vn 0.876691 -0.172247 -0.449159
vn 0.882798 0.008858 -0.469669
vn 0.971060 0.019899 -0.238005
vn 0.975591 0.185528 -0.117482
vn 0.976108 0.213232 0.041773
vn 0.992125 0.120903 0.032715
vn 0.983912 0.114578 -0.137072
vn 0.932415 0.361390 0.000000
vn 0.920380 0.363265 0.144706
vn 0.969715 0.184329 0.160237
vn 0.984623 0.174691 0.000000
vn 0.869952 0.343870 -0.353465
vn 0.920380 0.363265 -0.144706
vn 0.969715 0.184329 -0.160237
vn 0.901254 0.183400 -0.392562
vn 0.856903 0.127845 0.499372
vn 0.921936 0.085332 0.377826
vn 0.976831 -0.076968 0.199695
vn 0.955217 0.076965 0.285722
vn 0.893214 0.449584 0.006571
vn 0.858655 0.446642 0.251442
vn 0.940010 0.222653 0.258469
vn 0.977079 0.210901 -0.028939
vn 0.710555 0.692599 0.124165
vn 0.849015 0.484632 0.210489
vn 0.861004 0.508598 -0.000000
vn 0.687822 0.725879 -0.000000
vn 0.710556 0.692599 -0.124166
vn 0.849015 0.484632 -0.210489
vn 0.811259 0.422706 -0.403954
vn 0.724594 0.610505 -0.319761
vn 0.282921 0.776172 0.563483
vn -0.026020 0.916194 0.399889
vn -0.042651 0.978312 0.202700
vn 0.070596 0.977380 0.199359
vn -0.047731 0.998860 0.000000
vn -0.042651 0.978312 -0.202700
vn 0.070596 0.977380 -0.199359
vn -0.061766 0.998091 0.000000
vn 0.124497 0.902895 0.411438
vn 0.333150 0.873092 0.355980
vn 0.451268 0.879020 0.153886
vn 0.191745 0.963124 0.188749
vn -0.154540 0.987894 -0.013500
vn -0.110694 0.973421 0.200496
vn 0.034804 0.967760 0.249457
vn 0.036379 0.999303 -0.008353
vn -0.223558 0.974691 -0.000000
vn -0.260975 0.953946 0.147914
vn -0.000853 0.990704 0.136035
vn 0.026684 0.999644 0.000000
vn -0.289394 0.890917 -0.350026
vn -0.260975 0.953946 -0.147914
vn -0.000853 0.990704 -0.136035
vn -0.038270 0.939252 -0.341087
vn -0.246252 0.960874 0.126811
vn -0.176479 0.910416 0.374163
vn 0.007550 0.910009 0.414521
vn -0.009736 0.984744 0.173738
vn 0.220776 0.962232 0.159270
vn 0.180842 0.983340 -0.018430
vn 0.084258 0.995566 -0.041826
vn 0.091081 0.984809 0.147835
vn 0.167508 0.920258 0.353646
vn 0.274428 0.916508 0.291037
vn 0.319155 0.938567 0.131274
vn 0.193128 0.970213 0.146246
vn -0.269513 0.962695 0.024115
vn -0.321677 0.910118 0.261168
vn 0.047777 0.967169 0.249604
vn 0.088353 0.995846 0.022014
vn -0.155786 0.987791 0.000000
vn -0.212613 0.966207 0.145738
vn 0.035439 0.985497 0.165951
vn 0.046090 0.998937 0.000000
vn -0.263363 0.902328 -0.341240
vn -0.212613 0.966207 -0.145738
vn 0.035439 0.985497 -0.165951
vn 0.024729 0.917913 -0.396010
vn 0.893811 0.075862 0.441980
vn 0.916597 -0.031523 0.398568
vn 0.990152 -0.065783 0.123578
vn 0.987702 0.056672 0.145713
vn 0.976108 0.213232 0.041773
vn 0.943521 0.221412 0.246464
vn 0.964003 0.117872 0.238338
vn 0.992125 0.120903 0.032715
vn 0.854107 0.090629 -0.512140
vn 0.968805 0.065196 -0.239096
vn 0.970163 -0.159103 -0.182949
vn 0.883621 -0.086416 -0.460158
vn 0.903405 0.369908 -0.216859
vn 0.893214 0.449584 0.006571
vn 0.977079 0.210901 -0.028939
vn 0.942994 0.171279 -0.285351
vn 0.905992 0.110464 0.408627
vn 0.905264 0.078805 0.417477
vn 0.979021 0.086322 0.184569
vn 0.972709 0.154107 0.173459
vn 0.996156 -0.084935 0.021445
vn 0.965188 -0.097814 0.242577
vn 0.922697 -0.311949 0.226537
vn 0.936341 -0.349894 0.028990
vn 0.193258 0.856096 -0.479323
vn 0.227657 0.941207 -0.249604
vn 0.460743 0.856438 -0.232873
vn 0.396348 0.801714 -0.447396
vn -0.119231 0.975915 -0.182683
vn -0.154540 0.987894 -0.013500
vn 0.036379 0.999303 -0.008353
vn 0.035017 0.974617 -0.221124
vn -0.377502 0.830603 -0.409380
vn -0.372427 0.910008 -0.182165
vn -0.073744 0.983954 -0.162471
vn -0.091056 0.892676 -0.441404
vn 0.180842 0.983340 -0.018430
vn 0.146406 0.974333 -0.171002
vn 0.076005 0.980669 -0.180310
vn 0.084258 0.995566 -0.041826
vn 0.153867 0.858961 -0.488376
vn 0.183868 0.958997 -0.215681
vn 0.280423 0.943996 -0.173880
vn 0.223715 0.868509 -0.442315
vn -0.230734 0.962495 -0.142705
vn -0.269513 0.962695 0.024115
vn 0.088353 0.995846 0.022014
vn 0.094246 0.983417 -0.154947
vn 0.274612 0.945410 0.175467
vn 0.303994 0.952674 -0.000000
vn 0.133571 0.991039 -0.000000
vn 0.135054 0.975229 0.175182
vn 0.129876 0.901281 -0.413310
vn 0.135054 0.975229 -0.175182
vn 0.274612 0.945410 -0.175467
vn 0.225204 0.889692 -0.397155
vn 0.015805 0.857466 -0.514299
vn 0.047778 0.967169 -0.249604
vn 0.183868 0.958997 -0.215681
vn 0.153867 0.858961 -0.488376
vn 0.084685 0.921709 0.378526
vn 0.167508 0.920258 0.353646
vn 0.193128 0.970213 0.146246
vn 0.094246 0.983417 0.154948
vn 0.321193 0.947013 0.001329
vn 0.280423 0.943996 0.173881
vn 0.504028 0.855996 0.115006
vn 0.564420 0.825120 -0.024635
vn 0.576638 0.809599 -0.109720
vn 0.319154 0.938567 -0.131274
vn 0.321193 0.947013 0.001329
vn 0.564420 0.825120 -0.024635
vn 0.113278 0.910694 0.397246
vn 0.265878 0.895685 0.356450
vn 0.297172 0.944024 0.143205
vn 0.146406 0.974332 0.171002
vn 0.224567 0.886670 -0.404211
vn 0.220776 0.962232 -0.159270
vn 0.371436 0.903331 -0.214541
vn 0.392714 0.824657 -0.407083
vn 0.084258 0.995566 -0.041826
vn 0.076005 0.980669 -0.180310
vn -0.009736 0.984744 -0.173738
vn -0.035645 0.998499 -0.041582
vn -0.035645 0.998499 -0.041582
vn -0.073744 0.983954 0.162471
vn 0.091081 0.984809 0.147835
vn 0.084258 0.995566 -0.041826
vn 0.194865 0.969540 0.148392
vn 0.187151 0.982331 -0.000000
vn 0.106936 0.994266 0.000000
vn 0.102730 0.986038 0.131053
vn 0.089883 0.941911 -0.323613
vn 0.102730 0.986038 -0.131054
vn 0.194865 0.969540 -0.148392
vn 0.196537 0.927325 -0.318500
vn 0.195379 0.899297 0.391270
vn 0.236867 0.950495 0.201128
vn 0.048830 0.976323 0.210735
vn 0.019117 0.906602 0.421553
vn 0.270001 0.962860 0.000000
vn 0.236867 0.950495 -0.201128
vn 0.048830 0.976323 -0.210735
vn 0.071999 0.997405 0.000000
vn 0.036170 0.985312 -0.166891
vn -0.110694 0.973421 -0.200496
vn -0.035826 0.871979 -0.488231
vn 0.145837 0.844248 -0.515729
vn 0.124303 0.947889 0.293350
vn -0.040222 0.925057 0.377693
vn -0.119230 0.975915 0.182683
vn 0.027497 0.988194 0.150719
vn 0.034804 0.967760 0.249457
vn 0.227657 0.941207 0.249604
vn 0.230507 0.973042 0.007532
vn 0.036379 0.999303 -0.008353
vn 0.230507 0.973042 0.007532
vn 0.191745 0.963124 -0.188749
vn 0.035017 0.974617 -0.221124
vn 0.036379 0.999303 -0.008353
vn 0.744815 0.632966 -0.211199
vn 0.858655 0.446642 -0.251442
vn 0.798185 0.384277 -0.463931
vn 0.735697 0.556441 -0.386164
vn 0.798346 0.520234 0.303316
vn 0.859046 0.242423 0.450856
vn 0.903405 0.369908 0.216859
vn 0.768006 0.629226 0.119339
vn 0.940010 0.222653 0.258469
vn 0.968805 0.065196 0.239096
vn 0.997757 0.046427 -0.048214
vn 0.977079 0.210901 -0.028939
vn 0.997757 0.046427 -0.048214
vn 0.955217 0.076965 -0.285722
vn 0.942994 0.171279 -0.285351
vn 0.977079 0.210901 -0.028939
vn 0.962106 0.060543 0.265870
vn 0.999844 0.017671 -0.000000
vn 0.973108 0.230348 -0.000000
vn 0.936102 0.232390 0.264022
vn 0.854559 0.205924 -0.476786
vn 0.936102 0.232390 -0.264022
vn 0.962106 0.060543 -0.265870
vn 0.863186 0.107018 -0.493413
vn 0.986963 -0.015246 0.160222
vn 0.999827 -0.018603 0.000000
vn 0.997545 0.070024 0.000000
vn 0.984219 0.077608 0.159029
vn 0.919688 0.083872 -0.383587
vn 0.984219 0.077608 -0.159029
vn 0.986963 -0.015246 -0.160222
vn 0.924774 -0.007905 -0.380435
vn 0.802270 0.437206 -0.406465
vn 0.863427 0.441886 -0.243374
vn 0.943521 0.221412 -0.246464
vn 0.861474 0.204467 -0.464817
vn 0.872285 0.373975 0.315057
vn 0.908386 0.138787 0.394428
vn 0.975591 0.185528 0.117482
vn 0.905253 0.416424 0.084312
vn 0.992125 0.120903 0.032715
vn 0.964003 0.117872 0.238338
vn 0.971060 0.019899 0.238005
vn 0.998795 0.036924 0.032321
vn 0.998795 0.036924 0.032321
vn 0.987702 0.056672 -0.145713
vn 0.983912 0.114578 -0.137072
vn 0.992125 0.120903 0.032715
vn 0.905264 0.078805 0.417477
vn 0.925798 -0.011602 0.377840
vn 0.987335 -0.054535 0.148985
vn 0.979021 0.086322 0.184569
vn 0.965188 -0.097814 -0.242577
vn 0.880870 -0.093896 -0.463953
vn 0.851761 0.067936 -0.519508
vn 0.966749 0.081184 -0.242498
vn 0.944026 0.307613 -0.119123
vn 0.939473 0.341942 0.021611
vn 0.983224 0.181834 0.014399
vn 0.972709 0.154107 -0.173459
vn 0.939473 0.341942 0.021611
vn 0.931680 0.307953 0.192709
vn 0.956636 0.175000 0.232857
vn 0.983224 0.181834 0.014399
vn 0.984208 -0.051137 0.169466
vn 0.998146 -0.060866 0.000000
vn 0.996576 0.082684 -0.000000
vn 0.982752 0.080480 0.166501
vn 0.901084 0.077070 -0.426741
vn 0.982752 0.080480 -0.166501
vn 0.984209 -0.051137 -0.169466
vn 0.914809 -0.033086 -0.402529
vn 0.886594 0.140589 0.440664
vn 0.974739 0.162635 0.153082
vn 0.944426 0.308506 0.113508
vn 0.879671 0.246949 0.406441
vn 0.914809 -0.033086 0.402529
vn 0.984208 -0.051137 0.169466
vn 0.982752 0.080480 0.166501
vn 0.901084 0.077070 0.426741
vn 0.944426 0.308506 -0.113508
vn 0.942204 0.335041 -0.000000
vn 0.984615 0.174736 -0.000000
vn 0.974739 0.162635 -0.153081
vn 0.998146 -0.060866 0.000000
vn 0.984209 -0.051137 -0.169466
vn 0.982752 0.080480 -0.166501
vn 0.996576 0.082684 -0.000000
vn 0.996062 0.088124 -0.009705
vn 0.966749 0.081184 -0.242498
vn 0.956636 0.175000 -0.232857
vn 0.983224 0.181834 -0.014399
vn 0.996156 -0.084935 -0.021445
vn 0.965188 -0.097814 -0.242577
vn 0.966749 0.081184 -0.242498
vn 0.996062 0.088124 -0.009705
vn 0.931680 0.307953 0.192709
vn 0.838190 0.240613 0.489431
vn 0.830082 0.140567 0.539633
vn 0.956636 0.175000 0.232857
vn 0.922697 -0.311949 0.226537
vn 0.965188 -0.097814 0.242577
vn 0.880870 -0.093896 0.463953
vn 0.870691 -0.283940 0.401590
vn 0.987335 -0.054535 0.148985
vn 0.996156 -0.084935 -0.021445
vn 0.996062 0.088124 -0.009705
vn 0.979021 0.086322 0.184569
vn 0.983224 0.181834 -0.014399
vn 0.972709 0.154107 0.173459
vn 0.979021 0.086322 0.184569
vn 0.996062 0.088124 -0.009705
vn 0.769187 0.016826 -0.638803
vn 0.925798 -0.011602 -0.377840
vn 0.906119 -0.270076 -0.325587
vn 0.779434 -0.158184 -0.606185
vn 0.767499 0.150875 -0.623043
vn 0.909822 0.229614 -0.345691
vn 0.905992 0.110464 -0.408627
vn 0.772274 0.072582 -0.631130
vn 0.990152 -0.065783 0.123578
vn 0.993470 -0.103016 -0.049046
vn 0.998795 0.036924 -0.032321
vn 0.987702 0.056672 0.145713
vn 0.891576 0.449435 -0.055690
vn 0.905253 0.416424 0.084312
vn 0.975591 0.185528 0.117482
vn 0.976108 0.213232 -0.041773
vn 0.687008 0.068386 -0.723425
vn 0.895532 0.097443 -0.434197
vn 0.893811 0.075862 -0.441981
vn 0.675116 0.087080 -0.732554
vn 0.742389 0.073456 -0.665930
vn 0.908386 0.138787 -0.394428
vn 0.895532 0.097443 -0.434197
vn 0.687008 0.068386 -0.723425
vn 0.976108 0.213232 -0.041773
vn 0.943521 0.221412 -0.246464
vn 0.863427 0.441886 -0.243374
vn 0.891576 0.449435 -0.055690
vn 0.993470 -0.103016 -0.049046
vn 0.959957 -0.148902 -0.237298
vn 0.971060 0.019899 -0.238005
vn 0.998795 0.036924 -0.032321
vn 0.943521 0.221412 0.246464
vn 0.861475 0.204467 0.464817
vn 0.876087 0.103435 0.470928
vn 0.964003 0.117872 0.238338
vn 0.882798 0.008858 0.469669
vn 0.971060 0.019899 0.238005
vn 0.964003 0.117872 0.238338
vn 0.876087 0.103435 0.470928
vn 0.901255 0.183400 0.392561
vn 0.969715 0.184329 0.160237
vn 0.920380 0.363265 0.144706
vn 0.869952 0.343870 0.353465
vn 0.924774 -0.007905 0.380435
vn 0.986963 -0.015246 0.160222
vn 0.984219 0.077608 0.159029
vn 0.919688 0.083872 0.383587
vn 0.920380 0.363265 -0.144706
vn 0.932415 0.361390 0.000000
vn 0.984623 0.174691 0.000000
vn 0.969715 0.184329 -0.160237
vn 0.999827 -0.018603 0.000000
vn 0.986963 -0.015246 -0.160222
vn 0.984219 0.077608 -0.159029
vn 0.997545 0.070024 0.000000
vn 0.811259 0.422706 0.403954
vn 0.849015 0.484632 0.210489
vn 0.710555 0.692599 0.124165
vn 0.724594 0.610505 0.319761
vn 0.863186 0.107018 0.493413
vn 0.962106 0.060543 0.265870
vn 0.936102 0.232390 0.264022
vn 0.854559 0.205924 0.476786
vn 0.687822 0.725879 -0.000000
vn 0.861004 0.508598 -0.000000
vn 0.849015 0.484632 -0.210489
vn 0.710556 0.692599 -0.124166
vn 0.999844 0.017671 -0.000000
vn 0.962106 0.060543 -0.265870
vn 0.936102 0.232390 -0.264022
vn 0.973108 0.230348 -0.000000
vn 0.997758 0.046427 0.048214
vn 0.955217 0.076965 0.285722
vn 0.976831 -0.076968 0.199695
vn 0.982926 -0.180447 0.035978
vn 0.768006 0.629226 0.119339
vn 0.903405 0.369908 0.216859
vn 0.893214 0.449584 -0.006571
vn 0.736140 0.676251 -0.027962
vn 0.690535 0.092973 -0.717299
vn 0.845270 0.128141 -0.518747
vn 0.856903 0.127845 -0.499372
vn 0.689140 0.152917 -0.708309
vn 0.734909 0.128092 -0.665959
vn 0.859046 0.242423 -0.450856
vn 0.845270 0.128141 -0.518747
vn 0.690535 0.092973 -0.717299
vn 0.736140 0.676251 -0.027962
vn 0.893214 0.449584 -0.006571
vn 0.858655 0.446642 -0.251442
vn 0.744815 0.632966 -0.211199
vn 0.982926 -0.180447 0.035978
vn 0.970163 -0.159103 -0.182949
vn 0.968805 0.065196 -0.239096
vn 0.997758 0.046427 0.048214
vn 0.832579 0.189762 0.520388
vn 0.940010 0.222653 0.258469
vn 0.858655 0.446642 0.251442
vn 0.798185 0.384277 0.463931
vn 0.854107 0.090629 0.512140
vn 0.968805 0.065196 0.239096
vn 0.940010 0.222653 0.258469
vn 0.832579 0.189762 0.520388
vn 0.230507 0.973042 -0.007532
vn 0.191745 0.963124 0.188749
vn 0.451268 0.879020 0.153886
vn 0.488973 0.872233 -0.010713
vn 0.027497 0.988194 0.150719
vn -0.119230 0.975915 0.182683
vn -0.154540 0.987894 0.013500
vn -0.036994 0.999211 0.014438
vn 0.028559 0.671539 -0.740418
vn 0.035378 0.890877 -0.452864
vn 0.124497 0.902895 -0.411438
vn 0.030017 0.704601 -0.708969
vn 0.056054 0.708114 -0.703870
vn -0.040222 0.925057 -0.377692
vn 0.035378 0.890877 -0.452864
vn 0.028559 0.671539 -0.740418
vn -0.036994 0.999211 0.014438
vn -0.154540 0.987894 0.013500
vn -0.110694 0.973421 -0.200496
vn 0.036170 0.985312 -0.166891
vn 0.460743 0.856438 -0.232873
vn 0.227657 0.941207 -0.249604
vn 0.230507 0.973042 -0.007532
vn 0.488973 0.872233 -0.010713
vn 0.018377 0.860415 0.509262
vn 0.034804 0.967760 0.249457
vn -0.110694 0.973421 0.200496
vn -0.035826 0.871979 0.488231
vn 0.193258 0.856097 0.479323
vn 0.227657 0.941207 0.249604
vn 0.034804 0.967760 0.249457
vn 0.018377 0.860415 0.509262
vn -0.372427 0.910008 -0.182165
vn -0.320292 0.947294 0.006810
vn -0.035645 0.998499 0.041583
vn -0.073744 0.983954 -0.162471
vn 0.320317 0.947138 -0.018063
vn 0.371436 0.903331 -0.214541
vn 0.220776 0.962232 -0.159270
vn 0.180842 0.983340 0.018430
vn 0.087491 0.897465 0.432321
vn 0.091081 0.984809 0.147835
vn -0.073744 0.983954 0.162471
vn -0.091056 0.892677 0.441404
vn 0.224567 0.886670 0.404211
vn 0.220776 0.962232 0.159270
vn 0.091081 0.984809 0.147835
vn 0.087491 0.897465 0.432321
vn 0.180842 0.983340 0.018430
vn 0.146406 0.974332 0.171002
vn 0.297172 0.944024 0.143205
vn 0.320317 0.947138 -0.018063
vn -0.320292 0.947294 0.006810
vn -0.246252 0.960874 0.126811
vn -0.009736 0.984744 0.173738
vn -0.035645 0.998499 0.041583
vn 0.066105 0.908986 -0.411552
vn 0.113278 0.910694 -0.397246
vn 0.052199 0.650330 -0.757856
vn 0.033377 0.638291 -0.769071
vn 0.023933 0.640492 -0.767592
vn 0.007550 0.910008 -0.414521
vn 0.066105 0.908986 -0.411552
vn 0.033377 0.638291 -0.769071
vn -0.038270 0.939252 0.341087
vn -0.000853 0.990704 0.136035
vn -0.260975 0.953946 0.147914
vn -0.289394 0.890917 0.350027
vn 0.196537 0.927325 0.318500
vn 0.194865 0.969540 0.148392
vn 0.102730 0.986038 0.131053
vn 0.089883 0.941911 0.323613
vn -0.260975 0.953946 -0.147914
vn -0.223558 0.974691 -0.000000
vn 0.026684 0.999644 0.000000
vn -0.000853 0.990704 -0.136035
vn 0.187151 0.982331 -0.000000
vn 0.194865 0.969540 -0.148392
vn 0.102730 0.986038 -0.131054
vn 0.106936 0.994266 0.000000
vn 0.071999 0.997405 0.000000
vn 0.048830 0.976323 0.210735
vn 0.236867 0.950495 0.201128
vn 0.270001 0.962860 0.000000
vn 0.070596 0.977380 0.199359
vn -0.042651 0.978312 0.202700
vn -0.047731 0.998860 0.000000
vn -0.061766 0.998091 0.000000
vn 0.236867 0.950495 -0.201128
vn 0.195379 0.899297 -0.391270
vn 0.019117 0.906603 -0.421552
vn 0.048830 0.976323 -0.210735
vn 0.070596 0.977380 -0.199359
vn -0.042651 0.978312 -0.202700
vn -0.026020 0.916194 -0.399889
vn 0.282921 0.776172 -0.563483
vn 0.024729 0.917913 0.396009
vn 0.035439 0.985497 0.165951
vn -0.212613 0.966207 0.145738
vn -0.263363 0.902328 0.341239
vn 0.225204 0.889692 0.397155
vn 0.274612 0.945410 0.175467
vn 0.135054 0.975229 0.175182
vn 0.129876 0.901281 0.413310
vn -0.212613 0.966207 -0.145738
vn -0.155786 0.987791 0.000000
vn 0.046090 0.998937 0.000000
vn 0.035439 0.985497 -0.165951
vn 0.303994 0.952674 -0.000000
vn 0.274612 0.945410 -0.175467
vn 0.135054 0.975229 -0.175182
vn 0.133571 0.991039 -0.000000
vn 0.047778 0.967169 -0.249604
vn 0.088353 0.995846 -0.022013
vn 0.198358 0.979983 -0.016965
vn 0.183868 0.958997 -0.215681
vn 0.321193 0.947013 -0.001329
vn 0.280423 0.943996 -0.173880
vn 0.183868 0.958997 -0.215681
vn 0.198358 0.979983 -0.016965
vn 0.015805 0.857466 0.514298
vn 0.047777 0.967169 0.249604
vn -0.321677 0.910118 0.261168
vn -0.345004 0.816082 0.463662
vn 0.416321 0.832570 0.365383
vn 0.504028 0.855996 0.115006
vn 0.280423 0.943996 0.173881
vn 0.223715 0.868509 0.442316
vn 0.193128 0.970213 0.146246
vn 0.319155 0.938567 0.131274
vn 0.321193 0.947013 -0.001329
vn 0.198358 0.979983 -0.016965
vn 0.088353 0.995846 -0.022013
vn 0.094246 0.983417 0.154948
vn 0.193128 0.970213 0.146246
vn 0.198358 0.979983 -0.016965
vn 0.149016 0.733201 -0.663483
vn 0.274428 0.916508 -0.291036
vn 0.530474 0.820750 -0.212054
vn 0.492369 0.800929 -0.340712
vn -0.018682 0.712380 -0.701546
vn -0.182256 0.920427 -0.345827
vn 0.084685 0.921709 -0.378525
vn 0.073986 0.706131 -0.704205
vn 0.942057 -0.293717 0.162048
vn 0.984208 -0.051137 0.169466
vn 0.914809 -0.033086 0.402529
vn 0.896395 -0.275273 0.347421
vn 0.952511 -0.304505 0.000000
vn 0.998146 -0.060866 0.000000
vn 0.984208 -0.051137 0.169466
vn 0.942057 -0.293717 0.162048
vn 0.942057 -0.293717 -0.162048
vn 0.984209 -0.051137 -0.169466
vn 0.998146 -0.060866 0.000000
vn 0.952511 -0.304505 0.000000
vn 0.914809 -0.033086 -0.402529
vn 0.984209 -0.051137 -0.169466
vn 0.942057 -0.293717 -0.162048
vn 0.896395 -0.275273 -0.347422
vn 0.901084 0.077070 0.426741
vn 0.982752 0.080480 0.166501
vn 0.974739 0.162635 0.153082
vn 0.886594 0.140589 0.440664
vn 0.984615 0.174736 -0.000000
vn 0.974739 0.162635 0.153082
vn 0.982752 0.080480 0.166501
vn 0.996576 0.082684 -0.000000
vn 0.974739 0.162635 -0.153081
vn 0.984615 0.174736 -0.000000
vn 0.996576 0.082684 -0.000000
vn 0.982752 0.080480 -0.166501
vn 0.886595 0.140589 -0.440664
vn 0.974739 0.162635 -0.153081
vn 0.982752 0.080480 -0.166501
vn 0.901084 0.077070 -0.426741
vn 0.838190 0.240614 -0.489431
vn 0.931680 0.307954 -0.192709
vn 0.956636 0.175000 -0.232857
vn 0.830082 0.140567 -0.539633
vn 0.983224 0.181834 -0.014399
vn 0.956636 0.175000 -0.232857
vn 0.931680 0.307954 -0.192709
vn 0.939473 0.341942 -0.021611
vn 0.939473 0.341942 -0.021611
vn 0.944026 0.307613 0.119122
vn 0.972709 0.154107 0.173459
vn 0.983224 0.181834 -0.014399
vn 0.909822 0.229614 0.345691
vn 0.905992 0.110464 0.408627
vn 0.972709 0.154107 0.173459
vn 0.944026 0.307613 0.119122
vn 0.956636 0.175000 0.232857
vn 0.830082 0.140567 0.539633
vn 0.851761 0.067935 0.519508
vn 0.966749 0.081184 0.242498
vn 0.983224 0.181834 0.014399
vn 0.956636 0.175000 0.232857
vn 0.966749 0.081184 0.242498
vn 0.996062 0.088124 0.009705
vn 0.972709 0.154107 -0.173459
vn 0.983224 0.181834 0.014399
vn 0.996062 0.088124 0.009705
vn 0.979021 0.086322 -0.184569
vn 0.772274 0.072582 -0.631130
vn 0.905992 0.110464 -0.408627
vn 0.905264 0.078805 -0.417476
vn 0.763783 0.063138 -0.642378
vn 0.943553 -0.309158 0.118868
vn 0.987335 -0.054535 0.148985
vn 0.925798 -0.011602 0.377840
vn 0.906120 -0.270076 0.325586
vn 0.936341 -0.349894 -0.028990
vn 0.996156 -0.084935 -0.021445
vn 0.987335 -0.054535 0.148985
vn 0.943553 -0.309158 0.118868
vn 0.922697 -0.311949 -0.226537
vn 0.965188 -0.097814 -0.242577
vn 0.996156 -0.084935 -0.021445
vn 0.936341 -0.349894 -0.028990
vn 0.870691 -0.283940 -0.401590
vn 0.880870 -0.093896 -0.463953
vn 0.965188 -0.097814 -0.242577
vn 0.922697 -0.311949 -0.226537
vn 0.763783 0.063138 -0.642378
vn 0.905264 0.078805 -0.417476
vn 0.925798 -0.011602 -0.377840
vn 0.769187 0.016826 -0.638803
vn 0.996156 -0.084935 0.021445
vn 0.987335 -0.054534 -0.148985
vn 0.979021 0.086322 -0.184569
vn 0.996062 0.088124 0.009705
vn 0.996062 0.088124 0.009705
vn 0.966749 0.081184 0.242498
vn 0.965188 -0.097814 0.242577
vn 0.996156 -0.084935 0.021445
vn 0.880870 -0.093896 0.463953
vn 0.965188 -0.097814 0.242577
vn 0.966749 0.081184 0.242498
vn 0.851761 0.067935 0.519508
vn 0.919688 0.083872 0.383587
vn 0.984219 0.077608 0.159029
vn 0.969715 0.184329 0.160237
vn 0.901255 0.183400 0.392561
vn 0.984623 0.174691 0.000000
vn 0.969715 0.184329 0.160237
vn 0.984219 0.077608 0.159029
vn 0.997545 0.070024 0.000000
vn 0.969715 0.184329 -0.160237
vn 0.984623 0.174691 0.000000
vn 0.997545 0.070024 0.000000
vn 0.984219 0.077608 -0.159029
vn 0.901254 0.183400 -0.392562
vn 0.969715 0.184329 -0.160237
vn 0.984219 0.077608 -0.159029
vn 0.919688 0.083872 -0.383587
vn 0.913161 -0.151683 0.378325
vn 0.973650 -0.148374 0.173178
vn 0.986963 -0.015246 0.160222
vn 0.924774 -0.007905 0.380435
vn 0.973650 -0.148374 0.173178
vn 0.990160 -0.139940 -0.000000
vn 0.999827 -0.018603 0.000000
vn 0.986963 -0.015246 0.160222
vn 0.990160 -0.139940 -0.000000
vn 0.973650 -0.148374 -0.173178
vn 0.986963 -0.015246 -0.160222
vn 0.999827 -0.018603 0.000000
vn 0.924774 -0.007905 -0.380435
vn 0.986963 -0.015246 -0.160222
vn 0.973650 -0.148374 -0.173178
vn 0.913161 -0.151683 -0.378325
vn 0.971060 0.019899 -0.238005
vn 0.882798 0.008858 -0.469669
vn 0.876087 0.103435 -0.470928
vn 0.964003 0.117872 -0.238338
vn 0.998795 0.036924 -0.032321
vn 0.971060 0.019899 -0.238005
vn 0.964003 0.117872 -0.238338
vn 0.992125 0.120903 -0.032715
vn 0.987702 0.056672 0.145713
vn 0.998795 0.036924 -0.032321
vn 0.992125 0.120903 -0.032715
vn 0.983912 0.114578 0.137072
vn 0.895532 0.097443 0.434197
vn 0.893811 0.075862 0.441980
vn 0.987702 0.056672 0.145713
vn 0.983912 0.114578 0.137072
vn 0.876691 -0.172247 0.449159
vn 0.959957 -0.148902 0.237298
vn 0.971060 0.019899 0.238005
vn 0.882798 0.008858 0.469669
vn 0.998795 0.036924 0.032321
vn 0.971060 0.019899 0.238005
vn 0.959957 -0.148902 0.237298
vn 0.993470 -0.103016 0.049046
vn 0.993470 -0.103016 0.049046
vn 0.990152 -0.065783 -0.123578
vn 0.987702 0.056672 -0.145713
vn 0.998795 0.036924 0.032321
vn 0.675116 0.087080 -0.732554
vn 0.893811 0.075862 -0.441981
vn 0.916597 -0.031523 -0.398568
vn 0.739391 0.017869 -0.673039
vn 0.908386 0.138787 0.394428
vn 0.895532 0.097443 0.434197
vn 0.983912 0.114578 0.137072
vn 0.975591 0.185528 0.117482
vn 0.976108 0.213232 -0.041773
vn 0.975591 0.185528 0.117482
vn 0.983912 0.114578 0.137072
vn 0.992125 0.120903 -0.032715
vn 0.992125 0.120903 -0.032715
vn 0.964003 0.117872 -0.238338
vn 0.943521 0.221412 -0.246464
vn 0.976108 0.213232 -0.041773
vn 0.861474 0.204467 -0.464817
vn 0.943521 0.221412 -0.246464
vn 0.964003 0.117872 -0.238338
vn 0.876087 0.103435 -0.470928
vn 0.778050 0.274867 -0.564877
vn 0.872285 0.373975 -0.315057
vn 0.908386 0.138787 -0.394428
vn 0.742389 0.073456 -0.665930
vn 0.905253 0.416424 -0.084312
vn 0.891576 0.449435 0.055689
vn 0.976108 0.213232 0.041773
vn 0.975591 0.185528 -0.117482
vn 0.891576 0.449435 0.055689
vn 0.863427 0.441886 0.243374
vn 0.943521 0.221412 0.246464
vn 0.976108 0.213232 0.041773
vn 0.863427 0.441886 0.243374
vn 0.802270 0.437206 0.406465
vn 0.861475 0.204467 0.464817
vn 0.943521 0.221412 0.246464
vn 0.854559 0.205924 0.476786
vn 0.936102 0.232390 0.264022
vn 0.849015 0.484632 0.210489
vn 0.811259 0.422706 0.403954
vn 0.861004 0.508598 -0.000000
vn 0.849015 0.484632 0.210489
vn 0.936102 0.232390 0.264022
vn 0.973108 0.230348 -0.000000
vn 0.849015 0.484632 -0.210489
vn 0.861004 0.508598 -0.000000
vn 0.973108 0.230348 -0.000000
vn 0.936102 0.232390 -0.264022
vn 0.811259 0.422706 -0.403954
vn 0.849015 0.484632 -0.210489
vn 0.936102 0.232390 -0.264022
vn 0.854559 0.205924 -0.476786
vn 0.894345 -0.036656 0.445873
vn 0.963075 -0.165771 0.212148
vn 0.962106 0.060543 0.265870
vn 0.863186 0.107018 0.493413
vn 0.963075 -0.165771 0.212148
vn 0.965456 -0.260566 0.000000
vn 0.999844 0.017671 -0.000000
vn 0.962106 0.060543 0.265870
vn 0.965456 -0.260566 0.000000
vn 0.963075 -0.165771 -0.212148
vn 0.962106 0.060543 -0.265870
vn 0.999844 0.017671 -0.000000
vn 0.863186 0.107018 -0.493413
vn 0.962106 0.060543 -0.265870
vn 0.963075 -0.165771 -0.212148
vn 0.894345 -0.036656 -0.445873
vn 0.832579 0.189762 -0.520388
vn 0.940010 0.222653 -0.258469
vn 0.968805 0.065196 -0.239096
vn 0.854107 0.090629 -0.512140
vn 0.997758 0.046427 0.048214
vn 0.968805 0.065196 -0.239096
vn 0.940010 0.222653 -0.258469
vn 0.977079 0.210901 0.028939
vn 0.942994 0.171279 0.285351
vn 0.955217 0.076965 0.285722
vn 0.997758 0.046427 0.048214
vn 0.977079 0.210901 0.028939
vn 0.845270 0.128141 0.518747
vn 0.856903 0.127845 0.499372
vn 0.955217 0.076965 0.285722
vn 0.942994 0.171279 0.285351
vn 0.883621 -0.086416 0.460159
vn 0.970163 -0.159103 0.182950
vn 0.968805 0.065196 0.239096
vn 0.854107 0.090629 0.512140
vn 0.997757 0.046427 -0.048214
vn 0.968805 0.065196 0.239096
vn 0.970163 -0.159103 0.182950
vn 0.982926 -0.180447 -0.035978
vn 0.982926 -0.180447 -0.035978
vn 0.976831 -0.076968 -0.199695
vn 0.955217 0.076965 -0.285722
vn 0.997757 0.046427 -0.048214
vn 0.689140 0.152917 -0.708309
vn 0.856903 0.127845 -0.499372
vn 0.921936 0.085332 -0.377826
vn 0.728018 0.203414 -0.654685
vn 0.859046 0.242423 0.450856
vn 0.845270 0.128141 0.518747
vn 0.942994 0.171279 0.285351
vn 0.903405 0.369908 0.216859
vn 0.893214 0.449584 -0.006571
vn 0.903405 0.369908 0.216859
vn 0.942994 0.171279 0.285351
vn 0.977079 0.210901 0.028939
vn 0.858655 0.446642 -0.251442
vn 0.893214 0.449584 -0.006571
vn 0.977079 0.210901 0.028939
vn 0.940010 0.222653 -0.258469
vn 0.798185 0.384277 -0.463931
vn 0.858655 0.446642 -0.251442
vn 0.940010 0.222653 -0.258469
vn 0.832579 0.189762 -0.520388
vn 0.798346 0.520234 -0.303317
vn 0.859046 0.242423 -0.450856
vn 0.734909 0.128092 -0.665959
vn 0.749959 0.318516 -0.579749
vn 0.736140 0.676251 0.027962
vn 0.893214 0.449584 0.006571
vn 0.903405 0.369908 -0.216859
vn 0.768006 0.629225 -0.119339
vn 0.744815 0.632966 0.211199
vn 0.858655 0.446642 0.251442
vn 0.893214 0.449584 0.006571
vn 0.736140 0.676251 0.027962
vn 0.798185 0.384277 0.463931
vn 0.858655 0.446642 0.251442
vn 0.744815 0.632966 0.211199
vn 0.735697 0.556441 0.386165
vn 0.089883 0.941911 0.323613
vn 0.102730 0.986038 0.131053
vn -0.000853 0.990704 0.136035
vn -0.038270 0.939252 0.341087
vn 0.026684 0.999644 0.000000
vn -0.000853 0.990704 0.136035
vn 0.102730 0.986038 0.131053
vn 0.106936 0.994266 0.000000
vn -0.000853 0.990704 -0.136035
vn 0.026684 0.999644 0.000000
vn 0.106936 0.994266 0.000000
vn 0.102730 0.986038 -0.131054
vn -0.038270 0.939252 -0.341087
vn -0.000853 0.990704 -0.136035
vn 0.102730 0.986038 -0.131054
vn 0.089883 0.941911 -0.323613
vn 0.384648 0.856238 0.344822
vn 0.390369 0.899461 0.196421
vn 0.194865 0.969540 0.148392
vn 0.196537 0.927325 0.318500
vn 0.390369 0.899461 0.196421
vn 0.394503 0.918894 -0.000000
vn 0.187151 0.982331 -0.000000
vn 0.194865 0.969540 0.148392
vn 0.394503 0.918894 -0.000000
vn 0.390369 0.899461 -0.196421
vn 0.194865 0.969540 -0.148392
vn 0.187151 0.982331 -0.000000
vn 0.196537 0.927325 -0.318500
vn 0.194865 0.969540 -0.148392
vn 0.390369 0.899461 -0.196421
vn 0.384648 0.856238 -0.344821
vn 0.087491 0.897465 -0.432321
vn 0.091081 0.984809 -0.147835
vn 0.220776 0.962232 -0.159270
vn 0.224567 0.886670 -0.404211
vn 0.180842 0.983340 0.018430
vn 0.220776 0.962232 -0.159270
vn 0.091081 0.984809 -0.147835
vn 0.084258 0.995566 0.041826
vn 0.084258 0.995566 0.041826
vn 0.076006 0.980669 0.180310
vn 0.146406 0.974332 0.171002
vn 0.180842 0.983340 0.018430
vn 0.066105 0.908986 0.411552
vn 0.113278 0.910694 0.397246
vn 0.146406 0.974332 0.171002
vn 0.076006 0.980669 0.180310
vn 0.392714 0.824657 0.407083
vn 0.371436 0.903331 0.214541
vn 0.220776 0.962232 0.159270
vn 0.224567 0.886670 0.404211
vn 0.371436 0.903331 0.214541
vn 0.320317 0.947138 0.018063
vn 0.180842 0.983340 -0.018430
vn 0.220776 0.962232 0.159270
vn 0.320317 0.947138 0.018063
vn 0.297172 0.944024 -0.143205
vn 0.146406 0.974333 -0.171002
vn 0.180842 0.983340 -0.018430
vn 0.113278 0.910694 -0.397246
vn 0.265878 0.895685 -0.356450
vn 0.169041 0.679226 -0.714197
vn 0.052199 0.650330 -0.757856
vn -0.009736 0.984744 0.173738
vn 0.007550 0.910009 0.414521
vn 0.066105 0.908986 0.411552
vn 0.076006 0.980669 0.180310
vn -0.035645 0.998499 0.041583
vn -0.009736 0.984744 0.173738
vn 0.076006 0.980669 0.180310
vn 0.084258 0.995566 0.041826
vn -0.073744 0.983954 -0.162471
vn -0.035645 0.998499 0.041583
vn 0.084258 0.995566 0.041826
vn 0.091081 0.984809 -0.147835
vn -0.091056 0.892676 -0.441404
vn -0.073744 0.983954 -0.162471
vn 0.091081 0.984809 -0.147835
vn 0.087491 0.897465 -0.432321
vn -0.051452 0.656685 -0.752407
vn -0.176479 0.910416 -0.374164
vn 0.007550 0.910008 -0.414521
vn 0.023933 0.640492 -0.767592
vn -0.035645 0.998499 -0.041582
vn -0.009736 0.984744 -0.173738
vn -0.246252 0.960874 -0.126811
vn -0.320292 0.947294 -0.006810
vn -0.320292 0.947294 -0.006810
vn -0.372427 0.910008 0.182165
vn -0.073744 0.983954 0.162471
vn -0.035645 0.998499 -0.041582
vn -0.091056 0.892677 0.441404
vn -0.073744 0.983954 0.162471
vn -0.372427 0.910008 0.182165
vn -0.377501 0.830603 0.409380
vn 0.460421 0.864686 0.200827
vn 0.236867 0.950495 0.201128
vn 0.195379 0.899297 0.391270
vn 0.406733 0.829043 0.383741
vn 0.270001 0.962860 0.000000
vn 0.236867 0.950495 0.201128
vn 0.460421 0.864686 0.200827
vn 0.486001 0.873958 0.000000
vn 0.460421 0.864686 -0.200827
vn 0.236867 0.950495 -0.201128
vn 0.270001 0.962860 0.000000
vn 0.486001 0.873958 0.000000
vn 0.406733 0.829043 -0.383740
vn 0.195379 0.899297 -0.391270
vn 0.236867 0.950495 -0.201128
vn 0.460421 0.864686 -0.200827
vn 0.018377 0.860415 -0.509262
vn 0.034804 0.967760 -0.249457
vn 0.227657 0.941207 -0.249604
vn 0.193258 0.856096 -0.479323
vn 0.230507 0.973042 -0.007532
vn 0.227657 0.941207 -0.249604
vn 0.034804 0.967760 -0.249457
vn 0.036379 0.999303 0.008353
vn 0.035017 0.974617 0.221124
vn 0.191745 0.963124 0.188749
vn 0.230507 0.973042 -0.007532
vn 0.036379 0.999303 0.008353
vn 0.035378 0.890877 0.452865
vn 0.124497 0.902895 0.411438
vn 0.191745 0.963124 0.188749
vn 0.035017 0.974617 0.221124
vn 0.396348 0.801714 0.447396
vn 0.460743 0.856438 0.232873
vn 0.227657 0.941207 0.249604
vn 0.193258 0.856097 0.479323
vn 0.230507 0.973042 0.007532
vn 0.227657 0.941207 0.249604
vn 0.460743 0.856438 0.232873
vn 0.488973 0.872233 0.010713
vn 0.451268 0.879020 -0.153886
vn 0.191745 0.963124 -0.188749
vn 0.230507 0.973042 0.007532
vn 0.488973 0.872233 0.010713
vn 0.030017 0.704601 -0.708969
vn 0.124497 0.902895 -0.411438
vn 0.333150 0.873092 -0.355980
vn 0.141828 0.717317 -0.682159
vn -0.040222 0.925057 0.377693
vn 0.035378 0.890877 0.452865
vn 0.035017 0.974617 0.221124
vn -0.119230 0.975915 0.182683
vn -0.154540 0.987894 0.013500
vn -0.119230 0.975915 0.182683
vn 0.035017 0.974617 0.221124
vn 0.036379 0.999303 0.008353
vn -0.110694 0.973421 -0.200496
vn -0.154540 0.987894 0.013500
vn 0.036379 0.999303 0.008353
vn 0.034804 0.967760 -0.249457
vn -0.035826 0.871979 -0.488231
vn -0.110694 0.973421 -0.200496
vn 0.034804 0.967760 -0.249457
vn 0.018377 0.860415 -0.509262
vn 0.124303 0.947890 -0.293350
vn -0.040222 0.925057 -0.377692
vn 0.056054 0.708114 -0.703870
vn 0.175151 0.733445 -0.656795
vn -0.036994 0.999211 -0.014438
vn -0.154540 0.987894 -0.013500
vn -0.119231 0.975915 -0.182683
vn 0.027497 0.988194 -0.150719
vn 0.036170 0.985312 0.166891
vn -0.110694 0.973421 0.200496
vn -0.154540 0.987894 -0.013500
vn -0.036994 0.999211 -0.014438
vn -0.035826 0.871979 0.488231
vn -0.110694 0.973421 0.200496
vn 0.036170 0.985312 0.166891
vn 0.145837 0.844248 0.515729
vn -0.042651 0.978312 0.202700
vn -0.026020 0.916194 0.399889
vn 0.019117 0.906602 0.421553
vn 0.048830 0.976323 0.210735
vn -0.047731 0.998860 0.000000
vn -0.042651 0.978312 0.202700
vn 0.048830 0.976323 0.210735
vn 0.071999 0.997405 0.000000
vn 0.071999 0.997405 0.000000
vn 0.048830 0.976323 -0.210735
vn -0.042651 0.978312 -0.202700
vn -0.047731 0.998860 0.000000
vn -0.026020 0.916194 -0.399889
vn -0.042651 0.978312 -0.202700
vn 0.048830 0.976323 -0.210735
vn 0.019117 0.906603 -0.421552
vn 0.534026 0.831509 0.153000
vn 0.274612 0.945410 0.175467
vn 0.225204 0.889692 0.397155
vn 0.453186 0.823497 0.341283
vn 0.591975 0.805957 0.000000
vn 0.303994 0.952674 -0.000000
vn 0.274612 0.945410 0.175467
vn 0.534026 0.831509 0.153000
vn 0.534025 0.831509 -0.153000
vn 0.274612 0.945410 -0.175467
vn 0.303994 0.952674 -0.000000
vn 0.591975 0.805957 0.000000
vn 0.225204 0.889692 -0.397155
vn 0.274612 0.945410 -0.175467
vn 0.534025 0.831509 -0.153000
vn 0.453186 0.823497 -0.341283
vn 0.129876 0.901281 0.413310
vn 0.135054 0.975229 0.175182
vn 0.035439 0.985497 0.165951
vn 0.024729 0.917913 0.396009
vn 0.046090 0.998937 0.000000
vn 0.035439 0.985497 0.165951
vn 0.135054 0.975229 0.175182
vn 0.133571 0.991039 -0.000000
vn 0.035439 0.985497 -0.165951
vn 0.046090 0.998937 0.000000
vn 0.133571 0.991039 -0.000000
vn 0.135054 0.975229 -0.175182
vn 0.024729 0.917913 -0.396010
vn 0.035439 0.985497 -0.165951
vn 0.135054 0.975229 -0.175182
vn 0.129876 0.901281 -0.413310
vn 0.153867 0.858961 0.488376
vn 0.183868 0.958997 0.215681
vn 0.047777 0.967169 0.249604
vn 0.015805 0.857466 0.514298
vn 0.088353 0.995846 0.022014
vn 0.047777 0.967169 0.249604
vn 0.183868 0.958997 0.215681
vn 0.198359 0.979983 0.016965
vn 0.094246 0.983417 -0.154947
vn 0.088353 0.995846 0.022014
vn 0.198359 0.979983 0.016965
vn 0.193128 0.970213 -0.146246
vn 0.073986 0.706131 -0.704205
vn 0.084685 0.921709 -0.378525
vn 0.167508 0.920259 -0.353646
vn 0.098529 0.710939 -0.696317
vn -0.345004 0.816082 -0.463662
vn -0.321677 0.910118 -0.261168
vn 0.047778 0.967169 -0.249604
vn 0.015805 0.857466 -0.514299
vn -0.321677 0.910118 -0.261168
vn -0.269513 0.962695 -0.024114
vn 0.088353 0.995846 -0.022013
vn 0.047778 0.967169 -0.249604
vn -0.269513 0.962695 -0.024114
vn -0.230734 0.962495 0.142705
vn 0.094246 0.983417 0.154948
vn 0.088353 0.995846 -0.022013
vn -0.182257 0.920427 0.345827
vn 0.084685 0.921709 0.378526
vn 0.094246 0.983417 0.154948
vn -0.230734 0.962495 0.142705
vn 0.098529 0.710939 -0.696317
vn 0.167508 0.920259 -0.353646
vn 0.274428 0.916508 -0.291036
vn 0.149016 0.733201 -0.663483
vn 0.321193 0.947013 0.001329
vn 0.319154 0.938567 -0.131274
vn 0.193128 0.970213 -0.146246
vn 0.198359 0.979983 0.016965
vn 0.183868 0.958997 0.215681
vn 0.280423 0.943996 0.173881
vn 0.321193 0.947013 0.001329
vn 0.198359 0.979983 0.016965
vn 0.223715 0.868509 0.442316
vn 0.280423 0.943996 0.173881
vn 0.183868 0.958997 0.215681
vn 0.153867 0.858961 0.488376
vn 0.274428 0.916508 0.291037
vn 0.530473 0.820751 0.212053
vn 0.576638 0.809599 0.109720
vn 0.319155 0.938567 0.131274
vn 0.321193 0.947013 -0.001329
vn 0.319155 0.938567 0.131274
vn 0.576638 0.809599 0.109720
vn 0.564420 0.825120 0.024635
vn 0.504028 0.855996 -0.115005
vn 0.280423 0.943996 -0.173880
vn 0.321193 0.947013 -0.001329
vn 0.564420 0.825120 0.024635
vn 0.223715 0.868509 -0.442315
vn 0.280423 0.943996 -0.173880
vn 0.504028 0.855996 -0.115005
vn 0.416321 0.832570 -0.365382
vn 0.797652 0.543807 0.260817
vn 0.819536 0.562552 0.109069
vn 0.985370 0.054479 0.161487
vn 0.937480 -0.022222 0.347328
vn 0.819536 0.562551 -0.109069
vn 0.797652 0.543807 -0.260816
vn 0.937480 -0.022222 -0.347329
vn 0.985370 0.054479 -0.161487
vn 0.937480 -0.022222 0.347328
vn 0.985370 0.054479 0.161487
vn 0.942057 -0.293717 0.162048
vn 0.896395 -0.275273 0.347421
vn 0.985370 0.054479 -0.161487
vn 0.937480 -0.022222 -0.347329
vn 0.896395 -0.275273 -0.347422
vn 0.942057 -0.293717 -0.162048
vn 0.985370 0.054479 0.161487
vn 0.997828 0.065869 0.000000
vn 0.952511 -0.304505 0.000000
vn 0.942057 -0.293717 0.162048
vn 0.997828 0.065869 0.000000
vn 0.985370 0.054479 -0.161487
vn 0.942057 -0.293717 -0.162048
vn 0.952511 -0.304505 0.000000
vn 0.997828 0.065869 0.000000
vn 0.985370 0.054479 0.161487
vn 0.819536 0.562552 0.109069
vn 0.828110 0.560565 -0.000000
vn 0.985370 0.054479 -0.161487
vn 0.997828 0.065869 0.000000
vn 0.828110 0.560565 -0.000000
vn 0.819536 0.562551 -0.109069
vn 0.910311 -0.186385 0.369587
vn 0.961663 -0.103384 0.253999
vn 0.922697 -0.311949 0.226537
vn 0.870691 -0.283940 0.401590
vn 0.961663 -0.103385 -0.254000
vn 0.910310 -0.186386 -0.369588
vn 0.870691 -0.283940 -0.401590
vn 0.922697 -0.311949 -0.226537
vn 0.999656 -0.005903 0.025564
vn 0.994858 -0.077820 -0.064817
vn 0.943553 -0.309158 -0.118868
vn 0.936341 -0.349894 0.028990
vn 0.994858 -0.077820 0.064816
vn 0.999656 -0.005904 -0.025564
vn 0.936341 -0.349894 -0.028990
vn 0.943553 -0.309158 0.118868
vn 0.906119 -0.270076 -0.325587
vn 0.958858 -0.214031 -0.186501
vn 0.799801 -0.219692 -0.558617
vn 0.779434 -0.158184 -0.606185
vn 0.906120 -0.270076 0.325586
vn 0.958858 -0.214031 0.186500
vn 0.994858 -0.077820 0.064816
vn 0.943553 -0.309158 0.118868
vn 0.961663 -0.103384 0.253999
vn 0.999656 -0.005903 0.025564
vn 0.936341 -0.349894 0.028990
vn 0.922697 -0.311949 0.226537
vn 0.999656 -0.005904 -0.025564
vn 0.961663 -0.103385 -0.254000
vn 0.922697 -0.311949 -0.226537
vn 0.936341 -0.349894 -0.028990
vn 0.961663 -0.103384 0.253999
vn 0.910311 -0.186385 0.369587
vn 0.792774 0.504790 0.341609
vn 0.783567 0.587360 0.202564
vn 0.910310 -0.186386 -0.369588
vn 0.961663 -0.103385 -0.254000
vn 0.783566 0.587359 -0.202564
vn 0.792774 0.504790 -0.341609
vn 0.783567 0.587360 0.202564
vn 0.750759 0.659277 0.041412
vn 0.999656 -0.005903 0.025564
vn 0.961663 -0.103384 0.253999
vn 0.750759 0.659277 -0.041412
vn 0.783566 0.587359 -0.202564
vn 0.961663 -0.103385 -0.254000
vn 0.999656 -0.005904 -0.025564
vn 0.994858 -0.077820 -0.064817
vn 0.999656 -0.005903 0.025564
vn 0.750759 0.659277 0.041412
vn 0.740918 0.670465 -0.038954
vn 0.999656 -0.005904 -0.025564
vn 0.994858 -0.077820 0.064816
vn 0.740917 0.670465 0.038954
vn 0.750759 0.659277 -0.041412
vn 0.799801 -0.219692 -0.558617
vn 0.958858 -0.214031 -0.186501
vn 0.736345 0.652046 -0.180643
vn 0.743852 0.512700 -0.428746
vn 0.994858 -0.077820 0.064816
vn 0.958858 -0.214031 0.186500
vn 0.736345 0.652046 0.180643
vn 0.740917 0.670465 0.038954
vn 0.896395 -0.275273 -0.347422
vn 0.937480 -0.022222 -0.347329
vn 0.936386 -0.095031 -0.337863
vn 0.943699 -0.214162 -0.252123
vn 0.937480 -0.022222 0.347328
vn 0.896395 -0.275273 0.347421
vn 0.943700 -0.214161 0.252123
vn 0.936386 -0.095030 0.337861
vn 0.910311 -0.186385 0.369587
vn 0.870691 -0.283940 0.401590
vn 0.943699 -0.214162 -0.252123
vn 0.936386 -0.095031 -0.337863
vn 0.870691 -0.283940 -0.401590
vn 0.910310 -0.186386 -0.369588
vn 0.936386 -0.095030 0.337861
vn 0.943700 -0.214161 0.252123
vn 0.838190 0.240613 0.489431
vn 0.942882 0.227925 -0.242948
vn 0.943393 0.165970 -0.287164
vn 0.830082 0.140567 0.539633
vn 0.943393 0.165971 0.287164
vn 0.942882 0.227925 0.242948
vn 0.838190 0.240614 -0.489431
vn 0.830082 0.140567 -0.539633
vn 0.943393 0.165970 -0.287164
vn 0.942882 0.227925 -0.242948
vn 0.879671 0.246949 -0.406441
vn 0.886595 0.140589 -0.440664
vn 0.879671 0.246949 0.406441
vn 0.942882 0.227925 0.242948
vn 0.943393 0.165971 0.287164
vn 0.886594 0.140589 0.440664
vn 0.851761 0.067935 0.519508
vn 0.830082 0.140567 0.539633
vn 0.943393 0.165970 -0.287164
vn 0.973925 0.106997 -0.200055
vn 0.830082 0.140567 -0.539633
vn 0.851761 0.067936 -0.519508
vn 0.973925 0.106997 0.200055
vn 0.943393 0.165971 0.287164
vn 0.880870 -0.093896 0.463953
vn 0.851761 0.067935 0.519508
vn 0.973925 0.106997 -0.200055
vn 0.976472 -0.035099 -0.212768
vn 0.851761 0.067936 -0.519508
vn 0.880870 -0.093896 -0.463953
vn 0.976472 -0.035099 0.212767
vn 0.973925 0.106997 0.200055
vn 0.870691 -0.283940 0.401590
vn 0.880870 -0.093896 0.463953
vn 0.976472 -0.035099 -0.212768
vn 0.943699 -0.214162 -0.252123
vn 0.880870 -0.093896 -0.463953
vn 0.870691 -0.283940 -0.401590
vn 0.943700 -0.214161 0.252123
vn 0.976472 -0.035099 0.212767
vn 0.943699 -0.214162 -0.252123
vn 0.976472 -0.035099 -0.212768
vn 0.914809 -0.033086 -0.402529
vn 0.896395 -0.275273 -0.347422
vn 0.976472 -0.035099 0.212767
vn 0.943700 -0.214161 0.252123
vn 0.896395 -0.275273 0.347421
vn 0.914809 -0.033086 0.402529
vn 0.901084 0.077070 -0.426741
vn 0.914809 -0.033086 -0.402529
vn 0.976472 -0.035099 -0.212768
vn 0.973925 0.106997 -0.200055
vn 0.914809 -0.033086 0.402529
vn 0.901084 0.077070 0.426741
vn 0.973925 0.106997 0.200055
vn 0.976472 -0.035099 0.212767
vn 0.886595 0.140589 -0.440664
vn 0.901084 0.077070 -0.426741
vn 0.973925 0.106997 -0.200055
vn 0.943393 0.165970 -0.287164
vn 0.901084 0.077070 0.426741
vn 0.886594 0.140589 0.440664
vn 0.943393 0.165971 0.287164
vn 0.973925 0.106997 0.200055
vn 0.857678 0.397992 -0.325563
vn 0.869952 0.343870 -0.353465
vn 0.901254 0.183400 -0.392562
vn 0.926189 0.210738 -0.312673
vn 0.901255 0.183400 0.392561
vn 0.869952 0.343870 0.353465
vn 0.857677 0.397992 0.325564
vn 0.926189 0.210738 0.312673
vn 0.802270 0.437206 0.406465
vn 0.857678 0.397992 -0.325563
vn 0.926189 0.210738 -0.312673
vn 0.861475 0.204467 0.464817
vn 0.926189 0.210738 0.312673
vn 0.857677 0.397992 0.325564
vn 0.802270 0.437206 -0.406465
vn 0.861474 0.204467 -0.464817
vn 0.847290 0.460180 -0.265206
vn 0.792774 0.504790 0.341609
vn 0.910311 -0.186385 0.369587
vn 0.936386 -0.095031 -0.337863
vn 0.792774 0.504790 -0.341609
vn 0.847290 0.460181 0.265206
vn 0.936386 -0.095030 0.337861
vn 0.910310 -0.186386 -0.369588
vn 0.937480 -0.022222 -0.347329
vn 0.797652 0.543807 -0.260816
vn 0.847290 0.460180 -0.265206
vn 0.936386 -0.095031 -0.337863
vn 0.797652 0.543807 0.260817
vn 0.937480 -0.022222 0.347328
vn 0.936386 -0.095030 0.337861
vn 0.847290 0.460181 0.265206
vn 0.901254 0.183400 -0.392562
vn 0.919688 0.083872 -0.383587
vn 0.949981 0.106688 -0.293520
vn 0.926189 0.210738 -0.312673
vn 0.919688 0.083872 0.383587
vn 0.901255 0.183400 0.392561
vn 0.926189 0.210738 0.312673
vn 0.949981 0.106688 0.293520
vn 0.926189 0.210738 -0.312673
vn 0.949981 0.106688 -0.293520
vn 0.876087 0.103435 0.470928
vn 0.861475 0.204467 0.464817
vn 0.949981 0.106688 0.293520
vn 0.926189 0.210738 0.312673
vn 0.861474 0.204467 -0.464817
vn 0.876087 0.103435 -0.470928
vn 0.919688 0.083872 -0.383587
vn 0.924774 -0.007905 -0.380435
vn 0.973569 0.001754 -0.228388
vn 0.949981 0.106688 -0.293520
vn 0.924774 -0.007905 0.380435
vn 0.919688 0.083872 0.383587
vn 0.949981 0.106688 0.293520
vn 0.973569 0.001754 0.228388
vn 0.924774 -0.007905 -0.380435
vn 0.913161 -0.151683 -0.378325
vn 0.966813 -0.227200 -0.116848
vn 0.973569 0.001754 -0.228388
vn 0.966813 -0.227200 0.116848
vn 0.913161 -0.151683 0.378325
vn 0.924774 -0.007905 0.380435
vn 0.973569 0.001754 0.228388
vn 0.966813 -0.227200 -0.116848
vn 0.876691 -0.172247 0.449159
vn 0.882798 0.008858 0.469669
vn 0.973569 0.001754 -0.228388
vn 0.882798 0.008858 -0.469669
vn 0.876691 -0.172247 -0.449159
vn 0.966813 -0.227200 0.116848
vn 0.973569 0.001754 0.228388
vn 0.949981 0.106688 -0.293520
vn 0.973569 0.001754 -0.228388
vn 0.882798 0.008858 0.469669
vn 0.876087 0.103435 0.470928
vn 0.973569 0.001754 0.228388
vn 0.949981 0.106688 0.293520
vn 0.876087 0.103435 -0.470928
vn 0.882798 0.008858 -0.469669
vn 0.985045 0.037599 0.168144
vn 0.994348 0.106167 -0.000001
vn 0.917480 -0.397783 -0.000000
vn 0.902409 -0.389583 0.184075
vn 0.994348 0.106167 -0.000001
vn 0.985045 0.037599 -0.168144
vn 0.902409 -0.389583 -0.184076
vn 0.917480 -0.397783 -0.000000
vn 0.902409 -0.389583 0.184075
vn 0.860224 -0.368091 0.352879
vn 0.935265 -0.039587 0.351727
vn 0.985045 0.037599 0.168144
vn 0.860224 -0.368091 -0.352879
vn 0.902409 -0.389583 -0.184076
vn 0.985045 0.037599 -0.168144
vn 0.935265 -0.039587 -0.351727
vn 0.997494 0.034692 0.061662
vn 0.935265 -0.039587 0.351727
vn 0.860224 -0.368091 0.352879
vn 0.920968 -0.387682 0.038989
vn 0.935265 -0.039587 -0.351727
vn 0.997494 0.034692 -0.061662
vn 0.920968 -0.387682 -0.038989
vn 0.860224 -0.368091 -0.352879
vn 0.997494 0.034692 0.061662
vn 0.920968 -0.387682 0.038989
vn 0.839421 -0.370459 -0.397660
vn 0.927904 0.008617 -0.372720
vn 0.920968 -0.387682 -0.038989
vn 0.997494 0.034692 -0.061662
vn 0.927904 0.008616 0.372720
vn 0.839421 -0.370458 0.397660
vn 0.724594 0.610505 -0.319761
vn 0.935265 -0.039587 -0.351727
vn 0.985045 0.037599 -0.168144
vn 0.710556 0.692599 -0.124166
vn 0.935265 -0.039587 0.351727
vn 0.724594 0.610505 0.319761
vn 0.710555 0.692599 0.124165
vn 0.985045 0.037599 0.168144
vn 0.985045 0.037599 -0.168144
vn 0.994348 0.106167 -0.000001
vn 0.687822 0.725879 -0.000000
vn 0.710556 0.692599 -0.124166
vn 0.994348 0.106167 -0.000001
vn 0.985045 0.037599 0.168144
vn 0.710555 0.692599 0.124165
vn 0.687822 0.725879 -0.000000
vn 0.724594 0.610505 -0.319761
vn 0.815695 0.554684 -0.164216
vn 0.997494 0.034692 -0.061662
vn 0.935265 -0.039587 -0.351727
vn 0.815695 0.554684 0.164217
vn 0.724594 0.610505 0.319761
vn 0.935265 -0.039587 0.351727
vn 0.997494 0.034692 0.061662
vn 0.997494 0.034692 -0.061662
vn 0.815695 0.554684 -0.164216
vn 0.735697 0.556441 0.386165
vn 0.927904 0.008616 0.372720
vn 0.815695 0.554684 0.164217
vn 0.997494 0.034692 0.061662
vn 0.927904 0.008617 -0.372720
vn 0.735697 0.556441 -0.386164
vn 0.899117 -0.436480 0.032749
vn 0.891608 -0.404584 0.203339
vn 0.979112 -0.078265 0.187657
vn 0.996320 -0.085146 0.009848
vn 0.891608 -0.404585 -0.203339
vn 0.899117 -0.436481 -0.032749
vn 0.996320 -0.085147 -0.009848
vn 0.979112 -0.078265 -0.187657
vn 0.773450 -0.266509 -0.575107
vn 0.855135 -0.423038 -0.299637
vn 0.950773 -0.160136 -0.265306
vn 0.750639 -0.097378 -0.653498
vn 0.890481 -0.443684 0.100938
vn 0.855135 -0.423038 0.299637
vn 0.950773 -0.160136 0.265305
vn 0.985827 -0.143746 0.086499
vn 0.890481 -0.443684 -0.100938
vn 0.899117 -0.436480 0.032749
vn 0.996320 -0.085146 0.009848
vn 0.985827 -0.143747 -0.086500
vn 0.899117 -0.436481 -0.032749
vn 0.890481 -0.443684 0.100938
vn 0.985827 -0.143746 0.086499
vn 0.996320 -0.085147 -0.009848
vn 0.927904 0.008616 0.372720
vn 0.979112 -0.078265 0.187657
vn 0.891608 -0.404584 0.203339
vn 0.839421 -0.370458 0.397660
vn 0.979112 -0.078265 -0.187657
vn 0.927904 0.008617 -0.372720
vn 0.839421 -0.370459 -0.397660
vn 0.891608 -0.404585 -0.203339
vn 0.735697 0.556441 0.386165
vn 0.744815 0.632966 0.211199
vn 0.979112 -0.078265 0.187657
vn 0.927904 0.008616 0.372720
vn 0.744815 0.632966 -0.211199
vn 0.735697 0.556441 -0.386164
vn 0.927904 0.008617 -0.372720
vn 0.979112 -0.078265 -0.187657
vn 0.996320 -0.085146 0.009848
vn 0.979112 -0.078265 0.187657
vn 0.744815 0.632966 0.211199
vn 0.736140 0.676251 0.027962
vn 0.979112 -0.078265 -0.187657
vn 0.996320 -0.085147 -0.009848
vn 0.736140 0.676251 -0.027962
vn 0.744815 0.632966 -0.211199
vn 0.985827 -0.143747 -0.086500
vn 0.996320 -0.085146 0.009848
vn 0.736140 0.676251 0.027962
vn 0.768006 0.629225 -0.119339
vn 0.996320 -0.085147 -0.009848
vn 0.985827 -0.143746 0.086499
vn 0.768006 0.629226 0.119339
vn 0.736140 0.676251 -0.027962
vn 0.750639 -0.097378 -0.653498
vn 0.950773 -0.160136 -0.265306
vn 0.798346 0.520234 -0.303317
vn 0.749959 0.318516 -0.579749
vn 0.985827 -0.143746 0.086499
vn 0.950773 -0.160136 0.265305
vn 0.798346 0.520234 0.303316
vn 0.768006 0.629226 0.119339
vn 0.724594 0.610505 -0.319761
vn 0.811259 0.422706 -0.403954
vn 0.904778 0.391910 -0.166683
vn 0.815695 0.554684 -0.164216
vn 0.811259 0.422706 0.403954
vn 0.724594 0.610505 0.319761
vn 0.815695 0.554684 0.164217
vn 0.904778 0.391910 0.166683
vn 0.811259 0.422706 -0.403954
vn 0.854559 0.205924 -0.476786
vn 0.975534 0.196323 -0.098944
vn 0.904778 0.391910 -0.166683
vn 0.854559 0.205924 0.476786
vn 0.811259 0.422706 0.403954
vn 0.904778 0.391910 0.166683
vn 0.975534 0.196323 0.098944
vn 0.854559 0.205924 -0.476786
vn 0.863186 0.107018 -0.493413
vn 0.988341 0.152236 -0.002653
vn 0.975534 0.196323 -0.098944
vn 0.863186 0.107018 0.493413
vn 0.854559 0.205924 0.476786
vn 0.975534 0.196323 0.098944
vn 0.988341 0.152236 0.002653
vn 0.863186 0.107018 -0.493413
vn 0.894345 -0.036656 -0.445873
vn 0.999993 0.001183 -0.003638
vn 0.988341 0.152236 -0.002653
vn 0.999993 0.001183 0.003638
vn 0.894345 -0.036656 0.445873
vn 0.863186 0.107018 0.493413
vn 0.988341 0.152236 0.002653
vn 0.999993 0.001183 -0.003638
vn 0.883621 -0.086416 0.460159
vn 0.854107 0.090629 0.512140
vn 0.988341 0.152236 -0.002653
vn 0.854107 0.090629 -0.512140
vn 0.883621 -0.086416 -0.460158
vn 0.999993 0.001183 0.003638
vn 0.988341 0.152236 0.002653
vn 0.975534 0.196323 -0.098944
vn 0.988341 0.152236 -0.002653
vn 0.854107 0.090629 0.512140
vn 0.832579 0.189762 0.520388
vn 0.988341 0.152236 0.002653
vn 0.975534 0.196323 0.098944
vn 0.832579 0.189762 -0.520388
vn 0.854107 0.090629 -0.512140
vn 0.904778 0.391910 -0.166683
vn 0.975534 0.196323 -0.098944
vn 0.832579 0.189762 0.520388
vn 0.798185 0.384277 0.463931
vn 0.975534 0.196323 0.098944
vn 0.904778 0.391910 0.166683
vn 0.798185 0.384277 -0.463931
vn 0.832579 0.189762 -0.520388
vn 0.798185 0.384277 0.463931
vn 0.735697 0.556441 0.386165
vn 0.815695 0.554684 -0.164216
vn 0.904778 0.391910 -0.166683
vn 0.735697 0.556441 -0.386164
vn 0.798185 0.384277 -0.463931
vn 0.904778 0.391910 0.166683
vn 0.815695 0.554684 0.164217
vn 0.969615 0.096459 -0.224816
vn 0.976692 0.214644 0.000000
vn -0.061766 0.998091 0.000000
vn 0.070596 0.977380 -0.199359
vn 0.976692 0.214644 0.000000
vn 0.969615 0.096460 0.224816
vn 0.070596 0.977380 0.199359
vn -0.061766 0.998091 0.000000
vn 0.902285 0.086036 -0.422469
vn 0.282921 0.776172 -0.563483
vn 0.544058 0.838551 0.028845
vn 0.987749 0.155267 0.015640
vn 0.282921 0.776172 0.563483
vn 0.902285 0.086036 0.422469
vn 0.987749 0.155267 -0.015639
vn 0.544059 0.838551 -0.028845
vn 0.070596 0.977380 -0.199359
vn 0.282921 0.776172 -0.563483
vn 0.902285 0.086036 -0.422469
vn 0.969615 0.096459 -0.224816
vn 0.282921 0.776172 0.563483
vn 0.070596 0.977380 0.199359
vn 0.969615 0.096460 0.224816
vn 0.902285 0.086036 0.422469
vn 0.544058 0.838551 0.028845
vn 0.145837 0.844248 0.515729
vn 0.865047 0.176034 0.469793
vn 0.987749 0.155267 0.015640
vn 0.145837 0.844248 -0.515729
vn 0.544059 0.838551 -0.028845
vn 0.987749 0.155267 -0.015639
vn 0.865047 0.176034 -0.469793
vn -0.035826 0.871979 0.488231
vn 0.145837 0.844248 0.515729
vn 0.544058 0.838551 0.028845
vn 0.052565 0.997953 0.036422
vn 0.145837 0.844248 -0.515729
vn -0.035826 0.871979 -0.488231
vn 0.052565 0.997953 -0.036422
vn 0.544059 0.838551 -0.028845
vn 0.052565 0.997953 0.036422
vn 0.544058 0.838551 0.028845
vn 0.282921 0.776172 -0.563483
vn -0.026020 0.916194 -0.399889
vn 0.544059 0.838551 -0.028845
vn 0.052565 0.997953 -0.036422
vn -0.026020 0.916194 0.399889
vn 0.282921 0.776172 0.563483
vn 0.193258 0.856097 0.479323
vn 0.018377 0.860415 0.509262
vn -0.031595 0.998887 -0.035021
vn 0.160413 0.982235 -0.097377
vn 0.018377 0.860415 -0.509262
vn 0.193258 0.856096 -0.479323
vn 0.160413 0.982235 0.097377
vn -0.031595 0.998887 0.035022
vn 0.019117 0.906603 -0.421552
vn 0.195379 0.899297 -0.391270
vn 0.160413 0.982235 -0.097377
vn -0.031595 0.998887 -0.035021
vn 0.195379 0.899297 0.391270
vn 0.019117 0.906602 0.421553
vn -0.031595 0.998887 0.035022
vn 0.160413 0.982235 0.097377
vn 0.052565 0.997953 0.036422
vn -0.031595 0.998887 -0.035021
vn 0.018377 0.860415 0.509262
vn -0.035826 0.871979 0.488231
vn -0.031595 0.998887 0.035022
vn 0.052565 0.997953 -0.036422
vn -0.035826 0.871979 -0.488231
vn 0.018377 0.860415 -0.509262
vn -0.026020 0.916194 -0.399889
vn 0.019117 0.906603 -0.421552
vn -0.031595 0.998887 -0.035021
vn 0.052565 0.997953 0.036422
vn 0.019117 0.906602 0.421553
vn -0.026020 0.916194 0.399889
vn 0.052565 0.997953 -0.036422
vn -0.031595 0.998887 0.035022
vn 0.396348 0.801714 0.447396
vn 0.193258 0.856097 0.479323
vn 0.160413 0.982235 -0.097377
vn 0.412799 0.897936 -0.152668
vn 0.193258 0.856096 -0.479323
vn 0.396348 0.801714 -0.447396
vn 0.412799 0.897936 0.152669
vn 0.160413 0.982235 0.097377
vn 0.412799 0.897936 -0.152668
vn 0.160413 0.982235 -0.097377
vn 0.195379 0.899297 -0.391270
vn 0.406733 0.829043 -0.383740
vn 0.160413 0.982235 0.097377
vn 0.412799 0.897936 0.152669
vn 0.406733 0.829043 0.383741
vn 0.195379 0.899297 0.391270
vn -0.377501 0.830603 0.409380
vn -0.357465 0.917315 -0.175361
vn -0.074708 0.997201 -0.002888
vn -0.091056 0.892677 0.441404
vn -0.074708 0.997201 0.002888
vn -0.357465 0.917315 0.175361
vn -0.377502 0.830603 -0.409380
vn -0.091056 0.892676 -0.441404
vn -0.357465 0.917315 -0.175361
vn -0.289394 0.890917 -0.350026
vn -0.038270 0.939252 -0.341087
vn -0.074708 0.997201 -0.002888
vn -0.038270 0.939252 0.341087
vn -0.289394 0.890917 0.350027
vn -0.357465 0.917315 0.175361
vn -0.074708 0.997201 0.002888
vn 0.406733 0.829043 -0.383740
vn 0.006620 0.948005 -0.318187
vn 0.089703 0.980029 -0.177471
vn 0.412799 0.897936 -0.152668
vn -0.477479 0.824994 0.302321
vn 0.006620 0.948005 0.318187
vn 0.089703 0.980029 0.177471
vn -0.436207 0.862961 0.254995
vn 0.412799 0.897936 -0.152668
vn 0.089703 0.980029 -0.177471
vn 0.100337 0.910197 0.401837
vn 0.396348 0.801714 0.447396
vn -0.436207 0.862961 0.254995
vn 0.089703 0.980029 0.177471
vn 0.100337 0.910197 -0.401837
vn -0.526107 0.780399 -0.337918
vn 0.419912 0.902974 0.091171
vn 0.392714 0.824657 0.407083
vn 0.224567 0.886670 0.404211
vn 0.205335 0.970407 0.127074
vn 0.224567 0.886670 -0.404211
vn 0.392714 0.824657 -0.407083
vn 0.419912 0.902974 -0.091171
vn 0.205335 0.970407 -0.127074
vn 0.384648 0.856238 -0.344821
vn 0.419912 0.902974 0.091171
vn 0.205335 0.970407 0.127074
vn 0.196537 0.927325 -0.318500
vn 0.205335 0.970407 -0.127074
vn 0.419912 0.902974 -0.091171
vn 0.384648 0.856238 0.344822
vn 0.196537 0.927325 0.318500
vn 0.066547 0.993953 0.087346
vn 0.205335 0.970407 0.127074
vn 0.224567 0.886670 0.404211
vn 0.087491 0.897465 0.432321
vn 0.205335 0.970407 -0.127074
vn 0.066547 0.993953 -0.087346
vn 0.087491 0.897465 -0.432321
vn 0.224567 0.886670 -0.404211
vn 0.205335 0.970407 0.127074
vn 0.066547 0.993953 0.087346
vn 0.089883 0.941911 -0.323613
vn 0.196537 0.927325 -0.318500
vn 0.066547 0.993953 -0.087346
vn 0.205335 0.970407 -0.127074
vn 0.196537 0.927325 0.318500
vn 0.089883 0.941911 0.323613
vn -0.074708 0.997201 -0.002888
vn 0.066547 0.993953 0.087346
vn 0.087491 0.897465 0.432321
vn -0.091056 0.892677 0.441404
vn 0.066547 0.993953 -0.087346
vn -0.074708 0.997201 0.002888
vn -0.091056 0.892676 -0.441404
vn 0.087491 0.897465 -0.432321
vn 0.066547 0.993953 0.087346
vn -0.074708 0.997201 -0.002888
vn -0.038270 0.939252 -0.341087
vn 0.089883 0.941911 -0.323613
vn -0.074708 0.997201 0.002888
vn 0.066547 0.993953 -0.087346
vn 0.089883 0.941911 0.323613
vn -0.038270 0.939252 0.341087
vn 0.089703 0.980029 -0.177471
vn 0.006620 0.948005 -0.318187
vn -0.477479 0.824994 -0.302321
vn -0.436207 0.862961 -0.254995
vn 0.100337 0.910197 0.401837
vn 0.089703 0.980029 -0.177471
vn -0.436207 0.862961 -0.254995
vn -0.526107 0.780399 0.337918
vn 0.089703 0.980029 0.177471
vn 0.006620 0.948005 0.318187
vn 0.406733 0.829043 0.383741
vn 0.412799 0.897936 0.152669
vn 0.100337 0.910197 -0.401837
vn 0.089703 0.980029 0.177471
vn 0.412799 0.897936 0.152669
vn 0.396348 0.801714 -0.447396
vn 0.100337 0.910197 0.401837
vn 0.085080 0.962375 0.258063
vn 0.460743 0.856438 0.232873
vn 0.396348 0.801714 0.447396
vn 0.085080 0.962375 -0.258063
vn 0.100337 0.910197 -0.401837
vn 0.396348 0.801714 -0.447396
vn 0.460743 0.856438 -0.232873
vn 0.085080 0.962375 0.258063
vn 0.100337 0.910197 0.401837
vn -0.526107 0.780399 0.337918
vn -0.592504 0.791864 0.147955
vn 0.100337 0.910197 -0.401837
vn 0.085080 0.962375 -0.258063
vn -0.592504 0.791864 -0.147955
vn -0.526107 0.780399 -0.337918
vn -0.119668 0.991338 -0.054111
vn -0.051189 0.998664 0.007039
vn -0.615194 0.788337 0.007835
vn -0.568840 0.820916 -0.050184
vn -0.051189 0.998664 -0.007039
vn -0.119668 0.991338 0.054110
vn -0.568840 0.820916 0.050184
vn -0.615194 0.788337 -0.007835
vn -0.051189 0.998664 0.007039
vn -0.119668 0.991338 -0.054111
vn 0.451268 0.879020 -0.153886
vn 0.488973 0.872233 0.010713
vn -0.119668 0.991338 0.054110
vn -0.051189 0.998664 -0.007039
vn 0.488973 0.872233 -0.010713
vn 0.451268 0.879020 0.153886
vn 0.488973 0.872233 0.010713
vn 0.460743 0.856438 0.232873
vn 0.085080 0.962375 0.258063
vn -0.051189 0.998664 0.007039
vn 0.460743 0.856438 -0.232873
vn 0.488973 0.872233 -0.010713
vn -0.051189 0.998664 -0.007039
vn 0.085080 0.962375 -0.258063
vn -0.051189 0.998664 0.007039
vn 0.085080 0.962375 0.258063
vn -0.592504 0.791864 0.147955
vn -0.615194 0.788337 0.007835
vn 0.085080 0.962375 -0.258063
vn -0.051189 0.998664 -0.007039
vn -0.615194 0.788337 -0.007835
vn -0.592504 0.791864 -0.147955
vn -0.517500 0.847209 -0.120129
vn -0.477479 0.824994 -0.302321
vn 0.006620 0.948005 -0.318187
vn -0.133065 0.978199 -0.159437
vn -0.477479 0.824994 0.302321
vn -0.517500 0.847209 0.120129
vn -0.133065 0.978199 0.159438
vn 0.006620 0.948005 0.318187
vn -0.133065 0.978199 -0.159437
vn 0.006620 0.948005 -0.318187
vn 0.406733 0.829043 -0.383740
vn 0.460421 0.864686 -0.200827
vn 0.006620 0.948005 0.318187
vn -0.133065 0.978199 0.159438
vn 0.460421 0.864686 0.200827
vn 0.406733 0.829043 0.383741
vn -0.133065 0.978199 -0.159437
vn -0.234381 0.972145 0.000000
vn -0.532467 0.846451 -0.000000
vn -0.517500 0.847209 -0.120129
vn -0.234381 0.972145 0.000000
vn -0.133065 0.978199 0.159438
vn -0.517500 0.847209 0.120129
vn -0.532467 0.846451 -0.000000
vn -0.234381 0.972145 0.000000
vn -0.133065 0.978199 -0.159437
vn 0.460421 0.864686 -0.200827
vn 0.486001 0.873958 0.000000
vn -0.133065 0.978199 0.159438
vn -0.234381 0.972145 0.000000
vn 0.486001 0.873958 0.000000
vn 0.460421 0.864686 0.200827
vn 0.333150 0.873092 0.355980
vn -0.151611 0.965084 0.213606
vn -0.119668 0.991338 0.054110
vn 0.451268 0.879020 0.153886
vn 0.333150 0.873092 -0.355980
vn -0.151612 0.965083 -0.213607
vn -0.123345 0.748674 -0.651362
vn 0.141828 0.717317 -0.682159
vn -0.119668 0.991338 0.054110
vn -0.151611 0.965084 0.213606
vn -0.483716 0.837311 0.254812
vn -0.568840 0.820916 0.050184
vn -0.123345 0.748674 -0.651362
vn -0.151612 0.965083 -0.213607
vn -0.483716 0.837311 -0.254812
vn -0.248429 0.672185 -0.697460
vn 0.526535 0.797271 0.295160
vn -0.001175 0.983060 0.183279
vn -0.012510 0.995802 0.090676
vn 0.549813 0.824331 0.134849
vn 0.526535 0.797272 -0.295160
vn -0.001176 0.983060 -0.183278
vn 0.032027 0.799718 -0.599520
vn 0.355540 0.682974 -0.638073
vn -0.012510 0.995802 0.090676
vn -0.001175 0.983060 0.183279
vn -0.559377 0.805645 0.195023
vn -0.626505 0.776989 0.061470
vn 0.032027 0.799718 -0.599520
vn -0.001176 0.983060 -0.183278
vn -0.559377 0.805645 -0.195023
vn -0.298946 0.739094 -0.603632
vn -0.012510 0.995802 0.090676
vn -0.111110 0.993771 -0.008651
vn 0.548884 0.835784 -0.013808
vn 0.549813 0.824331 0.134849
vn -0.111109 0.993771 0.008651
vn -0.012510 0.995802 -0.090676
vn 0.549813 0.824331 -0.134849
vn 0.548884 0.835784 0.013808
vn -0.111110 0.993771 -0.008651
vn -0.012510 0.995802 0.090676
vn -0.626505 0.776989 0.061470
vn -0.636231 0.771255 -0.019358
vn -0.012510 0.995802 -0.090676
vn -0.111109 0.993771 0.008651
vn -0.636231 0.771255 0.019358
vn -0.626505 0.776989 -0.061470
vn -0.065882 0.963099 -0.260960
vn -0.111110 0.993771 -0.008651
vn -0.636231 0.771255 -0.019358
vn -0.585922 0.785111 -0.200741
vn -0.111109 0.993771 0.008651
vn -0.065881 0.963099 0.260960
vn -0.585921 0.785111 0.200742
vn -0.636231 0.771255 0.019358
vn 0.532989 0.812581 -0.235872
vn 0.548884 0.835784 -0.013808
vn -0.111110 0.993771 -0.008651
vn -0.065882 0.963099 -0.260960
vn 0.548884 0.835784 0.013808
vn 0.532989 0.812581 0.235872
vn -0.065881 0.963099 0.260960
vn -0.111109 0.993771 0.008651
vn 0.288518 0.955671 -0.058745
vn 0.576263 0.812342 -0.089563
vn 0.511053 0.752081 -0.416172
vn 0.045250 0.907820 -0.416912
vn 0.576263 0.812342 0.089563
vn 0.288518 0.955670 0.058746
vn 0.045250 0.907820 0.416913
vn 0.511053 0.752081 0.416172
vn 0.288518 0.955671 -0.058745
vn 0.253336 0.898689 0.358021
vn 0.545099 0.761878 0.349872
vn 0.576263 0.812342 -0.089563
vn 0.253336 0.898689 -0.358021
vn 0.288518 0.955670 0.058746
vn 0.576263 0.812342 0.089563
vn 0.545099 0.761877 -0.349872
vn -0.474916 0.798921 -0.369026
vn -0.362124 0.926108 0.105782
vn 0.288518 0.955671 -0.058745
vn 0.045250 0.907820 -0.416912
vn -0.362124 0.926108 -0.105781
vn -0.474916 0.798921 0.369027
vn 0.045250 0.907820 0.416913
vn 0.288518 0.955670 0.058746
vn -0.362124 0.926108 0.105782
vn -0.464788 0.846949 0.258166
vn 0.253336 0.898689 0.358021
vn 0.288518 0.955671 -0.058745
vn -0.464788 0.846949 -0.258166
vn -0.362124 0.926108 -0.105781
vn 0.288518 0.955670 0.058746
vn 0.253336 0.898689 -0.358021
vn 0.045250 0.907820 -0.416912
vn -0.065882 0.963099 -0.260960
vn -0.585922 0.785111 -0.200741
vn -0.474916 0.798921 -0.369026
vn -0.065881 0.963099 0.260960
vn 0.045250 0.907820 0.416913
vn -0.474916 0.798921 0.369027
vn -0.585921 0.785111 0.200742
vn -0.065882 0.963099 -0.260960
vn 0.045250 0.907820 -0.416912
vn 0.511053 0.752081 -0.416172
vn 0.532989 0.812581 -0.235872
vn 0.045250 0.907820 0.416913
vn -0.065881 0.963099 0.260960
vn 0.532989 0.812581 0.235872
vn 0.511053 0.752081 0.416172
vn -0.464788 0.846949 0.258166
vn -0.502839 0.860134 0.085569
vn 0.028940 0.982130 0.185968
vn 0.253336 0.898689 0.358021
vn -0.502839 0.860134 -0.085569
vn -0.464788 0.846949 -0.258166
vn 0.253336 0.898689 -0.358021
vn 0.028940 0.982130 -0.185968
vn 0.253336 0.898689 0.358021
vn 0.028940 0.982130 0.185968
vn 0.576805 0.788297 0.214204
vn 0.545099 0.761878 0.349872
vn 0.028940 0.982130 -0.185968
vn 0.253336 0.898689 -0.358021
vn 0.545099 0.761877 -0.349872
vn 0.576805 0.788297 -0.214205
vn -0.502839 0.860134 0.085569
vn -0.492346 0.870400 -0.000000
vn -0.126335 0.991988 0.000000
vn 0.028940 0.982130 0.185968
vn -0.492346 0.870400 -0.000000
vn -0.502839 0.860134 -0.085569
vn 0.028940 0.982130 -0.185968
vn -0.126335 0.991988 0.000000
vn 0.028940 0.982130 0.185968
vn -0.126335 0.991988 0.000000
vn 0.600412 0.799691 -0.000000
vn 0.576805 0.788297 0.214204
vn -0.126335 0.991988 0.000000
vn 0.028940 0.982130 -0.185968
vn 0.576805 0.788297 -0.214205
vn 0.600412 0.799691 -0.000000
vn -0.263363 0.902328 0.341239
vn -0.292441 0.952679 0.082951
vn 0.035256 0.998462 -0.042781
vn 0.024729 0.917913 0.396009
vn 0.035256 0.998462 0.042781
vn -0.292442 0.952679 -0.082951
vn -0.263363 0.902328 -0.341240
vn 0.024729 0.917913 -0.396010
vn 0.035256 0.998462 -0.042781
vn -0.292441 0.952679 0.082951
vn -0.345004 0.816082 -0.463662
vn 0.015805 0.857466 -0.514299
vn -0.345004 0.816082 0.463662
vn -0.292442 0.952679 -0.082951
vn 0.035256 0.998462 0.042781
vn 0.015805 0.857466 0.514298
vn 0.035256 0.998462 -0.042781
vn 0.157921 0.985087 -0.068295
vn 0.129876 0.901281 0.413310
vn 0.024729 0.917913 0.396009
vn 0.157921 0.985087 0.068295
vn 0.035256 0.998462 0.042781
vn 0.024729 0.917913 -0.396010
vn 0.129876 0.901281 -0.413310
vn 0.157921 0.985087 -0.068295
vn 0.035256 0.998462 -0.042781
vn 0.015805 0.857466 -0.514299
vn 0.153867 0.858961 -0.488376
vn 0.035256 0.998462 0.042781
vn 0.157921 0.985087 0.068295
vn 0.153867 0.858961 0.488376
vn 0.015805 0.857466 0.514298
vn 0.153867 0.858961 -0.488376
vn 0.223715 0.868509 -0.442315
vn 0.213029 0.970925 -0.109196
vn 0.157921 0.985087 -0.068295
vn 0.223715 0.868509 0.442316
vn 0.153867 0.858961 0.488376
vn 0.157921 0.985087 0.068295
vn 0.213029 0.970925 0.109196
vn 0.157921 0.985087 -0.068295
vn 0.213029 0.970925 -0.109196
vn 0.225204 0.889692 0.397155
vn 0.129876 0.901281 0.413310
vn 0.213029 0.970925 0.109196
vn 0.157921 0.985087 0.068295
vn 0.129876 0.901281 -0.413310
vn 0.225204 0.889692 -0.397155
vn 0.213029 0.970925 -0.109196
vn 0.367421 0.926469 -0.081594
vn 0.453186 0.823497 0.341283
vn 0.225204 0.889692 0.397155
vn 0.367421 0.926469 0.081594
vn 0.213029 0.970925 0.109196
vn 0.225204 0.889692 -0.397155
vn 0.453186 0.823497 -0.341283
vn 0.367421 0.926469 -0.081594
vn 0.213029 0.970925 -0.109196
vn 0.223715 0.868509 -0.442315
vn 0.416321 0.832570 -0.365382
vn 0.213029 0.970925 0.109196
vn 0.367421 0.926469 0.081594
vn 0.416321 0.832570 0.365383
vn 0.223715 0.868509 0.442316
vn 0.989446 -0.039301 0.139475
vn 0.865047 0.176034 0.469793
vn 0.145837 0.844248 0.515729
vn 0.036170 0.985312 0.166891
vn 0.865047 0.176034 -0.469793
vn 0.989445 -0.039301 -0.139475
vn 0.036170 0.985312 -0.166891
vn 0.145837 0.844248 -0.515729
vn 0.036170 0.985312 0.166891
vn -0.036994 0.999211 -0.014438
vn 0.992912 -0.118064 -0.013640
vn 0.989446 -0.039301 0.139475
vn -0.036994 0.999211 0.014438
vn 0.036170 0.985312 -0.166891
vn 0.989445 -0.039301 -0.139475
vn 0.992912 -0.118064 0.013640
vn 0.676002 0.351219 -0.647816
vn 0.933009 0.256908 -0.251977
vn 0.124303 0.947890 -0.293350
vn 0.175151 0.733445 -0.656795
vn 0.991544 0.015583 0.128833
vn 0.933009 0.256908 0.251977
vn 0.124303 0.947889 0.293350
vn 0.027497 0.988194 0.150719
vn -0.036994 0.999211 -0.014438
vn 0.027497 0.988194 -0.150719
vn 0.991544 0.015583 -0.128832
vn 0.992912 -0.118064 -0.013640
vn 0.027497 0.988194 0.150719
vn -0.036994 0.999211 0.014438
vn 0.992912 -0.118064 0.013640
vn 0.991544 0.015583 0.128833
vn -0.394768 0.049744 0.917433
vn -0.316361 0.003800 0.948631
vn 0.439117 0.285246 0.851945
vn 0.213494 -0.023438 0.976663
vn 0.743852 0.512700 -0.428746
vn 0.439119 0.285246 -0.851945
vn 0.213495 -0.023441 -0.976663
vn 0.799801 -0.219692 -0.558617
vn 0.460443 0.099422 0.882104
vn -0.279498 -0.093540 0.955579
vn -0.250746 -0.112359 0.961510
vn 0.405007 -0.011153 0.914246
vn 0.405006 -0.011153 -0.914246
vn 0.460443 0.099422 -0.882104
vn 0.778050 0.274867 -0.564877
vn 0.742389 0.073456 -0.665930
vn -0.250746 -0.112359 0.961510
vn -0.288455 -0.031774 0.956966
vn 0.332762 0.029664 0.942544
vn 0.405007 -0.011153 0.914246
vn 0.332762 0.029664 -0.942544
vn 0.405006 -0.011153 -0.914246
vn 0.742389 0.073456 -0.665930
vn 0.687008 0.068386 -0.723425
vn -0.288455 -0.031774 0.956966
vn -0.298627 0.062439 0.952325
vn 0.314273 0.086625 0.945372
vn 0.332762 0.029664 0.942544
vn 0.314273 0.086625 -0.945372
vn 0.332762 0.029664 -0.942544
vn 0.687008 0.068386 -0.723425
vn 0.675116 0.087080 -0.732554
vn -0.298627 0.062439 0.952325
vn -0.280491 0.084014 0.956173
vn 0.413847 0.068742 0.907747
vn 0.314273 0.086625 0.945372
vn 0.739391 0.017869 -0.673039
vn 0.413847 0.068742 -0.907747
vn 0.314273 0.086625 -0.945372
vn 0.675116 0.087080 -0.732554
vn -0.261722 0.000526 0.965143
vn -0.349752 -0.086204 0.932868
vn 0.257286 -0.106520 0.960447
vn 0.471256 -0.097960 0.876540
vn 0.257286 -0.106520 -0.960446
vn 0.471255 -0.097960 -0.876540
vn 0.773450 -0.266509 -0.575107
vn 0.750639 -0.097378 -0.653498
vn -0.349752 -0.086204 0.932868
vn -0.262612 -0.065039 0.962707
vn 0.444332 0.105936 0.889577
vn 0.257286 -0.106520 0.960447
vn 0.444333 0.105936 -0.889576
vn 0.257286 -0.106520 -0.960446
vn 0.750639 -0.097378 -0.653498
vn 0.749959 0.318516 -0.579749
vn -0.262612 -0.065039 0.962707
vn -0.239919 -0.076405 0.967782
vn 0.439544 0.034499 0.897559
vn 0.444332 0.105936 0.889577
vn 0.439544 0.034499 -0.897559
vn 0.444333 0.105936 -0.889576
vn 0.749959 0.318516 -0.579749
vn 0.734909 0.128092 -0.665959
vn -0.239919 -0.076405 0.967782
vn -0.230608 -0.023146 0.972771
vn 0.414790 0.049737 0.908557
vn 0.439544 0.034499 0.897559
vn 0.414789 0.049737 -0.908557
vn 0.439544 0.034499 -0.897559
vn 0.734909 0.128092 -0.665959
vn 0.690535 0.092973 -0.717299
vn -0.230608 -0.023146 0.972771
vn -0.230932 0.044513 0.971951
vn 0.418232 0.122925 0.899984
vn 0.414790 0.049737 0.908557
vn 0.418232 0.122925 -0.899984
vn 0.414789 0.049737 -0.908557
vn 0.690535 0.092973 -0.717299
vn 0.689140 0.152917 -0.708309
vn 0.122907 0.507767 0.852682
vn 0.245599 0.335359 0.909514
vn -0.116469 -0.119188 0.986017
vn -0.009796 -0.157103 0.987534
vn 0.122907 0.507768 -0.852681
vn 0.245599 0.335360 -0.909513
vn 0.676002 0.351219 -0.647816
vn 0.175151 0.733445 -0.656795
vn 0.245599 0.335359 0.909514
vn 0.427869 0.164620 0.888723
vn -0.206226 -0.023736 0.978217
vn -0.116469 -0.119188 0.986017
vn 0.245599 0.335360 -0.909513
vn 0.427868 0.164620 -0.888723
vn 0.676002 0.351219 -0.647816
vn -0.250975 0.063924 0.965881
vn 0.434059 0.190232 0.880571
vn 0.418232 0.122925 0.899984
vn -0.230932 0.044513 0.971951
vn 0.689140 0.152917 -0.708309
vn 0.728018 0.203414 -0.654685
vn 0.434059 0.190232 -0.880571
vn 0.418232 0.122925 -0.899984
vn -0.009796 -0.157103 0.987534
vn 0.049406 -0.225971 0.972880
vn 0.080440 0.476681 0.875388
vn 0.122907 0.507767 0.852682
vn 0.080439 0.476681 -0.875388
vn 0.122907 0.507768 -0.852681
vn 0.175151 0.733445 -0.656795
vn 0.056054 0.708114 -0.703870
vn 0.122907 0.507767 0.852682
vn 0.080440 0.476681 0.875388
vn 0.056054 0.708114 0.703870
vn 0.175152 0.733445 0.656795
vn 0.676003 0.351219 0.647816
vn 0.245599 0.335359 0.909514
vn 0.122907 0.507767 0.852682
vn 0.175152 0.733445 0.656795
vn 0.676003 0.351219 0.647816
vn 0.427869 0.164620 0.888723
vn 0.245599 0.335359 0.909514
vn 0.434059 0.190232 0.880571
vn 0.728018 0.203414 0.654685
vn 0.689141 0.152917 0.708309
vn 0.418232 0.122925 0.899984
vn 0.414790 0.049737 0.908557
vn 0.418232 0.122925 0.899984
vn 0.689141 0.152917 0.708309
vn 0.690535 0.092973 0.717298
vn 0.439544 0.034499 0.897559
vn 0.414790 0.049737 0.908557
vn 0.690535 0.092973 0.717298
vn 0.734909 0.128092 0.665959
vn 0.444332 0.105936 0.889577
vn 0.439544 0.034499 0.897559
vn 0.734909 0.128092 0.665959
vn 0.749959 0.318516 0.579750
vn 0.257286 -0.106520 0.960447
vn 0.444332 0.105936 0.889577
vn 0.749959 0.318516 0.579750
vn 0.750640 -0.097378 0.653497
vn 0.471256 -0.097960 0.876540
vn 0.257286 -0.106520 0.960447
vn 0.750640 -0.097378 0.653497
vn 0.773451 -0.266509 0.575106
vn 0.314273 0.086625 0.945372
vn 0.413847 0.068742 0.907747
vn 0.739391 0.017869 0.673039
vn 0.675116 0.087081 0.732554
vn 0.332762 0.029664 0.942544
vn 0.314273 0.086625 0.945372
vn 0.675116 0.087081 0.732554
vn 0.687008 0.068386 0.723425
vn 0.405007 -0.011153 0.914246
vn 0.332762 0.029664 0.942544
vn 0.687008 0.068386 0.723425
vn 0.742389 0.073456 0.665930
vn 0.778050 0.274867 0.564878
vn 0.460443 0.099422 0.882104
vn 0.405007 -0.011153 0.914246
vn 0.742389 0.073456 0.665930
vn 0.213494 -0.023438 0.976663
vn 0.439117 0.285246 0.851945
vn 0.743851 0.512700 0.428747
vn 0.799801 -0.219691 0.558618
vn 0.049405 -0.225971 -0.972880
vn -0.009796 -0.157103 -0.987534
vn 0.122907 0.507768 -0.852681
vn 0.080439 0.476681 -0.875388
vn -0.009796 -0.157103 -0.987534
vn -0.116468 -0.119187 -0.986017
vn 0.245599 0.335360 -0.909513
vn 0.122907 0.507768 -0.852681
vn -0.116468 -0.119187 -0.986017
vn -0.206225 -0.023735 -0.978217
vn 0.427868 0.164620 -0.888723
vn 0.245599 0.335360 -0.909513
vn 0.418232 0.122925 -0.899984
vn 0.434059 0.190232 -0.880571
vn -0.250975 0.063924 -0.965881
vn -0.230933 0.044514 -0.971951
vn -0.230933 0.044514 -0.971951
vn -0.230608 -0.023146 -0.972771
vn 0.414789 0.049737 -0.908557
vn 0.418232 0.122925 -0.899984
vn -0.230608 -0.023146 -0.972771
vn -0.239918 -0.076405 -0.967782
vn 0.439544 0.034499 -0.897559
vn 0.414789 0.049737 -0.908557
vn -0.239918 -0.076405 -0.967782
vn -0.262611 -0.065039 -0.962707
vn 0.444333 0.105936 -0.889576
vn 0.439544 0.034499 -0.897559
vn -0.262611 -0.065039 -0.962707
vn -0.349752 -0.086204 -0.932868
vn 0.257286 -0.106520 -0.960446
vn 0.444333 0.105936 -0.889576
vn -0.349752 -0.086204 -0.932868
vn -0.261722 0.000526 -0.965143
vn 0.471255 -0.097960 -0.876540
vn 0.257286 -0.106520 -0.960446
vn 0.413847 0.068742 -0.907747
vn -0.280490 0.084014 -0.956173
vn -0.298627 0.062439 -0.952325
vn 0.314273 0.086625 -0.945372
vn -0.298627 0.062439 -0.952325
vn -0.288456 -0.031774 -0.956966
vn 0.332762 0.029664 -0.942544
vn 0.314273 0.086625 -0.945372
vn -0.288456 -0.031774 -0.956966
vn -0.250746 -0.112359 -0.961510
vn 0.405006 -0.011153 -0.914246
vn 0.332762 0.029664 -0.942544
vn -0.250746 -0.112359 -0.961510
vn -0.279498 -0.093540 -0.955579
vn 0.460443 0.099422 -0.882104
vn 0.405006 -0.011153 -0.914246
vn 0.213495 -0.023441 -0.976663
vn 0.439119 0.285246 -0.851945
vn -0.316361 0.003800 -0.948631
vn -0.394769 0.049744 -0.917433
vn 0.799801 -0.219691 0.558618
vn 0.779434 -0.158184 0.606185
vn 0.379034 -0.029955 0.924898
vn 0.213494 -0.023438 0.976663
vn 0.779434 -0.158184 -0.606185
vn 0.799801 -0.219692 -0.558617
vn 0.213495 -0.023441 -0.976663
vn 0.379033 -0.029956 -0.924898
vn 0.374554 0.025259 0.926861
vn 0.379034 -0.029955 0.924898
vn 0.779434 -0.158184 0.606185
vn 0.769187 0.016826 0.638803
vn 0.379033 -0.029956 -0.924898
vn 0.374554 0.025259 -0.926861
vn 0.769187 0.016826 -0.638803
vn 0.779434 -0.158184 -0.606185
vn 0.367332 0.016025 0.929952
vn 0.374554 0.025259 0.926861
vn 0.769187 0.016826 0.638803
vn 0.763783 0.063138 0.642378
vn 0.374554 0.025259 -0.926861
vn 0.367332 0.016025 -0.929952
vn 0.763783 0.063138 -0.642378
vn 0.769187 0.016826 -0.638803
vn 0.763783 0.063138 0.642378
vn 0.772274 0.072582 0.631130
vn 0.383107 0.002867 0.923699
vn 0.367332 0.016025 0.929952
vn 0.772274 0.072582 -0.631130
vn 0.763783 0.063138 -0.642378
vn 0.367332 0.016025 -0.929952
vn 0.383107 0.002867 -0.923700
vn 0.767499 0.150875 0.623043
vn 0.343464 0.088779 0.934960
vn 0.383107 0.002867 0.923699
vn 0.772274 0.072582 0.631130
vn 0.383107 0.002867 -0.923700
vn 0.343464 0.088779 -0.934960
vn 0.767499 0.150875 -0.623043
vn 0.772274 0.072582 -0.631130
vn 0.736368 0.321679 0.595218
vn 0.222361 0.888485 0.401436
vn -0.005716 0.680768 0.732477
vn 0.325087 0.233758 0.916338
vn 0.222361 0.888483 -0.401440
vn 0.736368 0.321679 -0.595218
vn 0.325086 0.233759 -0.916338
vn -0.005716 0.680761 -0.732483
vn 0.213494 -0.023438 0.976663
vn 0.379034 -0.029955 0.924898
vn -0.368306 0.016076 0.929566
vn -0.394768 0.049744 0.917433
vn 0.379033 -0.029956 -0.924898
vn 0.213495 -0.023441 -0.976663
vn -0.394769 0.049744 -0.917433
vn -0.368308 0.016075 -0.929565
vn -0.336030 0.010409 0.941794
vn -0.368306 0.016076 0.929566
vn 0.379034 -0.029955 0.924898
vn 0.374554 0.025259 0.926861
vn -0.368308 0.016075 -0.929565
vn -0.336030 0.010409 -0.941794
vn 0.374554 0.025259 -0.926861
vn 0.379033 -0.029956 -0.924898
vn -0.303802 -0.048899 0.951480
vn -0.336030 0.010409 0.941794
vn 0.374554 0.025259 0.926861
vn 0.367332 0.016025 0.929952
vn -0.336030 0.010409 -0.941794
vn -0.303801 -0.048899 -0.951480
vn 0.367332 0.016025 -0.929952
vn 0.374554 0.025259 -0.926861
vn -0.302627 -0.080879 0.949671
vn -0.303802 -0.048899 0.951480
vn 0.367332 0.016025 0.929952
vn 0.383107 0.002867 0.923699
vn -0.303801 -0.048899 -0.951480
vn -0.302626 -0.080879 -0.949672
vn 0.383107 0.002867 -0.923700
vn 0.367332 0.016025 -0.929952
vn 0.343464 0.088779 0.934960
vn -0.361184 -0.004493 0.932484
vn -0.302627 -0.080879 0.949671
vn 0.383107 0.002867 0.923699
vn -0.302626 -0.080879 -0.949672
vn -0.361184 -0.004493 -0.932484
vn 0.343464 0.088779 -0.934960
vn 0.383107 0.002867 -0.923700
vn 0.325087 0.233758 0.916338
vn -0.005716 0.680768 0.732477
vn -0.473220 0.508704 0.719225
vn -0.374079 0.143656 0.916203
vn -0.005716 0.680761 -0.732483
vn 0.325086 0.233759 -0.916338
vn -0.374080 0.143657 -0.916202
vn -0.473217 0.508700 -0.719229
vn 0.248113 0.963120 0.104119
vn 0.842091 0.466950 0.269890
vn 0.837191 0.541626 0.075848
vn 0.255796 0.966590 0.016479
vn 0.248112 0.963120 -0.104118
vn 0.842091 0.466950 -0.269890
vn 0.736368 0.321679 -0.595218
vn 0.222361 0.888483 -0.401440
vn 0.232917 0.972382 0.014909
vn 0.255796 0.966590 0.016479
vn 0.837191 0.541626 0.075848
vn 0.822573 0.568506 -0.013191
vn 0.255796 0.966590 -0.016478
vn 0.232917 0.972382 -0.014909
vn 0.822574 0.568506 0.013191
vn 0.837191 0.541626 -0.075848
vn 0.203345 0.978892 -0.020526
vn 0.232917 0.972382 0.014909
vn 0.822573 0.568506 -0.013191
vn 0.837147 0.527543 -0.144514
vn 0.232917 0.972382 -0.014909
vn 0.203344 0.978892 0.020526
vn 0.837147 0.527543 0.144514
vn 0.822574 0.568506 0.013191
vn 0.174309 0.977506 -0.118739
vn 0.203345 0.978892 -0.020526
vn 0.837147 0.527543 -0.144514
vn 0.795297 0.435862 -0.421339
vn 0.203344 0.978892 0.020526
vn 0.174309 0.977506 0.118739
vn 0.795297 0.435861 0.421341
vn 0.837147 0.527543 0.144514
vn 0.008415 0.979883 0.199397
vn 0.174309 0.977506 -0.118739
vn 0.795297 0.435862 -0.421339
vn 0.885644 0.421923 0.193946
vn 0.174309 0.977506 0.118739
vn 0.008416 0.979883 -0.199397
vn 0.885644 0.421924 -0.193944
vn 0.795297 0.435861 0.421341
vn 0.154767 0.979893 0.125927
vn 0.008415 0.979883 0.199397
vn 0.885644 0.421923 0.193946
vn 0.800924 0.508280 0.316501
vn 0.008416 0.979883 -0.199397
vn 0.154768 0.979892 -0.125928
vn 0.800924 0.508280 -0.316501
vn 0.885644 0.421924 -0.193944
vn 0.800924 0.508280 0.316501
vn 0.822444 0.564505 0.070144
vn 0.183106 0.983021 -0.011952
vn 0.154767 0.979893 0.125927
vn 0.822444 0.564505 -0.070144
vn 0.800924 0.508280 -0.316501
vn 0.154768 0.979892 -0.125928
vn 0.183106 0.983021 0.011952
vn 0.216541 0.976274 0.000001
vn 0.183106 0.983021 -0.011952
vn 0.822444 0.564505 0.070144
vn 0.818999 0.573795 0.000000
vn 0.183106 0.983021 0.011952
vn 0.216541 0.976274 0.000001
vn 0.818999 0.573795 0.000000
vn 0.822444 0.564505 -0.070144
vn 0.080440 0.476681 0.875388
vn 0.024596 0.470050 0.882297
vn 0.028559 0.671540 0.740418
vn 0.056054 0.708114 0.703870
vn 0.024596 0.470049 -0.882297
vn 0.080439 0.476681 -0.875388
vn 0.056054 0.708114 -0.703870
vn 0.028559 0.671539 -0.740418
vn 0.024596 0.470050 0.882297
vn 0.002731 0.485409 0.874283
vn 0.030018 0.704601 0.708969
vn 0.028559 0.671540 0.740418
vn 0.002731 0.485409 -0.874283
vn 0.024596 0.470049 -0.882297
vn 0.028559 0.671539 -0.740418
vn 0.030017 0.704601 -0.708969
vn -0.248428 0.672184 0.697461
vn -0.123345 0.748674 0.651363
vn -0.036332 0.400728 0.915476
vn -0.146543 0.405699 0.902183
vn -0.123345 0.748674 -0.651362
vn -0.248429 0.672185 -0.697460
vn -0.146543 0.405698 -0.902183
vn -0.036332 0.400729 -0.915476
vn 0.141828 0.717317 0.682159
vn 0.081122 0.490695 0.867547
vn -0.036332 0.400728 0.915476
vn -0.123345 0.748674 0.651363
vn 0.081122 0.490696 -0.867547
vn 0.141828 0.717317 -0.682159
vn -0.123345 0.748674 -0.651362
vn -0.036332 0.400729 -0.915476
vn 0.002731 0.485409 0.874283
vn 0.081122 0.490695 0.867547
vn 0.141828 0.717317 0.682159
vn 0.030018 0.704601 0.708969
vn 0.081122 0.490696 -0.867547
vn 0.002731 0.485409 -0.874283
vn 0.030017 0.704601 -0.708969
vn 0.141828 0.717317 -0.682159
vn -0.051452 0.656685 0.752408
vn 0.002647 0.377220 0.926120
vn 0.032685 0.386838 0.921568
vn 0.023933 0.640492 0.767592
vn 0.032686 0.386838 -0.921568
vn 0.002647 0.377220 -0.926120
vn -0.051452 0.656685 -0.752407
vn 0.023933 0.640492 -0.767592
vn 0.033376 0.638291 0.769072
vn 0.023933 0.640492 0.767592
vn 0.032685 0.386838 0.921568
vn 0.013131 0.396324 0.918017
vn 0.023933 0.640492 -0.767592
vn 0.033377 0.638291 -0.769071
vn 0.013131 0.396324 -0.918017
vn 0.032686 0.386838 -0.921568
vn 0.013131 0.396324 0.918017
vn 0.009782 0.400848 0.916093
vn 0.052199 0.650330 0.757856
vn 0.033376 0.638291 0.769072
vn 0.009782 0.400847 -0.916093
vn 0.013131 0.396324 -0.918017
vn 0.033377 0.638291 -0.769071
vn 0.052199 0.650330 -0.757856
vn 0.009782 0.400848 0.916093
vn 0.096464 0.438158 0.893707
vn 0.169041 0.679227 0.714196
vn 0.052199 0.650330 0.757856
vn 0.169041 0.679226 -0.714197
vn 0.096464 0.438158 -0.893707
vn 0.009782 0.400847 -0.916093
vn 0.052199 0.650330 -0.757856
vn 0.355540 0.682974 0.638073
vn 0.227708 0.454627 0.861082
vn 0.118102 0.467013 0.876328
vn 0.032027 0.799719 0.599520
vn 0.227708 0.454627 -0.861083
vn 0.355540 0.682974 -0.638073
vn 0.032027 0.799718 -0.599520
vn 0.118101 0.467012 -0.876329
vn 0.118102 0.467013 0.876328
vn -0.136803 0.473427 0.870145
vn -0.298946 0.739094 0.603631
vn 0.032027 0.799719 0.599520
vn -0.136803 0.473426 -0.870145
vn 0.118101 0.467012 -0.876329
vn 0.032027 0.799718 -0.599520
vn -0.298946 0.739094 -0.603632
vn -0.018682 0.712380 0.701545
vn 0.030708 0.447841 0.893586
vn 0.063287 0.475112 0.877646
vn 0.073986 0.706131 0.704205
vn 0.063287 0.475112 -0.877647
vn 0.030708 0.447841 -0.893586
vn -0.018682 0.712380 -0.701546
vn 0.073986 0.706131 -0.704205
vn 0.063287 0.475112 0.877646
vn 0.057396 0.476869 0.877099
vn 0.098529 0.710939 0.696317
vn 0.073986 0.706131 0.704205
vn 0.057396 0.476869 -0.877099
vn 0.063287 0.475112 -0.877647
vn 0.073986 0.706131 -0.704205
vn 0.098529 0.710939 -0.696317
vn 0.057396 0.476869 0.877099
vn 0.063974 0.445942 0.892773
vn 0.149016 0.733201 0.663483
vn 0.098529 0.710939 0.696317
vn 0.063974 0.445942 -0.892773
vn 0.057396 0.476869 -0.877099
vn 0.098529 0.710939 -0.696317
vn 0.149016 0.733201 -0.663483
vn 0.024596 0.470050 0.882297
vn 0.080440 0.476681 0.875388
vn 0.049406 -0.225971 0.972880
vn 0.048143 -0.250262 0.966980
vn 0.080439 0.476681 -0.875388
vn 0.024596 0.470049 -0.882297
vn 0.048142 -0.250262 -0.966980
vn 0.049405 -0.225971 -0.972880
vn 0.048143 -0.250262 0.966980
vn 0.020703 -0.282882 0.958931
vn 0.002731 0.485409 0.874283
vn 0.024596 0.470050 0.882297
vn 0.020703 -0.282881 -0.958932
vn 0.048142 -0.250262 -0.966980
vn 0.024596 0.470049 -0.882297
vn 0.002731 0.485409 -0.874283
vn 0.020703 -0.282882 0.958931
vn 0.016994 -0.304335 0.952414
vn 0.081122 0.490695 0.867547
vn 0.002731 0.485409 0.874283
vn 0.016994 -0.304334 -0.952414
vn 0.020703 -0.282881 -0.958932
vn 0.002731 0.485409 -0.874283
vn 0.081122 0.490696 -0.867547
vn -0.031291 -0.268598 0.962744
vn 0.003321 -0.371979 0.928235
vn -0.146543 0.405699 0.902183
vn -0.036332 0.400728 0.915476
vn 0.003321 -0.371979 -0.928235
vn -0.031291 -0.268599 -0.962744
vn -0.036332 0.400729 -0.915476
vn -0.146543 0.405698 -0.902183
vn 0.016994 -0.304335 0.952414
vn -0.031291 -0.268598 0.962744
vn -0.036332 0.400728 0.915476
vn 0.081122 0.490695 0.867547
vn -0.031291 -0.268599 -0.962744
vn 0.016994 -0.304334 -0.952414
vn 0.081122 0.490696 -0.867547
vn -0.036332 0.400729 -0.915476
vn 0.002647 0.377220 0.926120
vn 0.045250 -0.367087 0.929085
vn 0.041498 -0.363206 0.930784
vn 0.032685 0.386838 0.921568
vn 0.041498 -0.363207 -0.930784
vn 0.045250 -0.367087 -0.929085
vn 0.002647 0.377220 -0.926120
vn 0.032686 0.386838 -0.921568
vn 0.041498 -0.363206 0.930784
vn -0.028693 -0.386151 0.921989
vn 0.013131 0.396324 0.918017
vn 0.032685 0.386838 0.921568
vn -0.028693 -0.386151 -0.921989
vn 0.041498 -0.363207 -0.930784
vn 0.032686 0.386838 -0.921568
vn 0.013131 0.396324 -0.918017
vn -0.028693 -0.386151 0.921989
vn -0.088888 -0.409760 0.907852
vn 0.009782 0.400848 0.916093
vn 0.013131 0.396324 0.918017
vn -0.088888 -0.409761 -0.907852
vn -0.028693 -0.386151 -0.921989
vn 0.013131 0.396324 -0.918017
vn 0.009782 0.400847 -0.916093
vn -0.062876 -0.441141 0.895233
vn 0.096464 0.438158 0.893707
vn 0.009782 0.400848 0.916093
vn -0.088888 -0.409760 0.907852
vn 0.009782 0.400847 -0.916093
vn 0.096464 0.438158 -0.893707
vn -0.062876 -0.441141 -0.895232
vn -0.088888 -0.409761 -0.907852
vn 0.028460 -0.448821 0.893168
vn 0.087195 -0.316945 0.944427
vn 0.118102 0.467013 0.876328
vn 0.227708 0.454627 0.861082
vn 0.087195 -0.316945 -0.944427
vn 0.028460 -0.448822 -0.893168
vn 0.227708 0.454627 -0.861083
vn 0.118101 0.467012 -0.876329
vn 0.087195 -0.316945 0.944427
vn -0.019711 -0.387556 0.921635
vn -0.136803 0.473427 0.870145
vn 0.118102 0.467013 0.876328
vn -0.019711 -0.387556 -0.921635
vn 0.087195 -0.316945 -0.944427
vn 0.118101 0.467012 -0.876329
vn -0.136803 0.473426 -0.870145
vn 0.030708 0.447841 0.893586
vn -0.004739 -0.395670 0.918381
vn -0.012248 -0.400662 0.916144
vn 0.063287 0.475112 0.877646
vn -0.012248 -0.400662 -0.916144
vn -0.004740 -0.395670 -0.918381
vn 0.030708 0.447841 -0.893586
vn 0.063287 0.475112 -0.877647
vn -0.012248 -0.400662 0.916144
vn -0.041316 -0.417098 0.907922
vn 0.057396 0.476869 0.877099
vn 0.063287 0.475112 0.877646
vn -0.041316 -0.417098 -0.907922
vn -0.012248 -0.400662 -0.916144
vn 0.063287 0.475112 -0.877647
vn 0.057396 0.476869 -0.877099
vn -0.041316 -0.417098 0.907922
vn -0.035144 -0.429105 0.902571
vn 0.063974 0.445942 0.892773
vn 0.057396 0.476869 0.877099
vn -0.035144 -0.429105 -0.902571
vn -0.041316 -0.417098 -0.907922
vn 0.057396 0.476869 -0.877099
vn 0.063974 0.445942 -0.892773
vn 0.576638 0.809599 0.109720
vn 0.530473 0.820751 0.212053
vn 0.963528 0.251172 0.092335
vn 0.953715 0.291360 0.074407
vn 0.492369 0.800929 -0.340712
vn 0.530474 0.820750 -0.212054
vn 0.963528 0.251172 -0.092336
vn 0.956844 0.222098 -0.187409
vn 0.953715 0.291360 0.074407
vn 0.941487 0.332131 0.057374
vn 0.564420 0.825120 0.024635
vn 0.576638 0.809599 0.109720
vn 0.941487 0.332129 -0.057375
vn 0.953716 0.291359 -0.074408
vn 0.576638 0.809599 -0.109720
vn 0.564420 0.825120 -0.024635
vn 0.941487 0.332131 0.057374
vn 0.924150 0.381952 -0.007750
vn 0.504028 0.855996 -0.115005
vn 0.564420 0.825120 0.024635
vn 0.924150 0.381951 0.007750
vn 0.941487 0.332129 -0.057375
vn 0.564420 0.825120 -0.024635
vn 0.504028 0.855996 0.115006
vn 0.416321 0.832570 -0.365382
vn 0.504028 0.855996 -0.115005
vn 0.924150 0.381952 -0.007750
vn 0.883690 0.427065 -0.191590
vn 0.504028 0.855996 0.115006
vn 0.416321 0.832570 0.365383
vn 0.883691 0.427065 0.191590
vn 0.924150 0.381951 0.007750
vn 0.367421 0.926469 -0.081594
vn 0.416321 0.832570 -0.365382
vn 0.883690 0.427065 -0.191590
vn 0.845973 0.531878 -0.037889
vn 0.416321 0.832570 0.365383
vn 0.367421 0.926469 0.081594
vn 0.845973 0.531877 0.037890
vn 0.883691 0.427065 0.191590
vn 0.845973 0.531878 -0.037889
vn 0.918349 0.326122 0.224231
vn 0.453186 0.823497 0.341283
vn 0.367421 0.926469 -0.081594
vn 0.918349 0.326122 -0.224231
vn 0.845973 0.531877 0.037890
vn 0.367421 0.926469 0.081594
vn 0.453186 0.823497 -0.341283
vn 0.918349 0.326122 0.224231
vn 0.965678 0.250539 0.068528
vn 0.534026 0.831509 0.153000
vn 0.453186 0.823497 0.341283
vn 0.965678 0.250539 -0.068528
vn 0.918349 0.326122 -0.224231
vn 0.453186 0.823497 -0.341283
vn 0.534025 0.831509 -0.153000
vn 0.965678 0.250539 0.068528
vn 0.978230 0.207523 0.000000
vn 0.591975 0.805957 0.000000
vn 0.534026 0.831509 0.153000
vn 0.978230 0.207523 0.000000
vn 0.965678 0.250539 -0.068528
vn 0.534025 0.831509 -0.153000
vn 0.591975 0.805957 0.000000
vn 0.963528 0.251172 0.092335
vn 0.866134 -0.498817 0.031517
vn 0.884866 -0.464679 0.032959
vn 0.953715 0.291360 0.074407
vn 0.963528 0.251172 -0.092336
vn 0.866134 -0.498817 -0.031516
vn 0.853848 -0.508176 -0.112695
vn 0.956844 0.222098 -0.187409
vn 0.884866 -0.464679 0.032959
vn 0.890402 -0.452697 0.047430
vn 0.941487 0.332131 0.057374
vn 0.953715 0.291360 0.074407
vn 0.890402 -0.452698 -0.047430
vn 0.884866 -0.464679 -0.032960
vn 0.953716 0.291359 -0.074408
vn 0.941487 0.332129 -0.057375
vn 0.890402 -0.452697 0.047430
vn 0.889467 -0.453219 0.058656
vn 0.924150 0.381952 -0.007750
vn 0.941487 0.332131 0.057374
vn 0.889467 -0.453220 -0.058656
vn 0.890402 -0.452698 -0.047430
vn 0.941487 0.332129 -0.057375
vn 0.924150 0.381951 0.007750
vn 0.883690 0.427065 -0.191590
vn 0.924150 0.381952 -0.007750
vn 0.889467 -0.453219 0.058656
vn 0.896290 -0.443469 0.000311
vn 0.924150 0.381951 0.007750
vn 0.883691 0.427065 0.191590
vn 0.896290 -0.443469 -0.000311
vn 0.889467 -0.453220 -0.058656
vn 0.845973 0.531878 -0.037889
vn 0.883690 0.427065 -0.191590
vn 0.896290 -0.443469 0.000311
vn 0.897750 -0.437777 0.048957
vn 0.883691 0.427065 0.191590
vn 0.845973 0.531877 0.037890
vn 0.897750 -0.437777 -0.048957
vn 0.896290 -0.443469 -0.000311
vn 0.918349 0.326122 0.224231
vn 0.845973 0.531878 -0.037889
vn 0.897750 -0.437777 0.048957
vn 0.846645 -0.529363 0.054474
vn 0.845973 0.531877 0.037890
vn 0.918349 0.326122 -0.224231
vn 0.846645 -0.529363 -0.054474
vn 0.897750 -0.437777 -0.048957
vn 0.846645 -0.529363 0.054474
vn 0.809214 -0.587448 -0.008856
vn 0.965678 0.250539 0.068528
vn 0.918349 0.326122 0.224231
vn 0.809214 -0.587447 0.008856
vn 0.846645 -0.529363 -0.054474
vn 0.918349 0.326122 -0.224231
vn 0.965678 0.250539 -0.068528
vn 0.809214 -0.587448 -0.008856
vn 0.796721 -0.604347 0.000000
vn 0.978230 0.207523 0.000000
vn 0.965678 0.250539 0.068528
vn 0.796721 -0.604347 0.000000
vn 0.809214 -0.587447 0.008856
vn 0.965678 0.250539 -0.068528
vn 0.978230 0.207523 0.000000
vn 0.529899 0.704941 0.471450
vn 0.879386 0.173947 0.443196
vn 0.956844 0.222099 0.187408
vn 0.492369 0.800929 0.340712
vn 0.879386 0.173946 -0.443196
vn 0.529900 0.704943 -0.471447
vn 0.492369 0.800929 -0.340712
vn 0.956844 0.222098 -0.187409
vn 0.763121 -0.536948 0.359629
vn 0.853849 -0.508176 0.112695
vn 0.956844 0.222099 0.187408
vn 0.879386 0.173947 0.443196
vn 0.956844 0.222098 -0.187409
vn 0.853848 -0.508176 -0.112695
vn 0.763121 -0.536948 -0.359629
vn 0.879386 0.173946 -0.443196
vn 0.204391 0.657022 0.725635
vn 0.576937 0.104252 0.810108
vn 0.879386 0.173947 0.443196
vn 0.529899 0.704941 0.471450
vn 0.576939 0.104251 -0.810107
vn 0.204391 0.657023 -0.725634
vn 0.529900 0.704943 -0.471447
vn 0.879386 0.173946 -0.443196
vn 0.470134 -0.558331 0.683550
vn 0.763121 -0.536948 0.359629
vn 0.879386 0.173947 0.443196
vn 0.576937 0.104252 0.810108
vn 0.879386 0.173946 -0.443196
vn 0.763121 -0.536948 -0.359629
vn 0.470135 -0.558331 -0.683550
vn 0.576939 0.104251 -0.810107
vn 0.529899 0.704941 0.471450
vn 0.492369 0.800929 0.340712
vn 0.149016 0.733201 0.663483
vn 0.204391 0.657022 0.725635
vn 0.492369 0.800929 -0.340712
vn 0.529900 0.704943 -0.471447
vn 0.204391 0.657023 -0.725634
vn 0.149016 0.733201 -0.663483
vn 0.204391 0.657022 0.725635
vn 0.121245 0.368462 0.921702
vn 0.576937 0.104252 0.810108
vn 0.121245 0.368462 -0.921703
vn 0.204391 0.657023 -0.725634
vn 0.576939 0.104251 -0.810107
vn 0.121245 0.368462 0.921702
vn 0.072256 -0.477261 0.875786
vn 0.470134 -0.558331 0.683550
vn 0.576937 0.104252 0.810108
vn 0.470135 -0.558331 -0.683550
vn 0.072256 -0.477261 -0.875786
vn 0.121245 0.368462 -0.921703
vn 0.576939 0.104251 -0.810107
vn 0.204391 0.657022 0.725635
vn 0.149016 0.733201 0.663483
vn 0.063974 0.445942 0.892773
vn 0.121245 0.368462 0.921702
vn 0.149016 0.733201 -0.663483
vn 0.204391 0.657023 -0.725634
vn 0.121245 0.368462 -0.921703
vn 0.063974 0.445942 -0.892773
vn -0.035144 -0.429105 0.902571
vn 0.072256 -0.477261 0.875786
vn 0.121245 0.368462 0.921702
vn 0.063974 0.445942 0.892773
vn 0.072256 -0.477261 -0.875786
vn -0.035144 -0.429105 -0.902571
vn 0.063974 0.445942 -0.892773
vn 0.121245 0.368462 -0.921703
vn -0.374079 0.143656 0.916203
vn -0.473220 0.508704 0.719225
vn -0.624826 0.362233 0.691650
vn -0.573142 0.064871 0.816884
vn -0.361184 -0.004493 0.932484
vn -0.532443 -0.044448 0.845298
vn -0.491133 -0.093874 0.866012
vn -0.302627 -0.080879 0.949671
vn -0.491133 -0.093874 0.866012
vn -0.476691 -0.055342 0.877327
vn -0.303802 -0.048899 0.951480
vn -0.302627 -0.080879 0.949671
vn -0.476691 -0.055342 0.877327
vn -0.464642 0.007748 0.885465
vn -0.336030 0.010409 0.941794
vn -0.303802 -0.048899 0.951480
vn -0.464642 0.007748 0.885465
vn -0.447421 0.018447 0.894133
vn -0.368306 0.016076 0.929566
vn -0.336030 0.010409 0.941794
vn -0.394768 0.049744 0.917433
vn -0.368306 0.016076 0.929566
vn -0.447421 0.018447 0.894133
vn -0.527405 0.018992 0.849402
vn -0.506137 -0.063464 0.860115
vn -0.316361 0.003800 0.948631
vn -0.394768 0.049744 0.917433
vn -0.527405 0.018992 0.849402
vn -0.279498 -0.093540 0.955579
vn -0.481172 -0.132228 0.866596
vn -0.452101 -0.123827 0.883330
vn -0.250746 -0.112359 0.961510
vn -0.452101 -0.123827 0.883330
vn -0.457197 -0.033968 0.888717
vn -0.288455 -0.031774 0.956966
vn -0.250746 -0.112359 0.961510
vn -0.457197 -0.033968 0.888717
vn -0.467366 0.050085 0.882644
vn -0.298627 0.062439 0.952325
vn -0.288455 -0.031774 0.956966
vn -0.467366 0.050085 0.882644
vn -0.479315 0.069383 0.874896
vn -0.280491 0.084014 0.956173
vn -0.298627 0.062439 0.952325
vn -0.467705 0.002113 0.883882
vn -0.406791 -0.069830 0.910848
vn -0.349752 -0.086204 0.932868
vn -0.261722 0.000526 0.965143
vn -0.406791 -0.069830 0.910848
vn -0.402707 -0.097137 0.910160
vn -0.262612 -0.065039 0.962707
vn -0.349752 -0.086204 0.932868
vn -0.402707 -0.097137 0.910160
vn -0.404501 -0.088603 0.910235
vn -0.239919 -0.076405 0.967782
vn -0.262612 -0.065039 0.962707
vn -0.404501 -0.088603 0.910235
vn -0.410753 -0.031434 0.911205
vn -0.230608 -0.023146 0.972771
vn -0.239919 -0.076405 0.967782
vn -0.410753 -0.031434 0.911205
vn -0.417488 0.021574 0.908426
vn -0.230932 0.044513 0.971951
vn -0.230608 -0.023146 0.972771
vn -0.405844 0.014142 0.913833
vn -0.250975 0.063924 0.965881
vn -0.230932 0.044513 0.971951
vn -0.417488 0.021574 0.908426
vn -0.028201 -0.341174 0.939577
vn 0.045673 -0.378295 0.924558
vn 0.049406 -0.225971 0.972880
vn -0.009796 -0.157103 0.987534
vn 0.048143 -0.250262 0.966980
vn 0.049406 -0.225971 0.972880
vn 0.045673 -0.378295 0.924558
vn 0.052385 -0.392613 0.918211
vn 0.052385 -0.392613 0.918211
vn 0.022208 -0.394968 0.918426
vn 0.020703 -0.282882 0.958931
vn 0.048143 -0.250262 0.966980
vn 0.022208 -0.394968 0.918426
vn 0.015869 -0.411046 0.911476
vn 0.016994 -0.304335 0.952414
vn 0.020703 -0.282882 0.958931
vn 0.015869 -0.411046 0.911476
vn -0.031291 -0.268598 0.962744
vn 0.016994 -0.304335 0.952414
vn 0.015869 -0.411046 0.911476
vn 0.003321 -0.371979 0.928235
vn -0.031291 -0.268598 0.962744
vn 0.045250 -0.367087 0.929085
vn 0.052084 -0.447426 0.892803
vn 0.039772 -0.459023 0.887534
vn 0.041498 -0.363206 0.930784
vn 0.039772 -0.459023 0.887534
vn -0.034112 -0.467303 0.883439
vn -0.028693 -0.386151 0.921989
vn 0.041498 -0.363206 0.930784
vn -0.034112 -0.467303 0.883439
vn -0.091630 -0.480624 0.872126
vn -0.088888 -0.409760 0.907852
vn -0.028693 -0.386151 0.921989
vn -0.044779 -0.497143 0.866512
vn -0.062876 -0.441141 0.895233
vn -0.088888 -0.409760 0.907852
vn -0.091630 -0.480624 0.872126
vn 0.009212 -0.457169 0.889332
vn 0.087195 -0.316945 0.944427
vn 0.028460 -0.448821 0.893168
vn 0.009212 -0.457169 0.889332
vn -0.019711 -0.387556 0.921635
vn 0.087195 -0.316945 0.944427
vn -0.004739 -0.395670 0.918381
vn -0.003152 -0.454518 0.890732
vn -0.015229 -0.474360 0.880199
vn -0.012248 -0.400662 0.916144
vn -0.015229 -0.474360 0.880199
vn -0.046257 -0.496849 0.866604
vn -0.041316 -0.417098 0.907922
vn -0.012248 -0.400662 0.916144
vn -0.046257 -0.496849 0.866604
vn -0.038960 -0.540345 0.840541
vn -0.035144 -0.429105 0.902571
vn -0.041316 -0.417098 0.907922
vn -0.038960 -0.540345 0.840541
vn 0.062888 -0.626645 0.776763
vn 0.072256 -0.477261 0.875786
vn -0.035144 -0.429105 0.902571
vn 0.470134 -0.558331 0.683550
vn 0.072256 -0.477261 0.875786
vn 0.062888 -0.626645 0.776763
vn 0.398603 -0.743851 0.536471
vn 0.611013 -0.748448 0.257855
vn 0.763121 -0.536948 0.359629
vn 0.470134 -0.558331 0.683550
vn 0.398603 -0.743851 0.536471
vn 0.698202 -0.712638 0.068273
vn 0.853849 -0.508176 0.112695
vn 0.763121 -0.536948 0.359629
vn 0.611013 -0.748448 0.257855
vn 0.866134 -0.498817 0.031517
vn 0.724529 -0.689165 0.010448
vn 0.738894 -0.673624 0.016322
vn 0.884866 -0.464679 0.032959
vn 0.738894 -0.673624 0.016322
vn 0.749454 -0.660605 0.043818
vn 0.890402 -0.452697 0.047430
vn 0.884866 -0.464679 0.032959
vn 0.749454 -0.660605 0.043818
vn 0.760713 -0.645755 0.065701
vn 0.889467 -0.453219 0.058656
vn 0.890402 -0.452697 0.047430
vn 0.896290 -0.443469 0.000311
vn 0.889467 -0.453219 0.058656
vn 0.760713 -0.645755 0.065701
vn 0.776740 -0.627835 0.049991
vn 0.897750 -0.437777 0.048957
vn 0.896290 -0.443469 0.000311
vn 0.776740 -0.627835 0.049991
vn 0.773233 -0.632572 0.044314
vn 0.846645 -0.529363 0.054474
vn 0.897750 -0.437777 0.048957
vn 0.773233 -0.632572 0.044314
vn 0.724821 -0.688804 -0.013555
vn 0.724821 -0.688804 -0.013555
vn 0.707123 -0.706600 -0.026331
vn 0.809214 -0.587448 -0.008856
vn 0.846645 -0.529363 0.054474
vn 0.707123 -0.706600 -0.026331
vn 0.696752 -0.717312 0.000000
vn 0.796721 -0.604347 0.000000
vn 0.809214 -0.587448 -0.008856
vn 0.696752 -0.717312 0.000000
vn 0.707123 -0.706600 0.026331
vn 0.809214 -0.587447 0.008856
vn 0.796721 -0.604347 0.000000
vn 0.707123 -0.706600 0.026331
vn 0.724821 -0.688804 0.013555
vn 0.846645 -0.529363 -0.054474
vn 0.809214 -0.587447 0.008856
vn 0.897750 -0.437777 -0.048957
vn 0.846645 -0.529363 -0.054474
vn 0.724821 -0.688804 0.013555
vn 0.773233 -0.632572 -0.044314
vn 0.896290 -0.443469 -0.000311
vn 0.897750 -0.437777 -0.048957
vn 0.773233 -0.632572 -0.044314
vn 0.776740 -0.627834 -0.049991
vn 0.889467 -0.453220 -0.058656
vn 0.896290 -0.443469 -0.000311
vn 0.776740 -0.627834 -0.049991
vn 0.760713 -0.645755 -0.065701
vn 0.760713 -0.645755 -0.065701
vn 0.749454 -0.660605 -0.043818
vn 0.890402 -0.452698 -0.047430
vn 0.889467 -0.453220 -0.058656
vn 0.749454 -0.660605 -0.043818
vn 0.738894 -0.673624 -0.016323
vn 0.884866 -0.464679 -0.032960
vn 0.890402 -0.452698 -0.047430
vn 0.866134 -0.498817 -0.031516
vn 0.724529 -0.689165 -0.010448
vn 0.698202 -0.712638 -0.068273
vn 0.853848 -0.508176 -0.112695
vn 0.763121 -0.536948 -0.359629
vn 0.853848 -0.508176 -0.112695
vn 0.698202 -0.712638 -0.068273
vn 0.611013 -0.748448 -0.257855
vn 0.470135 -0.558331 -0.683550
vn 0.763121 -0.536948 -0.359629
vn 0.611013 -0.748448 -0.257855
vn 0.398603 -0.743851 -0.536471
vn 0.062887 -0.626645 -0.776763
vn 0.072256 -0.477261 -0.875786
vn 0.470135 -0.558331 -0.683550
vn 0.398603 -0.743851 -0.536471
vn 0.062887 -0.626645 -0.776763
vn -0.038960 -0.540345 -0.840541
vn -0.035144 -0.429105 -0.902571
vn 0.072256 -0.477261 -0.875786
vn -0.038960 -0.540345 -0.840541
vn -0.046257 -0.496848 -0.866604
vn -0.041316 -0.417098 -0.907922
vn -0.035144 -0.429105 -0.902571
vn -0.046257 -0.496848 -0.866604
vn -0.015229 -0.474360 -0.880199
vn -0.012248 -0.400662 -0.916144
vn -0.041316 -0.417098 -0.907922
vn -0.015229 -0.474360 -0.880199
vn -0.003153 -0.454518 -0.890732
vn -0.004740 -0.395670 -0.918381
vn -0.012248 -0.400662 -0.916144
vn 0.009212 -0.457170 -0.889332
vn 0.087195 -0.316945 -0.944427
vn -0.019711 -0.387556 -0.921635
vn 0.009212 -0.457170 -0.889332
vn 0.028460 -0.448822 -0.893168
vn 0.087195 -0.316945 -0.944427
vn -0.088888 -0.409761 -0.907852
vn -0.062876 -0.441141 -0.895232
vn -0.044779 -0.497144 -0.866512
vn -0.091630 -0.480624 -0.872126
vn -0.091630 -0.480624 -0.872126
vn -0.034111 -0.467304 -0.883438
vn -0.028693 -0.386151 -0.921989
vn -0.088888 -0.409761 -0.907852
vn -0.034111 -0.467304 -0.883438
vn 0.039772 -0.459024 -0.887533
vn 0.041498 -0.363207 -0.930784
vn -0.028693 -0.386151 -0.921989
vn 0.039772 -0.459024 -0.887533
vn 0.052083 -0.447427 -0.892803
vn 0.045250 -0.367087 -0.929085
vn 0.041498 -0.363207 -0.930784
vn 0.015868 -0.411046 -0.911477
vn -0.031291 -0.268599 -0.962744
vn 0.003321 -0.371979 -0.928235
vn 0.015868 -0.411046 -0.911477
vn 0.016994 -0.304334 -0.952414
vn -0.031291 -0.268599 -0.962744
vn 0.015868 -0.411046 -0.911477
vn 0.022208 -0.394968 -0.918427
vn 0.020703 -0.282881 -0.958932
vn 0.016994 -0.304334 -0.952414
vn 0.022208 -0.394968 -0.918427
vn 0.052385 -0.392613 -0.918211
vn 0.048142 -0.250262 -0.966980
vn 0.020703 -0.282881 -0.958932
vn 0.049405 -0.225971 -0.972880
vn 0.048142 -0.250262 -0.966980
vn 0.052385 -0.392613 -0.918211
vn 0.045673 -0.378295 -0.924558
vn 0.045673 -0.378295 -0.924558
vn -0.028201 -0.341175 -0.939577
vn -0.009796 -0.157103 -0.987534
vn 0.049405 -0.225971 -0.972880
vn -0.230933 0.044514 -0.971951
vn -0.250975 0.063924 -0.965881
vn -0.405844 0.014142 -0.913833
vn -0.417489 0.021574 -0.908426
vn -0.417489 0.021574 -0.908426
vn -0.410754 -0.031434 -0.911204
vn -0.230608 -0.023146 -0.972771
vn -0.230933 0.044514 -0.971951
vn -0.410754 -0.031434 -0.911204
vn -0.404500 -0.088604 -0.910236
vn -0.239918 -0.076405 -0.967782
vn -0.230608 -0.023146 -0.972771
vn -0.404500 -0.088604 -0.910236
vn -0.402706 -0.097137 -0.910161
vn -0.262611 -0.065039 -0.962707
vn -0.239918 -0.076405 -0.967782
vn -0.402706 -0.097137 -0.910161
vn -0.406791 -0.069830 -0.910848
vn -0.349752 -0.086204 -0.932868
vn -0.262611 -0.065039 -0.962707
vn -0.406791 -0.069830 -0.910848
vn -0.467706 0.002113 -0.883882
vn -0.261722 0.000526 -0.965143
vn -0.349752 -0.086204 -0.932868
vn -0.280490 0.084014 -0.956173
vn -0.479314 0.069383 -0.874896
vn -0.467366 0.050085 -0.882644
vn -0.298627 0.062439 -0.952325
vn -0.467366 0.050085 -0.882644
vn -0.457196 -0.033968 -0.888717
vn -0.288456 -0.031774 -0.956966
vn -0.298627 0.062439 -0.952325
vn -0.457196 -0.033968 -0.888717
vn -0.452100 -0.123827 -0.883330
vn -0.250746 -0.112359 -0.961510
vn -0.288456 -0.031774 -0.956966
vn -0.452100 -0.123827 -0.883330
vn -0.481172 -0.132229 -0.866596
vn -0.279498 -0.093540 -0.955579
vn -0.250746 -0.112359 -0.961510
vn -0.394769 0.049744 -0.917433
vn -0.316361 0.003800 -0.948631
vn -0.506137 -0.063464 -0.860115
vn -0.527404 0.018991 -0.849402
vn -0.368308 0.016075 -0.929565
vn -0.394769 0.049744 -0.917433
vn -0.527404 0.018991 -0.849402
vn -0.447422 0.018447 -0.894133
vn -0.447422 0.018447 -0.894133
vn -0.464642 0.007748 -0.885465
vn -0.336030 0.010409 -0.941794
vn -0.368308 0.016075 -0.929565
vn -0.464642 0.007748 -0.885465
vn -0.476691 -0.055342 -0.877327
vn -0.303801 -0.048899 -0.951480
vn -0.336030 0.010409 -0.941794
vn -0.476691 -0.055342 -0.877327
vn -0.491132 -0.093875 -0.866012
vn -0.302626 -0.080879 -0.949672
vn -0.303801 -0.048899 -0.951480
vn -0.491132 -0.093875 -0.866012
vn -0.532442 -0.044449 -0.845298
vn -0.361184 -0.004493 -0.932484
vn -0.302626 -0.080879 -0.949672
vn -0.473217 0.508700 -0.719229
vn -0.374080 0.143657 -0.916202
vn -0.573142 0.064871 -0.816884
vn -0.624825 0.362233 -0.691652
vn -0.005716 0.680768 0.732477
vn 0.222361 0.888485 0.401436
vn -0.355229 0.862664 0.360032
vn -0.473220 0.508704 0.719225
vn 0.222361 0.888483 -0.401440
vn -0.005716 0.680761 -0.732483
vn -0.473217 0.508700 -0.719229
vn -0.355229 0.862662 -0.360038
vn -0.589406 0.685166 0.427958
vn -0.624826 0.362233 0.691650
vn -0.473220 0.508704 0.719225
vn -0.355229 0.862664 0.360032
vn -0.624825 0.362233 -0.691652
vn -0.589406 0.685165 -0.427961
vn -0.355229 0.862662 -0.360038
vn -0.473217 0.508700 -0.719229
vn -0.361184 -0.004493 -0.932484
vn -0.532442 -0.044449 -0.845298
vn -0.573142 0.064871 -0.816884
vn -0.374080 0.143657 -0.916202
vn 0.343464 0.088779 -0.934960
vn -0.361184 -0.004493 -0.932484
vn -0.374080 0.143657 -0.916202
vn 0.325086 0.233759 -0.916338
vn 0.767499 0.150875 -0.623043
vn 0.343464 0.088779 -0.934960
vn 0.325086 0.233759 -0.916338
vn 0.736368 0.321679 -0.595218
vn 0.842091 0.466950 -0.269890
vn 0.909822 0.229614 -0.345691
vn 0.767499 0.150875 -0.623043
vn 0.736368 0.321679 -0.595218
vn 0.822574 0.568506 0.013191
vn 0.939473 0.341942 0.021611
vn 0.944026 0.307613 -0.119123
vn 0.837191 0.541626 -0.075848
vn 0.837147 0.527543 0.144514
vn 0.931680 0.307953 0.192709
vn 0.939473 0.341942 0.021611
vn 0.822574 0.568506 0.013191
vn 0.795297 0.435861 0.421341
vn 0.838190 0.240613 0.489431
vn 0.931680 0.307953 0.192709
vn 0.837147 0.527543 0.144514
vn 0.885644 0.421924 -0.193944
vn 0.942882 0.227925 -0.242948
vn 0.838190 0.240613 0.489431
vn 0.795297 0.435861 0.421341
vn 0.879671 0.246949 -0.406441
vn 0.942882 0.227925 -0.242948
vn 0.885644 0.421924 -0.193944
vn 0.800924 0.508280 -0.316501
vn 0.822444 0.564505 -0.070144
vn 0.944426 0.308506 -0.113508
vn 0.879671 0.246949 -0.406441
vn 0.800924 0.508280 -0.316501
vn 0.818999 0.573795 0.000000
vn 0.942204 0.335041 -0.000000
vn 0.944426 0.308506 -0.113508
vn 0.822444 0.564505 -0.070144
vn 0.822444 0.564505 0.070144
vn 0.944426 0.308506 0.113508
vn 0.942204 0.335041 -0.000000
vn 0.818999 0.573795 0.000000
vn 0.879671 0.246949 0.406441
vn 0.944426 0.308506 0.113508
vn 0.822444 0.564505 0.070144
vn 0.800924 0.508280 0.316501
vn 0.885644 0.421923 0.193946
vn 0.942882 0.227925 0.242948
vn 0.879671 0.246949 0.406441
vn 0.800924 0.508280 0.316501
vn 0.838190 0.240614 -0.489431
vn 0.942882 0.227925 0.242948
vn 0.885644 0.421923 0.193946
vn 0.795297 0.435862 -0.421339
vn 0.837147 0.527543 -0.144514
vn 0.931680 0.307954 -0.192709
vn 0.838190 0.240614 -0.489431
vn 0.795297 0.435862 -0.421339
vn 0.939473 0.341942 -0.021611
vn 0.931680 0.307954 -0.192709
vn 0.837147 0.527543 -0.144514
vn 0.822573 0.568506 -0.013191
vn 0.837191 0.541626 0.075848
vn 0.944026 0.307613 0.119122
vn 0.939473 0.341942 -0.021611
vn 0.822573 0.568506 -0.013191
vn 0.842091 0.466950 0.269890
vn 0.909822 0.229614 0.345691
vn 0.944026 0.307613 0.119122
vn 0.837191 0.541626 0.075848
vn 0.325087 0.233758 0.916338
vn 0.343464 0.088779 0.934960
vn 0.767499 0.150875 0.623043
vn 0.736368 0.321679 0.595218
vn -0.374079 0.143656 0.916203
vn -0.361184 -0.004493 0.932484
vn 0.343464 0.088779 0.934960
vn 0.325087 0.233758 0.916338
vn -0.573142 0.064871 0.816884
vn -0.532443 -0.044448 0.845298
vn -0.361184 -0.004493 0.932484
vn -0.374079 0.143656 0.916203
vn -0.279498 -0.093540 -0.955579
vn -0.481172 -0.132229 -0.866596
vn -0.506137 -0.063464 -0.860115
vn -0.316361 0.003800 -0.948631
vn 0.460443 0.099422 -0.882104
vn -0.279498 -0.093540 -0.955579
vn -0.316361 0.003800 -0.948631
vn 0.439119 0.285246 -0.851945
vn 0.778050 0.274867 -0.564877
vn 0.460443 0.099422 -0.882104
vn 0.439119 0.285246 -0.851945
vn 0.743852 0.512700 -0.428746
vn 0.736345 0.652046 -0.180643
vn 0.872285 0.373975 -0.315057
vn 0.778050 0.274867 -0.564877
vn 0.743852 0.512700 -0.428746
vn 0.750759 0.659277 0.041412
vn 0.891576 0.449435 0.055689
vn 0.905253 0.416424 -0.084312
vn 0.740918 0.670465 -0.038954
vn 0.783567 0.587360 0.202564
vn 0.863427 0.441886 0.243374
vn 0.891576 0.449435 0.055689
vn 0.750759 0.659277 0.041412
vn 0.792774 0.504790 0.341609
vn 0.802270 0.437206 0.406465
vn 0.863427 0.441886 0.243374
vn 0.783567 0.587360 0.202564
vn 0.847290 0.460180 -0.265206
vn 0.857678 0.397992 -0.325563
vn 0.802270 0.437206 0.406465
vn 0.792774 0.504790 0.341609
vn 0.797652 0.543807 -0.260816
vn 0.869952 0.343870 -0.353465
vn 0.857678 0.397992 -0.325563
vn 0.847290 0.460180 -0.265206
vn 0.819536 0.562551 -0.109069
vn 0.920380 0.363265 -0.144706
vn 0.869952 0.343870 -0.353465
vn 0.797652 0.543807 -0.260816
vn 0.828110 0.560565 -0.000000
vn 0.932415 0.361390 0.000000
vn 0.920380 0.363265 -0.144706
vn 0.819536 0.562551 -0.109069
vn 0.819536 0.562552 0.109069
vn 0.920380 0.363265 0.144706
vn 0.932415 0.361390 0.000000
vn 0.828110 0.560565 -0.000000
vn 0.869952 0.343870 0.353465
vn 0.920380 0.363265 0.144706
vn 0.819536 0.562552 0.109069
vn 0.797652 0.543807 0.260817
vn 0.857677 0.397992 0.325564
vn 0.869952 0.343870 0.353465
vn 0.797652 0.543807 0.260817
vn 0.847290 0.460181 0.265206
vn 0.802270 0.437206 -0.406465
vn 0.857677 0.397992 0.325564
vn 0.847290 0.460181 0.265206
vn 0.792774 0.504790 -0.341609
vn 0.783566 0.587359 -0.202564
vn 0.863427 0.441886 -0.243374
vn 0.802270 0.437206 -0.406465
vn 0.792774 0.504790 -0.341609
vn 0.891576 0.449435 -0.055690
vn 0.863427 0.441886 -0.243374
vn 0.783566 0.587359 -0.202564
vn 0.750759 0.659277 -0.041412
vn 0.740917 0.670465 0.038954
vn 0.905253 0.416424 0.084312
vn 0.891576 0.449435 -0.055690
vn 0.750759 0.659277 -0.041412
vn 0.736345 0.652046 0.180643
vn 0.872285 0.373975 0.315057
vn 0.905253 0.416424 0.084312
vn 0.740917 0.670465 0.038954
vn 0.439117 0.285246 0.851945
vn 0.460443 0.099422 0.882104
vn 0.778050 0.274867 0.564878
vn 0.743851 0.512700 0.428747
vn -0.316361 0.003800 0.948631
vn -0.279498 -0.093540 0.955579
vn 0.460443 0.099422 0.882104
vn 0.439117 0.285246 0.851945
vn -0.506137 -0.063464 0.860115
vn -0.481172 -0.132228 0.866596
vn -0.279498 -0.093540 0.955579
vn -0.316361 0.003800 0.948631
vn -0.280491 0.084014 0.956173
vn -0.479315 0.069383 0.874896
vn -0.467705 0.002113 0.883882
vn -0.261722 0.000526 0.965143
vn 0.413847 0.068742 0.907747
vn -0.280491 0.084014 0.956173
vn -0.261722 0.000526 0.965143
vn 0.471256 -0.097960 0.876540
vn 0.739391 0.017869 0.673039
vn 0.413847 0.068742 0.907747
vn 0.471256 -0.097960 0.876540
vn 0.773451 -0.266509 0.575106
vn 0.890481 -0.443684 0.100938
vn 0.990152 -0.065783 0.123578
vn 0.916597 -0.031523 0.398568
vn 0.855135 -0.423038 0.299637
vn 0.899117 -0.436481 -0.032749
vn 0.993470 -0.103016 -0.049046
vn 0.990152 -0.065783 0.123578
vn 0.890481 -0.443684 0.100938
vn 0.891608 -0.404585 -0.203339
vn 0.959957 -0.148902 -0.237298
vn 0.993470 -0.103016 -0.049046
vn 0.899117 -0.436481 -0.032749
vn 0.839421 -0.370459 -0.397660
vn 0.876691 -0.172247 -0.449159
vn 0.959957 -0.148902 -0.237298
vn 0.891608 -0.404585 -0.203339
vn 0.966813 -0.227200 0.116848
vn 0.876691 -0.172247 -0.449159
vn 0.839421 -0.370459 -0.397660
vn 0.920968 -0.387682 0.038989
vn 0.860224 -0.368091 0.352879
vn 0.913161 -0.151683 0.378325
vn 0.966813 -0.227200 0.116848
vn 0.920968 -0.387682 0.038989
vn 0.902409 -0.389583 0.184075
vn 0.973650 -0.148374 0.173178
vn 0.913161 -0.151683 0.378325
vn 0.860224 -0.368091 0.352879
vn 0.917480 -0.397783 -0.000000
vn 0.990160 -0.139940 -0.000000
vn 0.973650 -0.148374 0.173178
vn 0.902409 -0.389583 0.184075
vn 0.902409 -0.389583 -0.184076
vn 0.973650 -0.148374 -0.173178
vn 0.990160 -0.139940 -0.000000
vn 0.917480 -0.397783 -0.000000
vn 0.913161 -0.151683 -0.378325
vn 0.973650 -0.148374 -0.173178
vn 0.902409 -0.389583 -0.184076
vn 0.860224 -0.368091 -0.352879
vn 0.966813 -0.227200 -0.116848
vn 0.913161 -0.151683 -0.378325
vn 0.860224 -0.368091 -0.352879
vn 0.920968 -0.387682 -0.038989
vn 0.839421 -0.370458 0.397660
vn 0.876691 -0.172247 0.449159
vn 0.966813 -0.227200 -0.116848
vn 0.920968 -0.387682 -0.038989
vn 0.891608 -0.404584 0.203339
vn 0.959957 -0.148902 0.237298
vn 0.876691 -0.172247 0.449159
vn 0.839421 -0.370458 0.397660
vn 0.993470 -0.103016 0.049046
vn 0.959957 -0.148902 0.237298
vn 0.891608 -0.404584 0.203339
vn 0.899117 -0.436480 0.032749
vn 0.890481 -0.443684 -0.100938
vn 0.990152 -0.065783 -0.123578
vn 0.993470 -0.103016 0.049046
vn 0.899117 -0.436480 0.032749
vn 0.739391 0.017869 -0.673039
vn 0.916597 -0.031523 -0.398568
vn 0.855135 -0.423038 -0.299637
vn 0.773450 -0.266509 -0.575107
vn 0.471255 -0.097960 -0.876540
vn 0.413847 0.068742 -0.907747
vn 0.739391 0.017869 -0.673039
vn 0.773450 -0.266509 -0.575107
vn -0.261722 0.000526 -0.965143
vn -0.280490 0.084014 -0.956173
vn 0.413847 0.068742 -0.907747
vn 0.471255 -0.097960 -0.876540
vn -0.467706 0.002113 -0.883882
vn -0.479314 0.069383 -0.874896
vn -0.280490 0.084014 -0.956173
vn -0.261722 0.000526 -0.965143
vn -0.213716 0.976877 0.006079
vn -0.262878 0.961034 0.085489
vn 0.248113 0.963120 0.104119
vn 0.255796 0.966590 0.016479
vn -0.355229 0.862662 -0.360038
vn -0.262878 0.961034 -0.085490
vn 0.248112 0.963120 -0.104118
vn 0.222361 0.888483 -0.401440
vn -0.438422 0.898725 0.008911
vn -0.494336 0.862783 0.106010
vn -0.262878 0.961034 0.085489
vn -0.213716 0.976877 0.006079
vn -0.589406 0.685165 -0.427961
vn -0.494336 0.862782 -0.106012
vn -0.262878 0.961034 -0.085490
vn -0.355229 0.862662 -0.360038
vn -0.209853 0.977521 0.020355
vn -0.213716 0.976877 0.006079
vn 0.255796 0.966590 0.016479
vn 0.232917 0.972382 0.014909
vn -0.213716 0.976877 -0.006079
vn -0.209853 0.977521 -0.020355
vn 0.232917 0.972382 -0.014909
vn 0.255796 0.966590 -0.016478
vn -0.233594 0.971808 0.031974
vn -0.209853 0.977521 0.020355
vn 0.232917 0.972382 0.014909
vn 0.203345 0.978892 -0.020526
vn -0.209853 0.977521 -0.020355
vn -0.233594 0.971808 -0.031974
vn 0.203344 0.978892 0.020526
vn 0.232917 0.972382 -0.014909
vn -0.210800 0.976106 0.052722
vn -0.281915 0.959059 0.027013
vn 0.174309 0.977506 -0.118739
vn 0.008415 0.979883 0.199397
vn -0.281915 0.959059 -0.027013
vn -0.210800 0.976106 -0.052726
vn 0.008416 0.979883 -0.199397
vn 0.174309 0.977506 0.118739
vn 0.203345 0.978892 -0.020526
vn 0.174309 0.977506 -0.118739
vn -0.281915 0.959059 0.027013
vn -0.233594 0.971808 0.031974
vn 0.174309 0.977506 0.118739
vn 0.203344 0.978892 0.020526
vn -0.233594 0.971808 -0.031974
vn -0.281915 0.959059 -0.027013
vn -0.294101 0.955607 -0.017861
vn -0.210800 0.976106 0.052722
vn 0.008415 0.979883 0.199397
vn 0.154767 0.979893 0.125927
vn -0.210800 0.976106 -0.052726
vn -0.294101 0.955607 0.017861
vn 0.154768 0.979892 -0.125928
vn 0.008416 0.979883 -0.199397
vn -0.248095 0.968089 -0.035389
vn -0.294101 0.955607 -0.017861
vn 0.154767 0.979893 0.125927
vn 0.183106 0.983021 -0.011952
vn -0.294101 0.955607 0.017861
vn -0.248095 0.968089 0.035388
vn 0.183106 0.983021 0.011952
vn 0.154768 0.979892 -0.125928
vn -0.221815 0.975089 0.000000
vn -0.248095 0.968089 -0.035389
vn 0.183106 0.983021 -0.011952
vn 0.216541 0.976274 0.000001
vn -0.248095 0.968089 0.035388
vn -0.221815 0.975089 0.000000
vn 0.216541 0.976274 0.000001
vn 0.183106 0.983021 0.011952
vn -0.432293 0.901478 0.021474
vn -0.438422 0.898725 0.008911
vn -0.213716 0.976877 0.006079
vn -0.209853 0.977521 0.020355
vn -0.438422 0.898725 -0.008912
vn -0.432293 0.901478 -0.021474
vn -0.209853 0.977521 -0.020355
vn -0.213716 0.976877 -0.006079
vn -0.435453 0.899502 0.035736
vn -0.432293 0.901478 0.021474
vn -0.209853 0.977521 0.020355
vn -0.233594 0.971808 0.031974
vn -0.432293 0.901478 -0.021474
vn -0.435452 0.899502 -0.035736
vn -0.233594 0.971808 -0.031974
vn -0.209853 0.977521 -0.020355
vn -0.206226 -0.023736 0.978217
vn -0.250975 0.063924 0.965881
vn -0.405844 0.014142 0.913833
vn -0.340888 -0.083929 0.936350
vn 0.427869 0.164620 0.888723
vn 0.434059 0.190232 0.880571
vn -0.250975 0.063924 0.965881
vn -0.206226 -0.023736 0.978217
vn 0.676003 0.351219 0.647816
vn 0.728018 0.203414 0.654685
vn 0.434059 0.190232 0.880571
vn 0.427869 0.164620 0.888723
vn 0.921936 0.085332 0.377826
vn 0.933009 0.256908 0.251977
vn 0.991544 0.015583 0.128833
vn 0.976831 -0.076968 0.199695
vn 0.982926 -0.180447 0.035978
vn 0.976831 -0.076968 0.199695
vn 0.991544 0.015583 0.128833
vn 0.992912 -0.118064 0.013640
vn 0.989445 -0.039301 -0.139475
vn 0.970163 -0.159103 -0.182949
vn 0.982926 -0.180447 0.035978
vn 0.992912 -0.118064 0.013640
vn 0.883621 -0.086416 -0.460158
vn 0.970163 -0.159103 -0.182949
vn 0.989445 -0.039301 -0.139475
vn 0.865047 0.176034 -0.469793
vn 0.999993 0.001183 0.003638
vn 0.883621 -0.086416 -0.460158
vn 0.865047 0.176034 -0.469793
vn 0.987749 0.155267 -0.015639
vn 0.902285 0.086036 0.422469
vn 0.894345 -0.036656 0.445873
vn 0.999993 0.001183 0.003638
vn 0.987749 0.155267 -0.015639
vn 0.969615 0.096460 0.224816
vn 0.963075 -0.165771 0.212148
vn 0.894345 -0.036656 0.445873
vn 0.902285 0.086036 0.422469
vn 0.976692 0.214644 0.000000
vn 0.965456 -0.260566 0.000000
vn 0.963075 -0.165771 0.212148
vn 0.969615 0.096460 0.224816
vn 0.969615 0.096459 -0.224816
vn 0.963075 -0.165771 -0.212148
vn 0.965456 -0.260566 0.000000
vn 0.976692 0.214644 0.000000
vn 0.894345 -0.036656 -0.445873
vn 0.963075 -0.165771 -0.212148
vn 0.969615 0.096459 -0.224816
vn 0.902285 0.086036 -0.422469
vn 0.999993 0.001183 -0.003638
vn 0.894345 -0.036656 -0.445873
vn 0.902285 0.086036 -0.422469
vn 0.987749 0.155267 0.015640
vn 0.865047 0.176034 0.469793
vn 0.883621 -0.086416 0.460159
vn 0.999993 0.001183 -0.003638
vn 0.987749 0.155267 0.015640
vn 0.865047 0.176034 0.469793
vn 0.989446 -0.039301 0.139475
vn 0.970163 -0.159103 0.182950
vn 0.883621 -0.086416 0.460159
vn 0.982926 -0.180447 -0.035978
vn 0.970163 -0.159103 0.182950
vn 0.989446 -0.039301 0.139475
vn 0.992912 -0.118064 -0.013640
vn 0.991544 0.015583 -0.128832
vn 0.976831 -0.076968 -0.199695
vn 0.982926 -0.180447 -0.035978
vn 0.992912 -0.118064 -0.013640
vn 0.728018 0.203414 -0.654685
vn 0.921936 0.085332 -0.377826
vn 0.933009 0.256908 -0.251977
vn 0.676002 0.351219 -0.647816
vn 0.434059 0.190232 -0.880571
vn 0.728018 0.203414 -0.654685
vn 0.676002 0.351219 -0.647816
vn 0.427868 0.164620 -0.888723
vn -0.250975 0.063924 -0.965881
vn 0.434059 0.190232 -0.880571
vn 0.427868 0.164620 -0.888723
vn -0.206225 -0.023735 -0.978217
vn -0.405844 0.014142 -0.913833
vn -0.250975 0.063924 -0.965881
vn -0.206225 -0.023735 -0.978217
vn -0.340887 -0.083929 -0.936350
vn 0.045250 -0.367087 -0.929085
vn 0.052083 -0.447427 -0.892803
vn 0.015868 -0.411046 -0.911477
vn 0.003321 -0.371979 -0.928235
vn 0.002647 0.377220 -0.926120
vn 0.045250 -0.367087 -0.929085
vn 0.003321 -0.371979 -0.928235
vn -0.146543 0.405698 -0.902183
vn -0.051452 0.656685 -0.752407
vn 0.002647 0.377220 -0.926120
vn -0.146543 0.405698 -0.902183
vn -0.248429 0.672185 -0.697460
vn -0.483716 0.837311 -0.254812
vn -0.176479 0.910416 -0.374164
vn -0.051452 0.656685 -0.752407
vn -0.248429 0.672185 -0.697460
vn -0.320292 0.947294 -0.006810
vn -0.246252 0.960874 -0.126811
vn -0.568840 0.820916 -0.050184
vn -0.615194 0.788337 0.007835
vn -0.592504 0.791864 0.147955
vn -0.372427 0.910008 0.182165
vn -0.320292 0.947294 -0.006810
vn -0.615194 0.788337 0.007835
vn -0.377501 0.830603 0.409380
vn -0.372427 0.910008 0.182165
vn -0.592504 0.791864 0.147955
vn -0.526107 0.780399 0.337918
vn -0.436207 0.862961 -0.254995
vn -0.357465 0.917315 -0.175361
vn -0.377501 0.830603 0.409380
vn -0.526107 0.780399 0.337918
vn -0.477479 0.824994 -0.302321
vn -0.289394 0.890917 -0.350026
vn -0.357465 0.917315 -0.175361
vn -0.436207 0.862961 -0.254995
vn -0.517500 0.847209 -0.120129
vn -0.260975 0.953946 -0.147914
vn -0.289394 0.890917 -0.350026
vn -0.477479 0.824994 -0.302321
vn -0.532467 0.846451 -0.000000
vn -0.223558 0.974691 -0.000000
vn -0.260975 0.953946 -0.147914
vn -0.517500 0.847209 -0.120129
vn -0.517500 0.847209 0.120129
vn -0.260975 0.953946 0.147914
vn -0.223558 0.974691 -0.000000
vn -0.532467 0.846451 -0.000000
vn -0.289394 0.890917 0.350027
vn -0.260975 0.953946 0.147914
vn -0.517500 0.847209 0.120129
vn -0.477479 0.824994 0.302321
vn -0.357465 0.917315 0.175361
vn -0.289394 0.890917 0.350027
vn -0.477479 0.824994 0.302321
vn -0.436207 0.862961 0.254995
vn -0.377502 0.830603 -0.409380
vn -0.357465 0.917315 0.175361
vn -0.436207 0.862961 0.254995
vn -0.526107 0.780399 -0.337918
vn -0.592504 0.791864 -0.147955
vn -0.372427 0.910008 -0.182165
vn -0.377502 0.830603 -0.409380
vn -0.526107 0.780399 -0.337918
vn -0.615194 0.788337 -0.007835
vn -0.320292 0.947294 0.006810
vn -0.372427 0.910008 -0.182165
vn -0.592504 0.791864 -0.147955
vn -0.568840 0.820916 0.050184
vn -0.246252 0.960874 0.126811
vn -0.320292 0.947294 0.006810
vn -0.615194 0.788337 -0.007835
vn -0.483716 0.837311 0.254812
vn -0.176479 0.910416 0.374163
vn -0.246252 0.960874 0.126811
vn -0.568840 0.820916 0.050184
vn -0.146543 0.405699 0.902183
vn 0.002647 0.377220 0.926120
vn -0.051452 0.656685 0.752408
vn -0.248428 0.672184 0.697461
vn 0.003321 -0.371979 0.928235
vn 0.045250 -0.367087 0.929085
vn 0.002647 0.377220 0.926120
vn -0.146543 0.405699 0.902183
vn 0.015869 -0.411046 0.911476
vn 0.052084 -0.447426 0.892803
vn 0.045250 -0.367087 0.929085
vn 0.003321 -0.371979 0.928235
vn 0.028460 -0.448821 0.893168
vn -0.062876 -0.441141 0.895233
vn -0.044779 -0.497143 0.866512
vn 0.009212 -0.457169 0.889332
vn 0.227708 0.454627 0.861082
vn 0.096464 0.438158 0.893707
vn -0.062876 -0.441141 0.895233
vn 0.028460 -0.448821 0.893168
vn 0.169041 0.679227 0.714196
vn 0.096464 0.438158 0.893707
vn 0.227708 0.454627 0.861082
vn 0.355540 0.682974 0.638073
vn 0.549813 0.824331 0.134849
vn 0.297172 0.944024 0.143205
vn 0.265878 0.895685 0.356450
vn 0.526535 0.797271 0.295160
vn 0.320317 0.947138 -0.018063
vn 0.297172 0.944024 0.143205
vn 0.549813 0.824331 0.134849
vn 0.548884 0.835784 -0.013808
vn 0.532989 0.812581 -0.235872
vn 0.371436 0.903331 -0.214541
vn 0.320317 0.947138 -0.018063
vn 0.548884 0.835784 -0.013808
vn 0.392714 0.824657 -0.407083
vn 0.371436 0.903331 -0.214541
vn 0.532989 0.812581 -0.235872
vn 0.511053 0.752081 -0.416172
vn 0.419912 0.902974 -0.091171
vn 0.392714 0.824657 -0.407083
vn 0.511053 0.752081 -0.416172
vn 0.576263 0.812342 -0.089563
vn 0.384648 0.856238 0.344822
vn 0.419912 0.902974 -0.091171
vn 0.576263 0.812342 -0.089563
vn 0.545099 0.761878 0.349872
vn 0.576805 0.788297 0.214204
vn 0.390369 0.899461 0.196421
vn 0.384648 0.856238 0.344822
vn 0.545099 0.761878 0.349872
vn 0.600412 0.799691 -0.000000
vn 0.394503 0.918894 -0.000000
vn 0.390369 0.899461 0.196421
vn 0.576805 0.788297 0.214204
vn 0.576805 0.788297 -0.214205
vn 0.390369 0.899461 -0.196421
vn 0.394503 0.918894 -0.000000
vn 0.600412 0.799691 -0.000000
vn 0.384648 0.856238 -0.344821
vn 0.390369 0.899461 -0.196421
vn 0.576805 0.788297 -0.214205
vn 0.545099 0.761877 -0.349872
vn 0.576263 0.812342 0.089563
vn 0.419912 0.902974 0.091171
vn 0.384648 0.856238 -0.344821
vn 0.545099 0.761877 -0.349872
vn 0.511053 0.752081 0.416172
vn 0.392714 0.824657 0.407083
vn 0.419912 0.902974 0.091171
vn 0.576263 0.812342 0.089563
vn 0.532989 0.812581 0.235872
vn 0.371436 0.903331 0.214541
vn 0.392714 0.824657 0.407083
vn 0.511053 0.752081 0.416172
vn 0.548884 0.835784 0.013808
vn 0.320317 0.947138 0.018063
vn 0.371436 0.903331 0.214541
vn 0.532989 0.812581 0.235872
vn 0.549813 0.824331 -0.134849
vn 0.297172 0.944024 -0.143205
vn 0.320317 0.947138 0.018063
vn 0.548884 0.835784 0.013808
vn 0.355540 0.682974 -0.638073
vn 0.169041 0.679226 -0.714197
vn 0.265878 0.895685 -0.356450
vn 0.526535 0.797272 -0.295160
vn 0.227708 0.454627 -0.861083
vn 0.096464 0.438158 -0.893707
vn 0.169041 0.679226 -0.714197
vn 0.355540 0.682974 -0.638073
vn -0.062876 -0.441141 -0.895232
vn 0.096464 0.438158 -0.893707
vn 0.227708 0.454627 -0.861083
vn 0.028460 -0.448822 -0.893168
vn -0.044779 -0.497144 -0.866512
vn -0.062876 -0.441141 -0.895232
vn 0.028460 -0.448822 -0.893168
vn 0.009212 -0.457170 -0.889332
vn -0.004740 -0.395670 -0.918381
vn -0.003153 -0.454518 -0.890732
vn 0.009212 -0.457170 -0.889332
vn -0.019711 -0.387556 -0.921635
vn 0.030708 0.447841 -0.893586
vn -0.004740 -0.395670 -0.918381
vn -0.019711 -0.387556 -0.921635
vn -0.136803 0.473426 -0.870145
vn -0.018682 0.712380 -0.701546
vn 0.030708 0.447841 -0.893586
vn -0.136803 0.473426 -0.870145
vn -0.298946 0.739094 -0.603632
vn -0.559377 0.805645 -0.195023
vn -0.182256 0.920427 -0.345827
vn -0.018682 0.712380 -0.701546
vn -0.298946 0.739094 -0.603632
vn -0.636231 0.771255 0.019358
vn -0.269513 0.962695 0.024115
vn -0.230734 0.962495 -0.142705
vn -0.626505 0.776989 -0.061470
vn -0.585921 0.785111 0.200742
vn -0.321677 0.910118 0.261168
vn -0.269513 0.962695 0.024115
vn -0.636231 0.771255 0.019358
vn -0.345004 0.816082 0.463662
vn -0.321677 0.910118 0.261168
vn -0.585921 0.785111 0.200742
vn -0.474916 0.798921 0.369027
vn -0.362124 0.926108 -0.105781
vn -0.292442 0.952679 -0.082951
vn -0.345004 0.816082 0.463662
vn -0.474916 0.798921 0.369027
vn -0.263363 0.902328 -0.341240
vn -0.292442 0.952679 -0.082951
vn -0.362124 0.926108 -0.105781
vn -0.464788 0.846949 -0.258166
vn -0.502839 0.860134 -0.085569
vn -0.212613 0.966207 -0.145738
vn -0.263363 0.902328 -0.341240
vn -0.464788 0.846949 -0.258166
vn -0.492346 0.870400 -0.000000
vn -0.155786 0.987791 0.000000
vn -0.212613 0.966207 -0.145738
vn -0.502839 0.860134 -0.085569
vn -0.502839 0.860134 0.085569
vn -0.212613 0.966207 0.145738
vn -0.155786 0.987791 0.000000
vn -0.492346 0.870400 -0.000000
vn -0.263363 0.902328 0.341239
vn -0.212613 0.966207 0.145738
vn -0.502839 0.860134 0.085569
vn -0.464788 0.846949 0.258166
vn -0.362124 0.926108 0.105782
vn -0.292441 0.952679 0.082951
vn -0.263363 0.902328 0.341239
vn -0.464788 0.846949 0.258166
vn -0.345004 0.816082 -0.463662
vn -0.292441 0.952679 0.082951
vn -0.362124 0.926108 0.105782
vn -0.474916 0.798921 -0.369026
vn -0.585922 0.785111 -0.200741
vn -0.321677 0.910118 -0.261168
vn -0.345004 0.816082 -0.463662
vn -0.474916 0.798921 -0.369026
vn -0.636231 0.771255 -0.019358
vn -0.269513 0.962695 -0.024114
vn -0.321677 0.910118 -0.261168
vn -0.585922 0.785111 -0.200741
vn -0.626505 0.776989 0.061470
vn -0.230734 0.962495 0.142705
vn -0.269513 0.962695 -0.024114
vn -0.636231 0.771255 -0.019358
vn -0.559377 0.805645 0.195023
vn -0.182257 0.920427 0.345827
vn -0.230734 0.962495 0.142705
vn -0.626505 0.776989 0.061470
vn -0.136803 0.473427 0.870145
vn 0.030708 0.447841 0.893586
vn -0.018682 0.712380 0.701545
vn -0.298946 0.739094 0.603631
vn -0.019711 -0.387556 0.921635
vn -0.004739 -0.395670 0.918381
vn 0.030708 0.447841 0.893586
vn -0.136803 0.473427 0.870145
vn 0.009212 -0.457169 0.889332
vn -0.003152 -0.454518 0.890732
vn -0.004739 -0.395670 0.918381
vn -0.019711 -0.387556 0.921635
vn -0.399248 0.916654 0.018612
vn -0.435453 0.899502 0.035736
vn -0.233594 0.971808 0.031974
vn -0.281915 0.959059 0.027013
vn -0.435452 0.899502 -0.035736
vn -0.399247 0.916654 -0.018612
vn -0.281915 0.959059 -0.027013
vn -0.233594 0.971808 -0.031974
vn -0.281915 0.959059 0.027013
vn -0.210800 0.976106 0.052722
vn -0.300674 0.952310 0.051971
vn -0.399248 0.916654 0.018612
vn -0.210800 0.976106 -0.052726
vn -0.281915 0.959059 -0.027013
vn -0.399247 0.916654 -0.018612
vn -0.300673 0.952310 -0.051974
vn -0.210800 0.976106 0.052722
vn -0.294101 0.955607 -0.017861
vn -0.405013 0.914280 0.007523
vn -0.300674 0.952310 0.051971
vn -0.294101 0.955607 0.017861
vn -0.210800 0.976106 -0.052726
vn -0.300673 0.952310 -0.051974
vn -0.405014 0.914279 -0.007525
vn -0.294101 0.955607 -0.017861
vn -0.248095 0.968089 -0.035389
vn -0.431132 0.901697 -0.032680
vn -0.405013 0.914280 0.007523
vn -0.248095 0.968089 0.035388
vn -0.294101 0.955607 0.017861
vn -0.405014 0.914279 -0.007525
vn -0.431133 0.901696 0.032679
vn -0.444307 0.895874 -0.000000
vn -0.431132 0.901697 -0.032680
vn -0.248095 0.968089 -0.035389
vn -0.221815 0.975089 0.000000
vn -0.431133 0.901696 0.032679
vn -0.444307 0.895874 -0.000000
vn -0.221815 0.975089 0.000000
vn -0.248095 0.968089 0.035388
vn -0.892322 0.105091 0.438996
vn -0.802129 0.202702 0.561694
vn -0.817244 0.452181 0.357274
vn -0.914564 0.290002 0.281906
vn -0.817244 0.452182 -0.357273
vn -0.802130 0.202703 -0.561693
vn -0.892323 0.105091 -0.438995
vn -0.914564 0.290005 -0.281905
vn -0.848644 -0.001168 0.528963
vn -0.738086 0.012871 0.674584
vn -0.802129 0.202702 0.561694
vn -0.892322 0.105091 0.438996
vn -0.802130 0.202703 -0.561693
vn -0.738085 0.012871 -0.674585
vn -0.848643 -0.001167 -0.528965
vn -0.892323 0.105091 -0.438995
vn -0.848644 -0.001168 0.528963
vn -0.796909 -0.047883 0.602199
vn -0.709423 -0.060279 0.702200
vn -0.738086 0.012871 0.674584
vn -0.796908 -0.047882 -0.602200
vn -0.848643 -0.001167 -0.528965
vn -0.738085 0.012871 -0.674585
vn -0.709423 -0.060280 -0.702200
vn -0.718072 0.695404 0.028048
vn -0.872362 0.477123 0.106485
vn -0.793891 0.600651 0.094635
vn -0.787581 0.616165 0.007567
vn -0.914564 0.290005 -0.281905
vn -0.872360 0.477126 -0.106484
vn -0.793890 0.600652 -0.094635
vn -0.817244 0.452182 -0.357273
vn -0.787581 0.616165 0.007567
vn -0.798403 0.601959 0.014064
vn -0.670121 0.742110 0.014491
vn -0.718072 0.695404 0.028048
vn -0.798403 0.601959 -0.014065
vn -0.787581 0.616165 -0.007567
vn -0.718071 0.695404 -0.028048
vn -0.670122 0.742110 -0.014492
vn -0.798403 0.601959 0.014064
vn -0.850359 0.524962 0.036111
vn -0.662293 0.748553 0.032190
vn -0.670121 0.742110 0.014491
vn -0.850360 0.524962 -0.036111
vn -0.798403 0.601959 -0.014065
vn -0.670122 0.742110 -0.014492
vn -0.662293 0.748553 -0.032191
vn -0.890080 0.453807 0.042613
vn -0.541923 0.838903 0.050616
vn -0.880099 0.472375 0.047835
vn -0.925511 0.376894 0.037163
vn -0.541922 0.838903 -0.050616
vn -0.890080 0.453809 -0.042613
vn -0.925510 0.376896 -0.037161
vn -0.880098 0.472377 -0.047835
vn -0.541923 0.838903 0.050616
vn -0.662293 0.748553 0.032190
vn -0.850359 0.524962 0.036111
vn -0.880099 0.472375 0.047835
vn -0.662293 0.748553 -0.032191
vn -0.541922 0.838903 -0.050616
vn -0.880098 0.472377 -0.047835
vn -0.850360 0.524962 -0.036111
vn -0.495541 0.868545 -0.008262
vn -0.890080 0.453807 0.042613
vn -0.925511 0.376894 0.037163
vn -0.873780 0.485041 -0.035262
vn -0.890080 0.453809 -0.042613
vn -0.495541 0.868545 0.008261
vn -0.873780 0.485041 0.035262
vn -0.925510 0.376896 -0.037161
vn -0.873780 0.485041 -0.035262
vn -0.818240 0.573668 -0.037274
vn -0.506891 0.861896 -0.014022
vn -0.495541 0.868545 -0.008262
vn -0.818240 0.573667 0.037273
vn -0.873780 0.485041 0.035262
vn -0.495541 0.868545 0.008261
vn -0.506891 0.861896 0.014022
vn -0.405582 0.914059 0.000000
vn -0.506891 0.861896 -0.014022
vn -0.818240 0.573668 -0.037274
vn -0.760669 0.649141 -0.000000
vn -0.506891 0.861896 0.014022
vn -0.405582 0.914059 0.000000
vn -0.760669 0.649141 -0.000000
vn -0.818240 0.573667 0.037273
vn -0.660151 -0.097459 0.744784
vn -0.709423 -0.060279 0.702200
vn -0.796909 -0.047883 0.602199
vn -0.683008 -0.075125 0.726537
vn -0.709423 -0.060280 -0.702200
vn -0.660151 -0.097459 -0.744784
vn -0.683009 -0.075125 -0.726537
vn -0.796908 -0.047882 -0.602200
vn -0.683008 -0.075125 0.726537
vn -0.611222 -0.050182 0.789867
vn -0.632234 -0.062663 0.772240
vn -0.660151 -0.097459 0.744784
vn -0.611221 -0.050182 -0.789867
vn -0.683009 -0.075125 -0.726537
vn -0.660151 -0.097459 -0.744784
vn -0.632232 -0.062663 -0.772241
vn -0.611222 -0.050182 0.789867
vn -0.666530 -0.021315 0.745174
vn -0.649591 -0.000435 0.760283
vn -0.632234 -0.062663 0.772240
vn -0.666529 -0.021315 -0.745175
vn -0.611221 -0.050182 -0.789867
vn -0.632232 -0.062663 -0.772241
vn -0.649590 -0.000435 -0.760284
vn -0.666530 -0.021315 0.745174
vn -0.683222 -0.042558 0.728969
vn -0.776439 -0.008038 0.630140
vn -0.649591 -0.000435 0.760283
vn -0.683221 -0.042558 -0.728970
vn -0.666529 -0.021315 -0.745175
vn -0.649590 -0.000435 -0.760284
vn -0.776439 -0.008038 -0.630141
vn -0.683222 -0.042558 0.728969
vn -0.527405 0.018992 0.849402
vn -0.447421 0.018447 0.894133
vn -0.776439 -0.008038 0.630140
vn -0.683221 -0.042558 -0.728970
vn -0.776439 -0.008038 -0.630141
vn -0.447422 0.018447 -0.894133
vn -0.527404 0.018991 -0.849402
vn -0.683222 -0.042558 0.728969
vn -0.835920 -0.083331 0.542488
vn -0.506137 -0.063464 0.860115
vn -0.527405 0.018992 0.849402
vn -0.683221 -0.042558 -0.728970
vn -0.527404 0.018991 -0.849402
vn -0.506137 -0.063464 -0.860115
vn -0.835920 -0.083332 -0.542489
vn -0.835920 -0.083331 0.542488
vn -0.740565 -0.131819 0.658929
vn -0.481172 -0.132228 0.866596
vn -0.506137 -0.063464 0.860115
vn -0.700773 -0.091698 -0.707467
vn -0.683221 -0.042558 -0.728970
vn -0.835920 -0.083332 -0.542489
vn -0.740565 -0.131819 -0.658928
vn -0.740565 -0.131819 0.658929
vn -0.601717 -0.124917 0.788881
vn -0.452101 -0.123827 0.883330
vn -0.481172 -0.132228 0.866596
vn -0.511799 -0.076500 -0.855692
vn -0.700773 -0.091698 -0.707467
vn -0.740565 -0.131819 -0.658928
vn -0.601715 -0.124917 -0.788882
vn -0.601717 -0.124917 0.788881
vn -0.566051 -0.044003 0.823195
vn -0.457197 -0.033968 0.888717
vn -0.452101 -0.123827 0.883330
vn -0.441597 -0.029179 -0.896739
vn -0.511799 -0.076500 -0.855692
vn -0.601715 -0.124917 -0.788882
vn -0.566050 -0.044003 -0.823196
vn -0.566051 -0.044003 0.823195
vn -0.597469 0.037061 0.801035
vn -0.467366 0.050085 0.882644
vn -0.457197 -0.033968 0.888717
vn -0.488217 0.005749 -0.872703
vn -0.441597 -0.029179 -0.896739
vn -0.566050 -0.044003 -0.823196
vn -0.597468 0.037061 -0.801036
vn -0.597469 0.037061 0.801035
vn -0.689255 0.040032 0.723412
vn -0.479315 0.069383 0.874896
vn -0.467366 0.050085 0.882644
vn -0.703825 0.001216 -0.710372
vn -0.488217 0.005749 -0.872703
vn -0.597468 0.037061 -0.801036
vn -0.689255 0.040032 -0.723412
vn -0.467705 0.002113 0.883882
vn -0.479315 0.069383 0.874896
vn -0.689255 0.040032 0.723412
vn -0.739358 -0.008000 0.673265
vn -0.689255 0.040032 -0.723412
vn -0.739358 -0.008000 -0.673265
vn -0.696162 -0.047192 -0.716332
vn -0.703825 0.001216 -0.710372
vn -0.404501 -0.088603 0.910235
vn -0.402707 -0.097137 0.910160
vn -0.655513 -0.101052 0.748393
vn -0.569773 -0.092422 0.816589
vn -0.402706 -0.097137 -0.910161
vn -0.404500 -0.088604 -0.910236
vn -0.569773 -0.092422 -0.816589
vn -0.655513 -0.101052 -0.748393
vn -0.410753 -0.031434 0.911205
vn -0.404501 -0.088603 0.910235
vn -0.569773 -0.092422 0.816589
vn -0.495097 -0.033640 0.868186
vn -0.404500 -0.088604 -0.910236
vn -0.410754 -0.031434 -0.911204
vn -0.495098 -0.033640 -0.868186
vn -0.569773 -0.092422 -0.816589
vn -0.417488 0.021574 0.908426
vn -0.410753 -0.031434 0.911205
vn -0.495097 -0.033640 0.868186
vn -0.505813 0.013024 0.862545
vn -0.410754 -0.031434 -0.911204
vn -0.417489 0.021574 -0.908426
vn -0.505813 0.013024 -0.862545
vn -0.495098 -0.033640 -0.868186
vn -0.505813 0.013024 0.862545
vn -0.549582 -0.004536 0.835428
vn -0.405844 0.014142 0.913833
vn -0.417488 0.021574 0.908426
vn -0.549582 -0.004536 -0.835428
vn -0.505813 0.013024 -0.862545
vn -0.417489 0.021574 -0.908426
vn -0.405844 0.014142 -0.913833
vn -0.549582 -0.004536 0.835428
vn -0.583901 -0.097168 0.805989
vn -0.340888 -0.083929 0.936350
vn -0.405844 0.014142 0.913833
vn -0.583901 -0.097169 -0.805989
vn -0.549582 -0.004536 -0.835428
vn -0.405844 0.014142 -0.913833
vn -0.340887 -0.083929 -0.936350
vn -0.206226 -0.023736 0.978217
vn -0.340888 -0.083929 0.936350
vn -0.254511 -0.202543 0.945622
vn -0.116469 -0.119188 0.986017
vn -0.340887 -0.083929 -0.936350
vn -0.206225 -0.023735 -0.978217
vn -0.116468 -0.119187 -0.986017
vn -0.254511 -0.202543 -0.945622
vn -0.254511 -0.202543 0.945622
vn -0.226169 -0.243943 0.943048
vn -0.200073 -0.250176 0.947303
vn -0.116469 -0.119188 0.986017
vn -0.226170 -0.243943 -0.943048
vn -0.254511 -0.202543 -0.945622
vn -0.116468 -0.119187 -0.986017
vn -0.200073 -0.250175 -0.947303
vn -0.200073 -0.250176 0.947303
vn -0.180925 -0.266221 0.946780
vn -0.140510 -0.283253 0.948696
vn -0.116469 -0.119188 0.986017
vn -0.180924 -0.266221 -0.946780
vn -0.200073 -0.250175 -0.947303
vn -0.116468 -0.119187 -0.986017
vn -0.140509 -0.283253 -0.948696
vn -0.028201 -0.341174 0.939577
vn -0.009796 -0.157103 0.987534
vn -0.116469 -0.119188 0.986017
vn -0.140510 -0.283253 0.948696
vn -0.009796 -0.157103 -0.987534
vn -0.028201 -0.341175 -0.939577
vn -0.140509 -0.283253 -0.948696
vn -0.116468 -0.119187 -0.986017
vn -0.583901 -0.097168 0.805989
vn -0.542555 -0.285800 0.789907
vn -0.254511 -0.202543 0.945622
vn -0.340888 -0.083929 0.936350
vn -0.254511 -0.202543 -0.945622
vn -0.542554 -0.285800 -0.789907
vn -0.583901 -0.097169 -0.805989
vn -0.340887 -0.083929 -0.936350
vn -0.542555 -0.285800 0.789907
vn -0.485342 -0.425226 0.763954
vn -0.226169 -0.243943 0.943048
vn -0.254511 -0.202543 0.945622
vn -0.226170 -0.243943 -0.943048
vn -0.485342 -0.425227 -0.763954
vn -0.542554 -0.285800 -0.789907
vn -0.254511 -0.202543 -0.945622
vn -0.485342 -0.425226 0.763954
vn -0.393809 -0.507733 0.766239
vn -0.200073 -0.250176 0.947303
vn -0.226169 -0.243943 0.943048
vn -0.200073 -0.250175 -0.947303
vn -0.393809 -0.507733 -0.766239
vn -0.485342 -0.425227 -0.763954
vn -0.226170 -0.243943 -0.943048
vn -0.393809 -0.507733 0.766239
vn -0.308466 -0.591968 0.744596
vn -0.180925 -0.266221 0.946780
vn -0.200073 -0.250176 0.947303
vn -0.180924 -0.266221 -0.946780
vn -0.308466 -0.591967 -0.744596
vn -0.393809 -0.507733 -0.766239
vn -0.200073 -0.250175 -0.947303
vn -0.308466 -0.591968 0.744596
vn -0.163963 -0.623766 0.764220
vn -0.140510 -0.283253 0.948696
vn -0.180925 -0.266221 0.946780
vn -0.140509 -0.283253 -0.948696
vn -0.163963 -0.623766 -0.764220
vn -0.308466 -0.591967 -0.744596
vn -0.180924 -0.266221 -0.946780
vn -0.163963 -0.623766 0.764220
vn 0.010026 -0.639719 0.768543
vn -0.028201 -0.341174 0.939577
vn -0.140510 -0.283253 0.948696
vn -0.028201 -0.341175 -0.939577
vn 0.010026 -0.639719 -0.768544
vn -0.163963 -0.623766 -0.764220
vn -0.140509 -0.283253 -0.948696
vn 0.010026 -0.639719 0.768543
vn 0.061324 -0.603952 0.794658
vn 0.045673 -0.378295 0.924558
vn -0.028201 -0.341174 0.939577
vn 0.061324 -0.603951 -0.794658
vn 0.010026 -0.639719 -0.768544
vn -0.028201 -0.341175 -0.939577
vn 0.045673 -0.378295 -0.924558
vn 0.061324 -0.603952 0.794658
vn 0.063996 -0.554964 0.829409
vn 0.052385 -0.392613 0.918211
vn 0.045673 -0.378295 0.924558
vn 0.063995 -0.554964 -0.829409
vn 0.061324 -0.603951 -0.794658
vn 0.045673 -0.378295 -0.924558
vn 0.052385 -0.392613 -0.918211
vn 0.063996 -0.554964 0.829409
vn 0.034398 -0.545717 0.837264
vn 0.022208 -0.394968 0.918426
vn 0.052385 -0.392613 0.918211
vn 0.034397 -0.545716 -0.837264
vn 0.063995 -0.554964 -0.829409
vn 0.052385 -0.392613 -0.918211
vn 0.022208 -0.394968 -0.918427
vn 0.034398 -0.545717 0.837264
vn 0.033478 -0.567191 0.822905
vn 0.015869 -0.411046 0.911476
vn 0.022208 -0.394968 0.918426
vn 0.033477 -0.567193 -0.822905
vn 0.034397 -0.545716 -0.837264
vn 0.022208 -0.394968 -0.918427
vn 0.015868 -0.411046 -0.911477
vn 0.033478 -0.567191 0.822905
vn 0.058304 -0.566836 0.821765
vn 0.052084 -0.447426 0.892803
vn 0.015869 -0.411046 0.911476
vn 0.058303 -0.566837 -0.821764
vn 0.033477 -0.567193 -0.822905
vn 0.015868 -0.411046 -0.911477
vn 0.052083 -0.447427 -0.892803
vn 0.058304 -0.566836 0.821765
vn 0.038483 -0.524729 0.850399
vn 0.039772 -0.459023 0.887534
vn 0.052084 -0.447426 0.892803
vn 0.038482 -0.524729 -0.850399
vn 0.058303 -0.566837 -0.821764
vn 0.052083 -0.447427 -0.892803
vn 0.039772 -0.459024 -0.887533
vn 0.038483 -0.524729 0.850399
vn -0.029254 -0.535513 0.844020
vn -0.034112 -0.467303 0.883439
vn 0.039772 -0.459023 0.887534
vn -0.029254 -0.535513 -0.844020
vn 0.038482 -0.524729 -0.850399
vn 0.039772 -0.459024 -0.887533
vn -0.034111 -0.467304 -0.883438
vn -0.029254 -0.535513 0.844020
vn -0.086399 -0.602200 0.793656
vn -0.091630 -0.480624 0.872126
vn -0.034112 -0.467303 0.883439
vn -0.086399 -0.602200 -0.793656
vn -0.029254 -0.535513 -0.844020
vn -0.034111 -0.467304 -0.883438
vn -0.091630 -0.480624 -0.872126
vn -0.086399 -0.602200 0.793656
vn -0.062166 -0.670355 0.739432
vn -0.044779 -0.497143 0.866512
vn -0.091630 -0.480624 0.872126
vn -0.062166 -0.670355 -0.739432
vn -0.086399 -0.602200 -0.793656
vn -0.091630 -0.480624 -0.872126
vn -0.044779 -0.497144 -0.866512
vn -0.062166 -0.670355 0.739432
vn -0.008058 -0.656572 0.754221
vn 0.009212 -0.457169 0.889332
vn -0.044779 -0.497143 0.866512
vn -0.008058 -0.656573 -0.754220
vn -0.062166 -0.670355 -0.739432
vn -0.044779 -0.497144 -0.866512
vn 0.009212 -0.457170 -0.889332
vn -0.008058 -0.656572 0.754221
vn -0.001126 -0.605453 0.795880
vn -0.003152 -0.454518 0.890732
vn 0.009212 -0.457169 0.889332
vn -0.001126 -0.605455 -0.795879
vn -0.008058 -0.656573 -0.754220
vn 0.009212 -0.457170 -0.889332
vn -0.003153 -0.454518 -0.890732
vn -0.001126 -0.605453 0.795880
vn -0.017388 -0.596430 0.802477
vn -0.015229 -0.474360 0.880199
vn -0.003152 -0.454518 0.890732
vn -0.017388 -0.596431 -0.802476
vn -0.001126 -0.605455 -0.795879
vn -0.003153 -0.454518 -0.890732
vn -0.015229 -0.474360 -0.880199
vn -0.017388 -0.596430 0.802477
vn -0.043556 -0.627801 0.777155
vn -0.046257 -0.496849 0.866604
vn -0.015229 -0.474360 0.880199
vn -0.043556 -0.627802 -0.777154
vn -0.017388 -0.596431 -0.802476
vn -0.015229 -0.474360 -0.880199
vn -0.046257 -0.496848 -0.866604
vn -0.043556 -0.627801 0.777155
vn -0.033050 -0.699923 0.713453
vn -0.038960 -0.540345 0.840541
vn -0.046257 -0.496849 0.866604
vn -0.033050 -0.699923 -0.713453
vn -0.043556 -0.627802 -0.777154
vn -0.046257 -0.496848 -0.866604
vn -0.038960 -0.540345 -0.840541
vn -0.033050 -0.699923 0.713453
vn 0.051538 -0.769978 0.635985
vn 0.062888 -0.626645 0.776763
vn -0.038960 -0.540345 0.840541
vn 0.051538 -0.769978 -0.635986
vn -0.033050 -0.699923 -0.713453
vn -0.038960 -0.540345 -0.840541
vn 0.062887 -0.626645 -0.776763
vn 0.051538 -0.769978 0.635985
vn 0.271181 -0.891794 0.362167
vn 0.398603 -0.743851 0.536471
vn 0.062888 -0.626645 0.776763
vn 0.398603 -0.743851 -0.536471
vn 0.271181 -0.891794 -0.362167
vn 0.051538 -0.769978 -0.635986
vn 0.062887 -0.626645 -0.776763
vn 0.398603 -0.743851 0.536471
vn 0.271181 -0.891794 0.362167
vn 0.409424 -0.899482 0.152659
vn 0.611013 -0.748448 0.257855
vn 0.409424 -0.899482 -0.152657
vn 0.271181 -0.891794 -0.362167
vn 0.398603 -0.743851 -0.536471
vn 0.611013 -0.748448 -0.257855
vn 0.409424 -0.899482 0.152659
vn 0.484185 -0.874516 0.028028
vn 0.698202 -0.712638 0.068273
vn 0.611013 -0.748448 0.257855
vn 0.698202 -0.712638 -0.068273
vn 0.484186 -0.874516 -0.028028
vn 0.409424 -0.899482 -0.152657
vn 0.611013 -0.748448 -0.257855
vn 0.724529 -0.689165 0.010448
vn 0.483586 -0.875236 -0.010278
vn 0.476037 -0.879419 -0.003246
vn 0.738894 -0.673624 0.016322
vn 0.724529 -0.689165 -0.010448
vn 0.483587 -0.875236 0.010278
vn 0.484186 -0.874516 -0.028028
vn 0.698202 -0.712638 -0.068273
vn 0.476037 -0.879419 -0.003246
vn 0.494068 -0.868854 0.031448
vn 0.749454 -0.660605 0.043818
vn 0.738894 -0.673624 0.016322
vn 0.494068 -0.868855 -0.031448
vn 0.476037 -0.879419 0.003246
vn 0.738894 -0.673624 -0.016323
vn 0.749454 -0.660605 -0.043818
vn 0.494068 -0.868854 0.031448
vn 0.526867 -0.847506 0.064388
vn 0.760713 -0.645755 0.065701
vn 0.749454 -0.660605 0.043818
vn 0.526868 -0.847505 -0.064388
vn 0.494068 -0.868855 -0.031448
vn 0.749454 -0.660605 -0.043818
vn 0.760713 -0.645755 -0.065701
vn 0.776740 -0.627835 0.049991
vn 0.760713 -0.645755 0.065701
vn 0.526867 -0.847506 0.064388
vn 0.519479 -0.852218 0.062173
vn 0.760713 -0.645755 -0.065701
vn 0.776740 -0.627834 -0.049991
vn 0.519480 -0.852218 -0.062173
vn 0.526868 -0.847505 -0.064388
vn 0.519479 -0.852218 0.062173
vn 0.455221 -0.889816 0.031653
vn 0.773233 -0.632572 0.044314
vn 0.776740 -0.627835 0.049991
vn 0.455221 -0.889816 -0.031652
vn 0.519480 -0.852218 -0.062173
vn 0.776740 -0.627834 -0.049991
vn 0.773233 -0.632572 -0.044314
vn 0.455221 -0.889816 0.031653
vn 0.554381 -0.831392 -0.038063
vn 0.724821 -0.688804 -0.013555
vn 0.773233 -0.632572 0.044314
vn 0.554381 -0.831392 0.038064
vn 0.455221 -0.889816 -0.031652
vn 0.773233 -0.632572 -0.044314
vn 0.724821 -0.688804 0.013555
vn 0.554381 -0.831392 -0.038063
vn 0.561444 -0.826592 -0.039074
vn 0.707123 -0.706600 -0.026331
vn 0.724821 -0.688804 -0.013555
vn 0.561444 -0.826591 0.039074
vn 0.554381 -0.831392 0.038064
vn 0.724821 -0.688804 0.013555
vn 0.707123 -0.706600 0.026331
vn 0.561444 -0.826592 -0.039074
vn 0.557175 -0.830395 -0.000000
vn 0.696752 -0.717312 0.000000
vn 0.707123 -0.706600 -0.026331
vn 0.557175 -0.830395 -0.000000
vn 0.561444 -0.826591 0.039074
vn 0.707123 -0.706600 0.026331
vn 0.696752 -0.717312 0.000000
vn -0.892322 0.105091 0.438996
vn -0.618815 0.336222 0.709946
vn -0.643930 0.069970 0.761878
vn -0.848644 -0.001168 0.528963
vn -0.618814 0.336223 -0.709946
vn -0.892323 0.105091 -0.438995
vn -0.848643 -0.001167 -0.528965
vn -0.643930 0.069971 -0.761878
vn -0.914564 0.290002 0.281906
vn -0.158380 0.900874 0.404157
vn -0.618815 0.336222 0.709946
vn -0.892322 0.105091 0.438996
vn -0.158378 0.900876 -0.404153
vn -0.914564 0.290005 -0.281905
vn -0.892323 0.105091 -0.438995
vn -0.618814 0.336223 -0.709946
vn -0.184596 0.981138 0.057387
vn -0.069625 0.975964 0.206509
vn -0.872362 0.477123 0.106485
vn -0.718072 0.695404 0.028048
vn -0.158378 0.900876 -0.404153
vn -0.069625 0.975965 -0.206506
vn -0.872360 0.477126 -0.106484
vn -0.914564 0.290005 -0.281905
vn -0.718072 0.695404 0.028048
vn -0.670121 0.742110 0.014491
vn -0.182055 0.983105 0.018970
vn -0.184596 0.981138 0.057387
vn -0.670122 0.742110 -0.014492
vn -0.718071 0.695404 -0.028048
vn -0.184597 0.981138 -0.057386
vn -0.182055 0.983105 -0.018971
vn -0.670121 0.742110 0.014491
vn -0.662293 0.748553 0.032190
vn -0.091388 0.995245 0.033708
vn -0.182055 0.983105 0.018970
vn -0.662293 0.748553 -0.032191
vn -0.670122 0.742110 -0.014492
vn -0.182055 0.983105 -0.018971
vn -0.091388 0.995245 -0.033709
vn -0.050481 0.998266 0.030291
vn -0.091388 0.995245 0.033708
vn -0.662293 0.748553 0.032190
vn -0.541923 0.838903 0.050616
vn -0.091388 0.995245 -0.033709
vn -0.050481 0.998266 -0.030291
vn -0.541922 0.838903 -0.050616
vn -0.662293 0.748553 -0.032191
vn -0.050481 0.998266 0.030291
vn -0.541923 0.838903 0.050616
vn -0.890080 0.453807 0.042613
vn -0.050481 0.998266 -0.030291
vn -0.890080 0.453809 -0.042613
vn -0.541922 0.838903 -0.050616
vn -0.050481 0.998266 0.030291
vn -0.890080 0.453807 0.042613
vn -0.495541 0.868545 -0.008262
vn -0.050481 0.998266 -0.030291
vn -0.495541 0.868545 0.008261
vn -0.890080 0.453809 -0.042613
vn -0.495541 0.868545 -0.008262
vn -0.506891 0.861896 -0.014022
vn 0.100701 0.994912 0.003085
vn -0.050481 0.998266 0.030291
vn -0.506891 0.861896 0.014022
vn -0.495541 0.868545 0.008261
vn -0.050481 0.998266 -0.030291
vn 0.100701 0.994912 -0.003085
vn -0.506891 0.861896 -0.014022
vn -0.405582 0.914059 0.000000
vn 0.197551 0.980293 -0.000000
vn 0.100701 0.994912 0.003085
vn -0.405582 0.914059 0.000000
vn -0.506891 0.861896 0.014022
vn 0.100701 0.994912 -0.003085
vn 0.197551 0.980293 -0.000000
vn -0.643930 0.069970 0.761878
vn -0.610000 -0.005063 0.792385
vn -0.796909 -0.047883 0.602199
vn -0.848644 -0.001168 0.528963
vn -0.610000 -0.005063 -0.792385
vn -0.643930 0.069971 -0.761878
vn -0.848643 -0.001167 -0.528965
vn -0.796908 -0.047882 -0.602200
vn -0.683008 -0.075125 0.726537
vn -0.796909 -0.047883 0.602199
vn -0.610000 -0.005063 0.792385
vn -0.492751 -0.046825 0.868910
vn -0.796908 -0.047882 -0.602200
vn -0.683009 -0.075125 -0.726537
vn -0.492751 -0.046825 -0.868910
vn -0.610000 -0.005063 -0.792385
vn -0.611222 -0.050182 0.789867
vn -0.683008 -0.075125 0.726537
vn -0.492751 -0.046825 0.868910
vn -0.466049 -0.033829 0.884112
vn -0.683009 -0.075125 -0.726537
vn -0.611221 -0.050182 -0.789867
vn -0.466048 -0.033829 -0.884112
vn -0.492751 -0.046825 -0.868910
vn -0.872362 0.477123 0.106485
vn -0.069625 0.975964 0.206509
vn -0.158380 0.900874 0.404157
vn -0.914564 0.290002 0.281906
vn -0.817244 0.452181 0.357274
vn -0.793891 0.600651 0.094635
vn -0.872362 0.477123 0.106485
vn -0.914564 0.290002 0.281906
vn -0.262878 0.961034 0.085489
vn -0.494336 0.862783 0.106010
vn -0.589406 0.685166 0.427958
vn -0.355229 0.862664 0.360032
vn 0.248113 0.963120 0.104119
vn -0.262878 0.961034 0.085489
vn -0.355229 0.862664 0.360032
vn 0.222361 0.888485 0.401436
vn 0.736368 0.321679 0.595218
vn 0.842091 0.466950 0.269890
vn 0.248113 0.963120 0.104119
vn 0.222361 0.888485 0.401436
vn 0.767499 0.150875 0.623043
vn 0.909822 0.229614 0.345691
vn 0.842091 0.466950 0.269890
vn 0.736368 0.321679 0.595218
vn 0.772274 0.072582 0.631130
vn 0.905992 0.110464 0.408627
vn 0.909822 0.229614 0.345691
vn 0.767499 0.150875 0.623043
vn 0.763783 0.063138 0.642378
vn 0.905264 0.078805 0.417477
vn 0.905992 0.110464 0.408627
vn 0.772274 0.072582 0.631130
vn 0.769187 0.016826 0.638803
vn 0.925798 -0.011602 0.377840
vn 0.905264 0.078805 0.417477
vn 0.763783 0.063138 0.642378
vn 0.906120 -0.270076 0.325586
vn 0.925798 -0.011602 0.377840
vn 0.769187 0.016826 0.638803
vn 0.779434 -0.158184 0.606185
vn 0.799801 -0.219691 0.558618
vn 0.958858 -0.214031 0.186500
vn 0.906120 -0.270076 0.325586
vn 0.779434 -0.158184 0.606185
vn 0.736345 0.652046 0.180643
vn 0.958858 -0.214031 0.186500
vn 0.799801 -0.219691 0.558618
vn 0.743851 0.512700 0.428747
vn 0.778050 0.274867 0.564878
vn 0.872285 0.373975 0.315057
vn 0.736345 0.652046 0.180643
vn 0.743851 0.512700 0.428747
vn 0.742389 0.073456 0.665930
vn 0.908386 0.138787 0.394428
vn 0.872285 0.373975 0.315057
vn 0.778050 0.274867 0.564878
vn 0.687008 0.068386 0.723425
vn 0.895532 0.097443 0.434197
vn 0.908386 0.138787 0.394428
vn 0.742389 0.073456 0.665930
vn 0.675116 0.087081 0.732554
vn 0.893811 0.075862 0.441980
vn 0.895532 0.097443 0.434197
vn 0.687008 0.068386 0.723425
vn 0.739391 0.017869 0.673039
vn 0.916597 -0.031523 0.398568
vn 0.893811 0.075862 0.441980
vn 0.675116 0.087081 0.732554
vn 0.855135 -0.423038 0.299637
vn 0.916597 -0.031523 0.398568
vn 0.739391 0.017869 0.673039
vn 0.773451 -0.266509 0.575106
vn 0.950773 -0.160136 0.265305
vn 0.855135 -0.423038 0.299637
vn 0.773451 -0.266509 0.575106
vn 0.750640 -0.097378 0.653497
vn 0.798346 0.520234 0.303316
vn 0.950773 -0.160136 0.265305
vn 0.750640 -0.097378 0.653497
vn 0.749959 0.318516 0.579750
vn 0.734909 0.128092 0.665959
vn 0.859046 0.242423 0.450856
vn 0.798346 0.520234 0.303316
vn 0.749959 0.318516 0.579750
vn 0.690535 0.092973 0.717298
vn 0.845270 0.128141 0.518747
vn 0.859046 0.242423 0.450856
vn 0.734909 0.128092 0.665959
vn 0.689141 0.152917 0.708309
vn 0.856903 0.127845 0.499372
vn 0.845270 0.128141 0.518747
vn 0.690535 0.092973 0.717298
vn 0.728018 0.203414 0.654685
vn 0.921936 0.085332 0.377826
vn 0.856903 0.127845 0.499372
vn 0.689141 0.152917 0.708309
vn 0.676003 0.351219 0.647816
vn 0.933009 0.256908 0.251977
vn 0.921936 0.085332 0.377826
vn 0.728018 0.203414 0.654685
vn 0.124303 0.947889 0.293350
vn 0.933009 0.256908 0.251977
vn 0.676003 0.351219 0.647816
vn 0.175152 0.733445 0.656795
vn 0.056054 0.708114 0.703870
vn -0.040222 0.925057 0.377693
vn 0.124303 0.947889 0.293350
vn 0.175152 0.733445 0.656795
vn 0.028559 0.671540 0.740418
vn 0.035378 0.890877 0.452865
vn -0.040222 0.925057 0.377693
vn 0.056054 0.708114 0.703870
vn 0.030018 0.704601 0.708969
vn 0.124497 0.902895 0.411438
vn 0.035378 0.890877 0.452865
vn 0.028559 0.671540 0.740418
vn 0.141828 0.717317 0.682159
vn 0.333150 0.873092 0.355980
vn 0.124497 0.902895 0.411438
vn 0.030018 0.704601 0.708969
vn -0.123345 0.748674 0.651363
vn -0.151611 0.965084 0.213606
vn 0.333150 0.873092 0.355980
vn 0.141828 0.717317 0.682159
vn -0.483716 0.837311 0.254812
vn -0.151611 0.965084 0.213606
vn -0.123345 0.748674 0.651363
vn -0.248428 0.672184 0.697461
vn -0.248428 0.672184 0.697461
vn -0.051452 0.656685 0.752408
vn -0.176479 0.910416 0.374163
vn -0.483716 0.837311 0.254812
vn 0.007550 0.910009 0.414521
vn -0.176479 0.910416 0.374163
vn -0.051452 0.656685 0.752408
vn 0.023933 0.640492 0.767592
vn 0.066105 0.908986 0.411552
vn 0.007550 0.910009 0.414521
vn 0.023933 0.640492 0.767592
vn 0.033376 0.638291 0.769072
vn 0.052199 0.650330 0.757856
vn 0.113278 0.910694 0.397246
vn 0.066105 0.908986 0.411552
vn 0.033376 0.638291 0.769072
vn 0.169041 0.679227 0.714196
vn 0.265878 0.895685 0.356450
vn 0.113278 0.910694 0.397246
vn 0.052199 0.650330 0.757856
vn 0.526535 0.797271 0.295160
vn 0.265878 0.895685 0.356450
vn 0.169041 0.679227 0.714196
vn 0.355540 0.682974 0.638073
vn 0.032027 0.799719 0.599520
vn -0.001175 0.983060 0.183279
vn 0.526535 0.797271 0.295160
vn 0.355540 0.682974 0.638073
vn -0.559377 0.805645 0.195023
vn -0.001175 0.983060 0.183279
vn 0.032027 0.799719 0.599520
vn -0.298946 0.739094 0.603631
vn -0.018682 0.712380 0.701545
vn -0.182257 0.920427 0.345827
vn -0.559377 0.805645 0.195023
vn -0.298946 0.739094 0.603631
vn 0.073986 0.706131 0.704205
vn 0.084685 0.921709 0.378526
vn -0.182257 0.920427 0.345827
vn -0.018682 0.712380 0.701545
vn 0.098529 0.710939 0.696317
vn 0.167508 0.920258 0.353646
vn 0.084685 0.921709 0.378526
vn 0.073986 0.706131 0.704205
vn 0.149016 0.733201 0.663483
vn 0.274428 0.916508 0.291037
vn 0.167508 0.920258 0.353646
vn 0.098529 0.710939 0.696317
vn 0.492369 0.800929 0.340712
vn 0.530473 0.820751 0.212053
vn 0.274428 0.916508 0.291037
vn 0.149016 0.733201 0.663483
vn 0.963528 0.251172 0.092335
vn 0.530473 0.820751 0.212053
vn 0.492369 0.800929 0.340712
vn 0.956844 0.222099 0.187408
vn 0.853849 -0.508176 0.112695
vn 0.866134 -0.498817 0.031517
vn 0.963528 0.251172 0.092335
vn 0.956844 0.222099 0.187408
vn 0.698202 -0.712638 0.068273
vn 0.724529 -0.689165 0.010448
vn 0.866134 -0.498817 0.031517
vn 0.853849 -0.508176 0.112695
vn 0.484185 -0.874516 0.028028
vn 0.483586 -0.875236 -0.010278
vn 0.724529 -0.689165 0.010448
vn 0.698202 -0.712638 0.068273
vn -0.872360 0.477126 -0.106484
vn -0.069625 0.975965 -0.206506
vn -0.184597 0.981138 -0.057386
vn -0.718071 0.695404 -0.028048
vn -0.787581 0.616165 -0.007567
vn -0.793890 0.600652 -0.094635
vn -0.872360 0.477126 -0.106484
vn -0.718071 0.695404 -0.028048
vn -0.262878 0.961034 -0.085490
vn -0.494336 0.862782 -0.106012
vn -0.438422 0.898725 -0.008912
vn -0.213716 0.976877 -0.006079
vn 0.248112 0.963120 -0.104118
vn -0.262878 0.961034 -0.085490
vn -0.213716 0.976877 -0.006079
vn 0.255796 0.966590 -0.016478
vn 0.837191 0.541626 -0.075848
vn 0.842091 0.466950 -0.269890
vn 0.248112 0.963120 -0.104118
vn 0.255796 0.966590 -0.016478
vn 0.837191 0.541626 -0.075848
vn 0.944026 0.307613 -0.119123
vn 0.909822 0.229614 -0.345691
vn 0.842091 0.466950 -0.269890
vn 0.905992 0.110464 -0.408627
vn 0.909822 0.229614 -0.345691
vn 0.944026 0.307613 -0.119123
vn 0.972709 0.154107 -0.173459
vn 0.905264 0.078805 -0.417476
vn 0.905992 0.110464 -0.408627
vn 0.972709 0.154107 -0.173459
vn 0.979021 0.086322 -0.184569
vn 0.925798 -0.011602 -0.377840
vn 0.905264 0.078805 -0.417476
vn 0.979021 0.086322 -0.184569
vn 0.987335 -0.054534 -0.148985
vn 0.906119 -0.270076 -0.325587
vn 0.925798 -0.011602 -0.377840
vn 0.987335 -0.054534 -0.148985
vn 0.943553 -0.309158 -0.118868
vn 0.994858 -0.077820 -0.064817
vn 0.958858 -0.214031 -0.186501
vn 0.906119 -0.270076 -0.325587
vn 0.943553 -0.309158 -0.118868
vn 0.736345 0.652046 -0.180643
vn 0.958858 -0.214031 -0.186501
vn 0.994858 -0.077820 -0.064817
vn 0.740918 0.670465 -0.038954
vn 0.740918 0.670465 -0.038954
vn 0.905253 0.416424 -0.084312
vn 0.872285 0.373975 -0.315057
vn 0.736345 0.652046 -0.180643
vn 0.908386 0.138787 -0.394428
vn 0.872285 0.373975 -0.315057
vn 0.905253 0.416424 -0.084312
vn 0.975591 0.185528 -0.117482
vn 0.895532 0.097443 -0.434197
vn 0.908386 0.138787 -0.394428
vn 0.975591 0.185528 -0.117482
vn 0.983912 0.114578 -0.137072
vn 0.893811 0.075862 -0.441981
vn 0.895532 0.097443 -0.434197
vn 0.983912 0.114578 -0.137072
vn 0.987702 0.056672 -0.145713
vn 0.916597 -0.031523 -0.398568
vn 0.893811 0.075862 -0.441981
vn 0.987702 0.056672 -0.145713
vn 0.990152 -0.065783 -0.123578
vn 0.855135 -0.423038 -0.299637
vn 0.916597 -0.031523 -0.398568
vn 0.990152 -0.065783 -0.123578
vn 0.890481 -0.443684 -0.100938
vn 0.950773 -0.160136 -0.265306
vn 0.855135 -0.423038 -0.299637
vn 0.890481 -0.443684 -0.100938
vn 0.985827 -0.143747 -0.086500
vn 0.798346 0.520234 -0.303317
vn 0.950773 -0.160136 -0.265306
vn 0.985827 -0.143747 -0.086500
vn 0.768006 0.629225 -0.119339
vn 0.768006 0.629225 -0.119339
vn 0.903405 0.369908 -0.216859
vn 0.859046 0.242423 -0.450856
vn 0.798346 0.520234 -0.303317
vn 0.845270 0.128141 -0.518747
vn 0.859046 0.242423 -0.450856
vn 0.903405 0.369908 -0.216859
vn 0.942994 0.171279 -0.285351
vn 0.856903 0.127845 -0.499372
vn 0.845270 0.128141 -0.518747
vn 0.942994 0.171279 -0.285351
vn 0.955217 0.076965 -0.285722
vn 0.921936 0.085332 -0.377826
vn 0.856903 0.127845 -0.499372
vn 0.955217 0.076965 -0.285722
vn 0.976831 -0.076968 -0.199695
vn 0.933009 0.256908 -0.251977
vn 0.921936 0.085332 -0.377826
vn 0.976831 -0.076968 -0.199695
vn 0.991544 0.015583 -0.128832
vn 0.124303 0.947890 -0.293350
vn 0.933009 0.256908 -0.251977
vn 0.991544 0.015583 -0.128832
vn 0.027497 0.988194 -0.150719
vn 0.027497 0.988194 -0.150719
vn -0.119231 0.975915 -0.182683
vn -0.040222 0.925057 -0.377692
vn 0.124303 0.947890 -0.293350
vn 0.035378 0.890877 -0.452864
vn -0.040222 0.925057 -0.377692
vn -0.119231 0.975915 -0.182683
vn 0.035017 0.974617 -0.221124
vn 0.124497 0.902895 -0.411438
vn 0.035378 0.890877 -0.452864
vn 0.035017 0.974617 -0.221124
vn 0.191745 0.963124 -0.188749
vn 0.333150 0.873092 -0.355980
vn 0.124497 0.902895 -0.411438
vn 0.191745 0.963124 -0.188749
vn 0.451268 0.879020 -0.153886
vn -0.119668 0.991338 -0.054111
vn -0.151612 0.965083 -0.213607
vn 0.333150 0.873092 -0.355980
vn 0.451268 0.879020 -0.153886
vn -0.483716 0.837311 -0.254812
vn -0.151612 0.965083 -0.213607
vn -0.119668 0.991338 -0.054111
vn -0.568840 0.820916 -0.050184
vn -0.568840 0.820916 -0.050184
vn -0.246252 0.960874 -0.126811
vn -0.176479 0.910416 -0.374164
vn -0.483716 0.837311 -0.254812
vn 0.007550 0.910008 -0.414521
vn -0.176479 0.910416 -0.374164
vn -0.246252 0.960874 -0.126811
vn -0.009736 0.984744 -0.173738
vn 0.066105 0.908986 -0.411552
vn 0.007550 0.910008 -0.414521
vn -0.009736 0.984744 -0.173738
vn 0.076005 0.980669 -0.180310
vn 0.146406 0.974333 -0.171002
vn 0.113278 0.910694 -0.397246
vn 0.066105 0.908986 -0.411552
vn 0.076005 0.980669 -0.180310
vn 0.297172 0.944024 -0.143205
vn 0.265878 0.895685 -0.356450
vn 0.113278 0.910694 -0.397246
vn 0.146406 0.974333 -0.171002
vn 0.526535 0.797272 -0.295160
vn 0.265878 0.895685 -0.356450
vn 0.297172 0.944024 -0.143205
vn 0.549813 0.824331 -0.134849
vn -0.012510 0.995802 -0.090676
vn -0.001176 0.983060 -0.183278
vn 0.526535 0.797272 -0.295160
vn 0.549813 0.824331 -0.134849
vn -0.559377 0.805645 -0.195023
vn -0.001176 0.983060 -0.183278
vn -0.012510 0.995802 -0.090676
vn -0.626505 0.776989 -0.061470
vn -0.626505 0.776989 -0.061470
vn -0.230734 0.962495 -0.142705
vn -0.182256 0.920427 -0.345827
vn -0.559377 0.805645 -0.195023
vn 0.084685 0.921709 -0.378525
vn -0.182256 0.920427 -0.345827
vn -0.230734 0.962495 -0.142705
vn 0.094246 0.983417 -0.154947
vn 0.167508 0.920259 -0.353646
vn 0.084685 0.921709 -0.378525
vn 0.094246 0.983417 -0.154947
vn 0.193128 0.970213 -0.146246
vn 0.274428 0.916508 -0.291036
vn 0.167508 0.920259 -0.353646
vn 0.193128 0.970213 -0.146246
vn 0.319154 0.938567 -0.131274
vn 0.530474 0.820750 -0.212054
vn 0.274428 0.916508 -0.291036
vn 0.319154 0.938567 -0.131274
vn 0.576638 0.809599 -0.109720
vn 0.963528 0.251172 -0.092336
vn 0.530474 0.820750 -0.212054
vn 0.576638 0.809599 -0.109720
vn 0.953716 0.291359 -0.074408
vn 0.884866 -0.464679 -0.032960
vn 0.866134 -0.498817 -0.031516
vn 0.963528 0.251172 -0.092336
vn 0.953716 0.291359 -0.074408
vn 0.738894 -0.673624 -0.016323
vn 0.724529 -0.689165 -0.010448
vn 0.866134 -0.498817 -0.031516
vn 0.884866 -0.464679 -0.032960
vn 0.476037 -0.879419 0.003246
vn 0.483587 -0.875236 0.010278
vn 0.724529 -0.689165 -0.010448
vn 0.738894 -0.673624 -0.016323
vn -0.466049 -0.033829 0.884112
vn -0.525119 -0.025906 0.850635
vn -0.666530 -0.021315 0.745174
vn -0.611222 -0.050182 0.789867
vn -0.525117 -0.025906 -0.850636
vn -0.466048 -0.033829 -0.884112
vn -0.611221 -0.050182 -0.789867
vn -0.666529 -0.021315 -0.745175
vn -0.525119 -0.025906 0.850635
vn -0.567455 -0.038644 0.822497
vn -0.683222 -0.042558 0.728969
vn -0.666530 -0.021315 0.745174
vn -0.567454 -0.038644 -0.822498
vn -0.525117 -0.025906 -0.850636
vn -0.666529 -0.021315 -0.745175
vn -0.683221 -0.042558 -0.728970
vn -0.567455 -0.038644 0.822497
vn -0.493888 -0.047751 0.868213
vn -0.700773 -0.091698 0.707467
vn -0.683222 -0.042558 0.728969
vn -0.493888 -0.047751 -0.868214
vn -0.567454 -0.038644 -0.822498
vn -0.683221 -0.042558 -0.728970
vn -0.700773 -0.091698 -0.707467
vn -0.511800 -0.076500 0.855691
vn -0.700773 -0.091698 0.707467
vn -0.493888 -0.047751 0.868213
vn -0.283312 -0.034853 0.958394
vn -0.700773 -0.091698 -0.707467
vn -0.511799 -0.076500 -0.855692
vn -0.283311 -0.034853 -0.958395
vn -0.493888 -0.047751 -0.868214
vn -0.283312 -0.034853 0.958394
vn -0.262048 -0.018516 0.964877
vn -0.441599 -0.029179 0.896738
vn -0.511800 -0.076500 0.855691
vn -0.262047 -0.018517 -0.964877
vn -0.283311 -0.034853 -0.958395
vn -0.511799 -0.076500 -0.855692
vn -0.441597 -0.029179 -0.896739
vn -0.488217 0.005749 0.872703
vn -0.441599 -0.029179 0.896738
vn -0.262048 -0.018516 0.964877
vn -0.349546 -0.003750 0.936912
vn -0.441597 -0.029179 -0.896739
vn -0.488217 0.005749 -0.872703
vn -0.349546 -0.003750 -0.936912
vn -0.262047 -0.018517 -0.964877
vn -0.349546 -0.003750 0.936912
vn -0.588485 -0.012787 0.808407
vn -0.703826 0.001216 0.710371
vn -0.488217 0.005749 0.872703
vn -0.588484 -0.012787 -0.808408
vn -0.349546 -0.003750 -0.936912
vn -0.488217 0.005749 -0.872703
vn -0.703825 0.001216 -0.710372
vn -0.696163 -0.047192 0.716331
vn -0.703826 0.001216 0.710371
vn -0.588485 -0.012787 0.808407
vn -0.636305 -0.050255 0.769799
vn -0.703825 0.001216 -0.710372
vn -0.696162 -0.047192 -0.716332
vn -0.636304 -0.050255 -0.769800
vn -0.588484 -0.012787 -0.808408
vn -0.637436 -0.074685 0.766875
vn -0.696163 -0.047192 0.716331
vn -0.636305 -0.050255 0.769799
vn -0.558752 -0.056895 0.827381
vn -0.696162 -0.047192 -0.716332
vn -0.637436 -0.074685 -0.766875
vn -0.558752 -0.056895 -0.827381
vn -0.636304 -0.050255 -0.769800
vn -0.558752 -0.056895 0.827381
vn -0.469627 -0.032355 0.882272
vn -0.565255 -0.037636 0.824058
vn -0.637436 -0.074685 0.766875
vn -0.469627 -0.032355 -0.882272
vn -0.558752 -0.056895 -0.827381
vn -0.637436 -0.074685 -0.766875
vn -0.565255 -0.037636 -0.824058
vn -0.469627 -0.032355 0.882272
vn -0.542732 -0.024063 0.839561
vn -0.621360 -0.016289 0.783356
vn -0.565255 -0.037636 0.824058
vn -0.542732 -0.024063 -0.839561
vn -0.469627 -0.032355 -0.882272
vn -0.565255 -0.037636 -0.824058
vn -0.621360 -0.016289 -0.783356
vn -0.696997 -0.047102 0.715525
vn -0.621360 -0.016289 0.783356
vn -0.542732 -0.024063 0.839561
vn -0.665536 -0.058050 0.744105
vn -0.621360 -0.016289 -0.783356
vn -0.696997 -0.047102 -0.715525
vn -0.665536 -0.058050 -0.744105
vn -0.542732 -0.024063 -0.839561
vn -0.713888 -0.127190 0.688612
vn -0.696997 -0.047102 0.715525
vn -0.665536 -0.058050 0.744105
vn -0.678232 -0.117013 0.725472
vn -0.696997 -0.047102 -0.715525
vn -0.713888 -0.127190 -0.688612
vn -0.678232 -0.117013 -0.725472
vn -0.665536 -0.058050 -0.744105
vn -0.678232 -0.117013 0.725472
vn -0.547754 -0.244375 0.800154
vn -0.625526 -0.291649 0.723642
vn -0.713888 -0.127190 0.688612
vn -0.547754 -0.244376 -0.800154
vn -0.678232 -0.117013 -0.725472
vn -0.713888 -0.127190 -0.688612
vn -0.625526 -0.291650 -0.723642
vn -0.547754 -0.244375 0.800154
vn -0.414268 -0.331448 0.847658
vn -0.508071 -0.422575 0.750530
vn -0.625526 -0.291649 0.723642
vn -0.414268 -0.331448 -0.847658
vn -0.547754 -0.244376 -0.800154
vn -0.625526 -0.291650 -0.723642
vn -0.508070 -0.422576 -0.750529
vn -0.388307 -0.524745 0.757536
vn -0.508071 -0.422575 0.750530
vn -0.414268 -0.331448 0.847658
vn -0.279512 -0.384882 0.879624
vn -0.508070 -0.422576 -0.750529
vn -0.388307 -0.524745 -0.757535
vn -0.279512 -0.384883 -0.879624
vn -0.414268 -0.331448 -0.847658
vn -0.279661 -0.581496 0.763971
vn -0.388307 -0.524745 0.757536
vn -0.279512 -0.384882 0.879624
vn -0.186436 -0.407175 0.894120
vn -0.388307 -0.524745 -0.757535
vn -0.279662 -0.581496 -0.763971
vn -0.186437 -0.407176 -0.894119
vn -0.279512 -0.384883 -0.879624
vn -0.156227 -0.657407 0.737163
vn -0.279661 -0.581496 0.763971
vn -0.186436 -0.407175 0.894120
vn -0.105475 -0.479111 0.871394
vn -0.279662 -0.581496 -0.763971
vn -0.156227 -0.657406 -0.737164
vn -0.105476 -0.479110 -0.871394
vn -0.186437 -0.407176 -0.894119
vn 0.007924 -0.705300 0.708865
vn -0.156227 -0.657407 0.737163
vn -0.105475 -0.479111 0.871394
vn 0.009755 -0.575942 0.817432
vn -0.156227 -0.657406 -0.737164
vn 0.007924 -0.705299 -0.708866
vn 0.009755 -0.575941 -0.817433
vn -0.105476 -0.479110 -0.871394
vn 0.009755 -0.575942 0.817432
vn 0.048349 -0.612954 0.788638
vn 0.055723 -0.698269 0.713664
vn 0.007924 -0.705300 0.708865
vn 0.048349 -0.612954 -0.788638
vn 0.009755 -0.575941 -0.817433
vn 0.007924 -0.705299 -0.708866
vn 0.055724 -0.698268 -0.713664
vn 0.048349 -0.612954 0.788638
vn 0.059238 -0.631613 0.773017
vn 0.066477 -0.675130 0.734698
vn 0.055723 -0.698269 0.713664
vn 0.059239 -0.631613 -0.773017
vn 0.048349 -0.612954 -0.788638
vn 0.055724 -0.698268 -0.713664
vn 0.066477 -0.675129 -0.734698
vn 0.059238 -0.631613 0.773017
vn 0.049580 -0.634155 0.771614
vn 0.049565 -0.677045 0.734271
vn 0.066477 -0.675130 0.734698
vn 0.049580 -0.634155 -0.771615
vn 0.059239 -0.631613 -0.773017
vn 0.066477 -0.675129 -0.734698
vn 0.049565 -0.677044 -0.734271
vn 0.049580 -0.634155 0.771614
vn 0.039470 -0.635355 0.771211
vn 0.043432 -0.689336 0.723139
vn 0.049565 -0.677045 0.734271
vn 0.039469 -0.635354 -0.771212
vn 0.049580 -0.634155 -0.771615
vn 0.049565 -0.677044 -0.734271
vn 0.043432 -0.689336 -0.723138
vn 0.051681 -0.663250 0.746612
vn 0.043432 -0.689336 0.723139
vn 0.039470 -0.635355 0.771211
vn 0.038650 -0.607970 0.793018
vn 0.043432 -0.689336 -0.723138
vn 0.051681 -0.663250 -0.746611
vn 0.038650 -0.607969 -0.793019
vn 0.039469 -0.635354 -0.771212
vn 0.023530 -0.566724 0.823572
vn 0.051681 -0.663250 0.746612
vn 0.038650 -0.607970 0.793018
vn 0.013819 -0.489706 0.871778
vn 0.051681 -0.663250 -0.746611
vn 0.023530 -0.566724 -0.823572
vn 0.013819 -0.489705 -0.871779
vn 0.038650 -0.607969 -0.793019
vn 0.013819 -0.489706 0.871778
vn -0.016866 -0.457797 0.888897
vn -0.021257 -0.558232 0.829413
vn 0.023530 -0.566724 0.823572
vn -0.016866 -0.457797 -0.888897
vn 0.013819 -0.489705 -0.871779
vn 0.023530 -0.566724 -0.823572
vn -0.021258 -0.558231 -0.829413
vn -0.016866 -0.457797 0.888897
vn -0.038452 -0.487137 0.872479
vn -0.060128 -0.615248 0.786037
vn -0.021257 -0.558232 0.829413
vn -0.038452 -0.487136 -0.872479
vn -0.016866 -0.457797 -0.888897
vn -0.021258 -0.558231 -0.829413
vn -0.060128 -0.615248 -0.786038
vn -0.038452 -0.487137 0.872479
vn -0.045421 -0.548052 0.835210
vn -0.060210 -0.689348 0.721924
vn -0.060128 -0.615248 0.786037
vn -0.045420 -0.548052 -0.835210
vn -0.038452 -0.487136 -0.872479
vn -0.060128 -0.615248 -0.786038
vn -0.060210 -0.689348 -0.721924
vn -0.045421 -0.548052 0.835210
vn -0.035337 -0.545504 0.837363
vn -0.031766 -0.678518 0.733897
vn -0.060210 -0.689348 0.721924
vn -0.035337 -0.545505 -0.837363
vn -0.045420 -0.548052 -0.835210
vn -0.060210 -0.689348 -0.721924
vn -0.031766 -0.678519 -0.733896
vn -0.035337 -0.545504 0.837363
vn -0.021075 -0.482831 0.875460
vn -0.016540 -0.615721 0.787790
vn -0.031766 -0.678518 0.733897
vn -0.021075 -0.482832 -0.875459
vn -0.035337 -0.545505 -0.837363
vn -0.031766 -0.678519 -0.733896
vn -0.016540 -0.615723 -0.787789
vn -0.021075 -0.482831 0.875460
vn -0.015878 -0.425993 0.904587
vn -0.022001 -0.569175 0.821922
vn -0.016540 -0.615721 0.787790
vn -0.015878 -0.425993 -0.904587
vn -0.021075 -0.482832 -0.875459
vn -0.016540 -0.615723 -0.787789
vn -0.022001 -0.569175 -0.821922
vn -0.015878 -0.425993 0.904587
vn -0.000862 -0.374819 0.927097
vn -0.023125 -0.571370 0.820367
vn -0.022001 -0.569175 0.821922
vn -0.000862 -0.374819 -0.927098
vn -0.015878 -0.425993 -0.904587
vn -0.022001 -0.569175 -0.821922
vn -0.023125 -0.571371 -0.820366
vn -0.000862 -0.374819 0.927097
vn 0.080361 -0.314574 0.945825
vn 0.020093 -0.622703 0.782200
vn -0.023125 -0.571370 0.820367
vn 0.080361 -0.314574 -0.945825
vn -0.000862 -0.374819 -0.927098
vn -0.023125 -0.571371 -0.820366
vn 0.020093 -0.622703 -0.782200
vn 0.080361 -0.314574 0.945825
vn 0.282036 -0.242508 0.928249
vn 0.127545 -0.739459 0.661009
vn 0.020093 -0.622703 0.782200
vn 0.282035 -0.242508 -0.928249
vn 0.080361 -0.314574 -0.945825
vn 0.020093 -0.622703 -0.782200
vn 0.127545 -0.739457 -0.661011
vn 0.609032 -0.207217 0.765599
vn 0.354179 -0.806060 0.474157
vn 0.127545 -0.739459 0.661009
vn 0.282036 -0.242508 0.928249
vn 0.354177 -0.806060 -0.474158
vn 0.609028 -0.207217 -0.765602
vn 0.282035 -0.242508 -0.928249
vn 0.127545 -0.739457 -0.661011
vn 0.877575 -0.199002 0.436188
vn 0.531439 -0.811119 0.244250
vn 0.354179 -0.806060 0.474157
vn 0.609032 -0.207217 0.765599
vn 0.531438 -0.811120 -0.244248
vn 0.877574 -0.199003 -0.436190
vn 0.609028 -0.207217 -0.765602
vn 0.354177 -0.806060 -0.474158
vn 0.970375 -0.180765 0.160304
vn 0.657046 -0.750432 0.071711
vn 0.531439 -0.811119 0.244250
vn 0.877575 -0.199002 0.436188
vn 0.657047 -0.750431 -0.071712
vn 0.970375 -0.180765 -0.160303
vn 0.877574 -0.199003 -0.436190
vn 0.531438 -0.811120 -0.244248
vn 0.970375 -0.180765 0.160304
vn 0.985238 -0.152709 0.077372
vn 0.723083 -0.690357 0.023631
vn 0.657046 -0.750432 0.071711
vn 0.985238 -0.152710 -0.077372
vn 0.970375 -0.180765 -0.160303
vn 0.657047 -0.750431 -0.071712
vn 0.723083 -0.690357 -0.023632
vn 0.985238 -0.152709 0.077372
vn 0.987078 -0.145773 0.066542
vn 0.765942 -0.642184 0.030531
vn 0.723083 -0.690357 0.023631
vn 0.987078 -0.145774 -0.066542
vn 0.985238 -0.152710 -0.077372
vn 0.723083 -0.690357 -0.023632
vn 0.765942 -0.642184 -0.030531
vn 0.987078 -0.145773 0.066542
vn 0.985152 -0.153598 0.076702
vn 0.771716 -0.633252 0.058700
vn 0.765942 -0.642184 0.030531
vn 0.985152 -0.153599 -0.076702
vn 0.987078 -0.145774 -0.066542
vn 0.765942 -0.642184 -0.030531
vn 0.771716 -0.633253 -0.058701
vn 0.985152 -0.153598 0.076702
vn 0.982562 -0.170238 0.074768
vn 0.786819 -0.612239 0.077970
vn 0.771716 -0.633252 0.058700
vn 0.982562 -0.170237 -0.074769
vn 0.985152 -0.153599 -0.076702
vn 0.771716 -0.633253 -0.058701
vn 0.786819 -0.612239 -0.077971
vn 0.982562 -0.170238 0.074768
vn 0.979457 -0.198543 0.035283
vn 0.837442 -0.541446 0.074339
vn 0.786819 -0.612239 0.077970
vn 0.979457 -0.198543 -0.035283
vn 0.982562 -0.170237 -0.074769
vn 0.786819 -0.612239 -0.077971
vn 0.837443 -0.541446 -0.074340
vn 0.979457 -0.198543 0.035283
vn 0.577560 -0.815278 0.041784
vn 0.837442 -0.541446 0.074339
vn 0.979457 -0.198543 -0.035283
vn 0.837443 -0.541446 -0.074340
vn 0.577560 -0.815279 -0.041784
vn 0.979457 -0.198543 0.035283
vn 0.830743 -0.555996 -0.027121
vn 0.577560 -0.815278 0.041784
vn 0.979457 -0.198543 -0.035283
vn 0.577560 -0.815279 -0.041784
vn 0.830742 -0.555996 0.027122
vn 0.979457 -0.198543 0.035283
vn 0.983657 -0.180038 -0.002366
vn 0.791761 -0.610235 -0.026983
vn 0.830743 -0.555996 -0.027121
vn 0.983657 -0.180039 0.002366
vn 0.979457 -0.198543 -0.035283
vn 0.830742 -0.555996 0.027122
vn 0.791760 -0.610236 0.026983
vn 0.983657 -0.180038 -0.002366
vn 0.988709 -0.149847 0.000000
vn 0.797167 -0.603759 -0.000000
vn 0.791761 -0.610235 -0.026983
vn 0.988709 -0.149847 0.000000
vn 0.983657 -0.180039 0.002366
vn 0.791760 -0.610236 0.026983
vn 0.797167 -0.603759 -0.000000
vn -0.996749 -0.080508 0.003211
vn -0.996664 -0.081604 0.001070
vn -0.997751 -0.066846 0.004993
vn -0.996801 -0.079755 0.005093
vn -0.996664 -0.081604 -0.001070
vn -0.996749 -0.080509 -0.003211
vn -0.996801 -0.079756 -0.005093
vn -0.997751 -0.066846 -0.004993
vn -0.997012 -0.065059 0.041651
vn -0.997012 -0.065059 0.041651
vn -0.996801 -0.079755 0.005093
vn -0.997751 -0.066846 0.004993
vn -0.997012 -0.065061 -0.041651
vn -0.997012 -0.065061 -0.041651
vn -0.997751 -0.066846 -0.004993
vn -0.996801 -0.079756 -0.005093
vn -0.997751 -0.066846 0.004993
vn -0.996664 -0.081604 0.001070
vn -0.996879 -0.078914 0.002218
vn -0.997751 -0.066846 -0.004993
vn -0.996879 -0.078914 -0.002218
vn -0.996664 -0.081604 -0.001070
vn -0.997751 -0.066846 0.004993
vn -0.996879 -0.078914 0.002218
vn -0.997787 -0.066344 0.004400
vn -0.997751 -0.066846 -0.004993
vn -0.997787 -0.066344 -0.004400
vn -0.996879 -0.078914 -0.002218
vn -0.999262 -0.038423 -0.000000
vn -0.997943 -0.064104 0.000000
vn -0.999091 -0.042633 -0.000711
vn -0.997943 -0.064104 0.000000
vn -0.999262 -0.038423 -0.000000
vn -0.999091 -0.042634 0.000711
vn -0.997911 -0.064605 0.000000
vn -0.997899 -0.064590 0.004992
vn -0.997751 -0.066846 0.004993
vn -0.997943 -0.064104 0.000000
vn -0.997899 -0.064589 -0.004992
vn -0.997911 -0.064605 0.000000
vn -0.997943 -0.064104 0.000000
vn -0.997751 -0.066846 -0.004993
vn -0.997868 -0.065272 0.000000
vn -0.997855 -0.065296 0.004739
vn -0.997899 -0.064590 0.004992
vn -0.997911 -0.064605 0.000000
vn -0.997855 -0.065296 -0.004739
vn -0.997868 -0.065272 0.000000
vn -0.997911 -0.064605 0.000000
vn -0.997899 -0.064589 -0.004992
vn -0.997738 -0.067220 0.000000
vn -0.997727 -0.067219 0.004819
vn -0.997855 -0.065296 0.004739
vn -0.997868 -0.065272 0.000000
vn -0.997727 -0.067219 -0.004819
vn -0.997738 -0.067220 0.000000
vn -0.997868 -0.065272 0.000000
vn -0.997855 -0.065296 -0.004739
vn -0.997684 -0.068019 0.000000
vn -0.997671 -0.068028 0.005025
vn -0.997727 -0.067219 0.004819
vn -0.997738 -0.067220 0.000000
vn -0.997671 -0.068028 -0.005025
vn -0.997684 -0.068019 0.000000
vn -0.997738 -0.067220 0.000000
vn -0.997727 -0.067219 -0.004819
vn -0.997470 -0.071092 -0.000000
vn -0.997457 -0.071067 0.005415
vn -0.997671 -0.068028 0.005025
vn -0.997684 -0.068019 0.000000
vn -0.997457 -0.071067 -0.005415
vn -0.997470 -0.071092 -0.000000
vn -0.997684 -0.068019 0.000000
vn -0.997671 -0.068028 -0.005025
vn -0.997563 -0.069776 -0.000000
vn -0.997516 -0.070220 0.005622
vn -0.997457 -0.071067 0.005415
vn -0.997470 -0.071092 -0.000000
vn -0.997516 -0.070220 -0.005622
vn -0.997563 -0.069776 -0.000000
vn -0.997470 -0.071092 -0.000000
vn -0.997457 -0.071067 -0.005415
vn -0.997695 -0.067855 0.000000
vn -0.997696 -0.067644 0.005275
vn -0.997516 -0.070220 0.005622
vn -0.997563 -0.069776 -0.000000
vn -0.997696 -0.067644 -0.005275
vn -0.997695 -0.067855 0.000000
vn -0.997563 -0.069776 -0.000000
vn -0.997516 -0.070220 -0.005622
vn -0.997732 -0.067318 0.000000
vn -0.997702 -0.067595 0.004697
vn -0.997696 -0.067644 0.005275
vn -0.997695 -0.067855 0.000000
vn -0.997702 -0.067595 -0.004697
vn -0.997732 -0.067318 0.000000
vn -0.997695 -0.067855 0.000000
vn -0.997696 -0.067644 -0.005275
vn -0.997566 -0.069583 -0.004494
vn -0.997837 -0.065730 0.000000
vn -0.997732 -0.067318 0.000000
vn -0.997702 -0.067595 -0.004697
vn -0.997837 -0.065730 0.000000
vn -0.997566 -0.069583 0.004494
vn -0.997702 -0.067595 0.004697
vn -0.997732 -0.067318 0.000000
vn -0.997605 -0.068993 -0.004847
vn -0.997837 -0.065730 0.000000
vn -0.997566 -0.069583 -0.004494
vn -0.997837 -0.065730 0.000000
vn -0.997605 -0.068993 0.004847
vn -0.997566 -0.069583 0.004494
vn -0.997751 -0.066846 -0.004993
vn -0.997943 -0.064104 0.000000
vn -0.997828 -0.065730 -0.004334
vn -0.997787 -0.066344 -0.004400
vn -0.997943 -0.064104 0.000000
vn -0.997751 -0.066846 0.004993
vn -0.997787 -0.066344 0.004400
vn -0.997828 -0.065730 0.004335
vn -0.999091 -0.042634 0.000711
vn -0.997828 -0.065730 -0.004334
vn -0.997943 -0.064104 0.000000
vn -0.997828 -0.065730 0.004335
vn -0.999091 -0.042633 -0.000711
vn -0.997943 -0.064104 0.000000
vn -0.997680 -0.067949 -0.004302
vn -0.997692 -0.067899 0.000000
vn -0.997837 -0.065730 0.000000
vn -0.997605 -0.068993 -0.004847
vn -0.997692 -0.067899 0.000000
vn -0.997680 -0.067949 0.004302
vn -0.997605 -0.068993 0.004847
vn -0.997837 -0.065730 0.000000
vn -0.997316 -0.073113 -0.003849
vn -0.997324 -0.073103 0.000000
vn -0.997692 -0.067899 0.000000
vn -0.997680 -0.067949 -0.004302
vn -0.997324 -0.073103 0.000000
vn -0.997316 -0.073113 0.003849
vn -0.997680 -0.067949 0.004302
vn -0.997692 -0.067899 0.000000
vn -0.996928 -0.078232 -0.003712
vn -0.996933 -0.078264 0.000000
vn -0.997324 -0.073103 0.000000
vn -0.997316 -0.073113 -0.003849
vn -0.996933 -0.078264 0.000000
vn -0.996928 -0.078232 0.003712
vn -0.997316 -0.073113 0.003849
vn -0.997324 -0.073103 0.000000
vn -0.995085 -0.098960 -0.003502
vn -0.995094 -0.098934 0.000000
vn -0.996933 -0.078264 0.000000
vn -0.996928 -0.078232 -0.003712
vn -0.995094 -0.098934 0.000000
vn -0.995085 -0.098960 0.003502
vn -0.996928 -0.078232 0.003712
vn -0.996933 -0.078264 0.000000
vn -0.987795 -0.155717 -0.003766
vn -0.987962 -0.154694 0.000000
vn -0.995094 -0.098934 0.000000
vn -0.995085 -0.098960 -0.003502
vn -0.987962 -0.154694 0.000000
vn -0.987795 -0.155716 0.003766
vn -0.995085 -0.098960 0.003502
vn -0.995094 -0.098934 0.000000
vn -0.928438 -0.371449 -0.005361
vn -0.930202 -0.367047 0.000000
vn -0.987962 -0.154694 0.000000
vn -0.987795 -0.155717 -0.003766
vn -0.930202 -0.367047 0.000000
vn -0.928438 -0.371449 0.005362
vn -0.987795 -0.155716 0.003766
vn -0.987962 -0.154694 0.000000
vn -0.806820 -0.590766 -0.006138
vn -0.808332 -0.588727 0.000000
vn -0.930202 -0.367047 0.000000
vn -0.928438 -0.371449 -0.005361
vn -0.808332 -0.588727 0.000000
vn -0.806820 -0.590766 0.006138
vn -0.928438 -0.371449 0.005362
vn -0.930202 -0.367047 0.000000
vn -0.661336 -0.750071 -0.005361
vn -0.661612 -0.749846 -0.000000
vn -0.808332 -0.588727 0.000000
vn -0.806820 -0.590766 -0.006138
vn -0.661612 -0.749846 -0.000000
vn -0.661336 -0.750071 0.005361
vn -0.806820 -0.590766 0.006138
vn -0.808332 -0.588727 0.000000
vn -0.482622 -0.875818 -0.004369
vn -0.482327 -0.875991 -0.000000
vn -0.661612 -0.749846 -0.000000
vn -0.661336 -0.750071 -0.005361
vn -0.482327 -0.875991 -0.000000
vn -0.482622 -0.875818 0.004368
vn -0.661336 -0.750071 0.005361
vn -0.661612 -0.749846 -0.000000
vn -0.219146 -0.975686 -0.003427
vn -0.218754 -0.975780 0.000000
vn -0.482327 -0.875991 -0.000000
vn -0.482622 -0.875818 -0.004369
vn -0.218754 -0.975780 0.000000
vn -0.219146 -0.975686 0.003427
vn -0.482622 -0.875818 0.004368
vn -0.482327 -0.875991 -0.000000
vn 0.015233 -0.999881 -0.002620
vn 0.015341 -0.999882 0.000000
vn -0.218754 -0.975780 0.000000
vn -0.219146 -0.975686 -0.003427
vn 0.015341 -0.999882 0.000000
vn 0.015233 -0.999881 0.002620
vn -0.219146 -0.975686 0.003427
vn -0.218754 -0.975780 0.000000
vn 0.070960 -0.997477 -0.002187
vn 0.070894 -0.997484 0.000000
vn 0.015341 -0.999882 0.000000
vn 0.015233 -0.999881 -0.002620
vn 0.070894 -0.997484 0.000000
vn 0.070960 -0.997477 0.002187
vn 0.015233 -0.999881 0.002620
vn 0.015341 -0.999882 0.000000
vn 0.090509 -0.995894 -0.001786
vn 0.090539 -0.995893 -0.000000
vn 0.070894 -0.997484 0.000000
vn 0.070960 -0.997477 -0.002187
vn 0.090539 -0.995893 -0.000000
vn 0.090509 -0.995894 0.001786
vn 0.070960 -0.997477 0.002187
vn 0.070894 -0.997484 0.000000
vn 0.092710 -0.995691 -0.002064
vn 0.092749 -0.995689 0.000000
vn 0.090539 -0.995893 -0.000000
vn 0.090509 -0.995894 -0.001786
vn 0.092749 -0.995689 0.000000
vn 0.092710 -0.995691 0.002064
vn 0.090509 -0.995894 0.001786
vn 0.090539 -0.995893 -0.000000
vn 0.073401 -0.997299 -0.002641
vn 0.073471 -0.997297 0.000000
vn 0.092749 -0.995689 0.000000
vn 0.092710 -0.995691 -0.002064
vn 0.073471 -0.997297 0.000000
vn 0.073401 -0.997299 0.002641
vn 0.092710 -0.995691 0.002064
vn 0.092749 -0.995689 0.000000
vn 0.048536 -0.998817 -0.003036
vn 0.048699 -0.998814 -0.000000
vn 0.073471 -0.997297 0.000000
vn 0.073401 -0.997299 -0.002641
vn 0.048699 -0.998814 -0.000000
vn 0.048536 -0.998817 0.003036
vn 0.073401 -0.997299 0.002641
vn 0.073471 -0.997297 0.000000
vn 0.001252 -0.999994 -0.003212
vn 0.001263 -0.999999 0.000000
vn 0.048699 -0.998814 -0.000000
vn 0.048536 -0.998817 -0.003036
vn 0.001263 -0.999999 0.000000
vn 0.001252 -0.999994 0.003212
vn 0.048536 -0.998817 0.003036
vn 0.048699 -0.998814 -0.000000
vn -0.032897 -0.999454 -0.003072
vn -0.032933 -0.999458 0.000000
vn 0.001263 -0.999999 0.000000
vn 0.001252 -0.999994 -0.003212
vn -0.032933 -0.999458 0.000000
vn -0.032897 -0.999454 0.003072
vn 0.001252 -0.999994 0.003212
vn 0.001263 -0.999999 0.000000
vn -0.058266 -0.998297 -0.002915
vn -0.058300 -0.998299 0.000000
vn -0.032933 -0.999458 0.000000
vn -0.032897 -0.999454 -0.003072
vn -0.058300 -0.998299 0.000000
vn -0.058266 -0.998297 0.002915
vn -0.032897 -0.999454 0.003072
vn -0.032933 -0.999458 0.000000
vn -0.064934 -0.997885 -0.002923
vn -0.064898 -0.997892 -0.000000
vn -0.058300 -0.998299 0.000000
vn -0.058266 -0.998297 -0.002915
vn -0.064898 -0.997892 -0.000000
vn -0.064934 -0.997885 0.002923
vn -0.058266 -0.998297 0.002915
vn -0.058300 -0.998299 0.000000
vn -0.063404 -0.997983 -0.003052
vn -0.063405 -0.997988 -0.000000
vn -0.064898 -0.997892 -0.000000
vn -0.064934 -0.997885 -0.002923
vn -0.063405 -0.997988 -0.000000
vn -0.063404 -0.997983 0.003052
vn -0.064934 -0.997885 0.002923
vn -0.064898 -0.997892 -0.000000
vn -0.063404 -0.997983 -0.003052
vn -0.065154 -0.997871 -0.002869
vn -0.065202 -0.997872 -0.000000
vn -0.063405 -0.997988 -0.000000
vn -0.065154 -0.997871 0.002869
vn -0.063404 -0.997983 0.003052
vn -0.063405 -0.997988 -0.000000
vn -0.065202 -0.997872 -0.000000
vn -0.069023 -0.997613 -0.001966
vn -0.069049 -0.997613 -0.000000
vn -0.065202 -0.997872 -0.000000
vn -0.065154 -0.997871 -0.002869
vn -0.069049 -0.997613 -0.000000
vn -0.069023 -0.997613 0.001966
vn -0.065154 -0.997871 0.002869
vn -0.065202 -0.997872 -0.000000
vn -0.065786 -0.997833 -0.001141
vn -0.065720 -0.997838 -0.000000
vn -0.069049 -0.997613 -0.000000
vn -0.069023 -0.997613 -0.001966
vn -0.065720 -0.997838 -0.000000
vn -0.065786 -0.997833 0.001141
vn -0.069023 -0.997613 0.001966
vn -0.069049 -0.997613 -0.000000
vn -0.061341 -0.998117 -0.000739
vn -0.058230 -0.998303 -0.000000
vn -0.065720 -0.997838 -0.000000
vn -0.065786 -0.997833 -0.001141
vn -0.058230 -0.998303 -0.000000
vn -0.061341 -0.998117 0.000739
vn -0.065786 -0.997833 0.001141
vn -0.065720 -0.997838 -0.000000
vn -0.058230 -0.998303 -0.000000
vn -0.040518 -0.999177 0.001892
vn -0.048124 -0.998841 0.000247
vn -0.048124 -0.998841 -0.000000
vn -0.040518 -0.999177 -0.001892
vn -0.058230 -0.998303 -0.000000
vn -0.048124 -0.998841 -0.000000
vn -0.048124 -0.998841 -0.000247
vn -0.039714 -0.999209 0.002066
vn -0.040518 -0.999177 0.001892
vn -0.058230 -0.998303 -0.000000
vn -0.060079 -0.998193 -0.000774
vn -0.040518 -0.999177 -0.001892
vn -0.039714 -0.999209 -0.002066
vn -0.060079 -0.998193 0.000774
vn -0.058230 -0.998303 -0.000000
vn -0.074921 -0.997187 0.002422
vn -0.061341 -0.998117 -0.000739
vn -0.082328 -0.996502 0.014374
vn -0.081614 -0.996601 0.011184
vn -0.061341 -0.998117 0.000739
vn -0.074921 -0.997187 -0.002421
vn -0.081615 -0.996601 -0.011179
vn -0.082328 -0.996502 -0.014370
vn -0.093848 -0.993368 0.066430
vn -0.082328 -0.996502 0.014374
vn -0.061341 -0.998117 -0.000739
vn -0.093848 -0.993368 0.066430
vn -0.082328 -0.996502 -0.014370
vn -0.093848 -0.993367 -0.066443
vn -0.093848 -0.993367 -0.066443
vn -0.061341 -0.998117 0.000739
vn -0.074921 -0.997187 0.002422
vn -0.074575 -0.997214 0.001968
vn -0.060079 -0.998193 -0.000774
vn -0.061341 -0.998117 -0.000739
vn -0.074575 -0.997214 -0.001968
vn -0.074921 -0.997187 -0.002421
vn -0.061341 -0.998117 0.000739
vn -0.060079 -0.998193 0.000774
vn -0.060079 -0.998193 -0.000774
vn -0.058230 -0.998303 -0.000000
vn -0.061341 -0.998117 -0.000739
vn -0.058230 -0.998303 -0.000000
vn -0.060079 -0.998193 0.000774
vn -0.061341 -0.998117 0.000739
vn -0.569773 -0.092422 0.816589
vn -0.655513 -0.101052 0.748393
vn -0.696163 -0.047192 0.716331
vn -0.637436 -0.074685 0.766875
vn -0.495097 -0.033640 0.868186
vn -0.569773 -0.092422 0.816589
vn -0.637436 -0.074685 0.766875
vn -0.565255 -0.037636 0.824058
vn -0.505813 0.013024 0.862545
vn -0.495097 -0.033640 0.868186
vn -0.565255 -0.037636 0.824058
vn -0.621360 -0.016289 0.783356
vn -0.621360 -0.016289 0.783356
vn -0.696997 -0.047102 0.715525
vn -0.549582 -0.004536 0.835428
vn -0.505813 0.013024 0.862545
vn -0.696997 -0.047102 0.715525
vn -0.713888 -0.127190 0.688612
vn -0.583901 -0.097168 0.805989
vn -0.549582 -0.004536 0.835428
vn -0.625526 -0.291649 0.723642
vn -0.542555 -0.285800 0.789907
vn -0.583901 -0.097168 0.805989
vn -0.713888 -0.127190 0.688612
vn -0.508071 -0.422575 0.750530
vn -0.485342 -0.425226 0.763954
vn -0.542555 -0.285800 0.789907
vn -0.625526 -0.291649 0.723642
vn -0.388307 -0.524745 0.757536
vn -0.393809 -0.507733 0.766239
vn -0.485342 -0.425226 0.763954
vn -0.508071 -0.422575 0.750530
vn -0.279661 -0.581496 0.763971
vn -0.308466 -0.591968 0.744596
vn -0.393809 -0.507733 0.766239
vn -0.388307 -0.524745 0.757536
vn -0.156227 -0.657407 0.737163
vn -0.163963 -0.623766 0.764220
vn -0.308466 -0.591968 0.744596
vn -0.279661 -0.581496 0.763971
vn 0.007924 -0.705300 0.708865
vn 0.010026 -0.639719 0.768543
vn -0.163963 -0.623766 0.764220
vn -0.156227 -0.657407 0.737163
vn 0.007924 -0.705300 0.708865
vn 0.055723 -0.698269 0.713664
vn 0.061324 -0.603952 0.794658
vn 0.010026 -0.639719 0.768543
vn 0.055723 -0.698269 0.713664
vn 0.066477 -0.675130 0.734698
vn 0.063996 -0.554964 0.829409
vn 0.061324 -0.603952 0.794658
vn 0.066477 -0.675130 0.734698
vn 0.049565 -0.677045 0.734271
vn 0.034398 -0.545717 0.837264
vn 0.063996 -0.554964 0.829409
vn 0.049565 -0.677045 0.734271
vn 0.043432 -0.689336 0.723139
vn 0.033478 -0.567191 0.822905
vn 0.034398 -0.545717 0.837264
vn 0.043432 -0.689336 0.723139
vn 0.051681 -0.663250 0.746612
vn 0.058304 -0.566836 0.821765
vn 0.033478 -0.567191 0.822905
vn 0.051681 -0.663250 0.746612
vn 0.023530 -0.566724 0.823572
vn 0.038483 -0.524729 0.850399
vn 0.058304 -0.566836 0.821765
vn 0.023530 -0.566724 0.823572
vn -0.021257 -0.558232 0.829413
vn -0.029254 -0.535513 0.844020
vn 0.038483 -0.524729 0.850399
vn -0.021257 -0.558232 0.829413
vn -0.060128 -0.615248 0.786037
vn -0.086399 -0.602200 0.793656
vn -0.029254 -0.535513 0.844020
vn -0.060128 -0.615248 0.786037
vn -0.060210 -0.689348 0.721924
vn -0.062166 -0.670355 0.739432
vn -0.086399 -0.602200 0.793656
vn -0.060210 -0.689348 0.721924
vn -0.031766 -0.678518 0.733897
vn -0.008058 -0.656572 0.754221
vn -0.062166 -0.670355 0.739432
vn -0.031766 -0.678518 0.733897
vn -0.016540 -0.615721 0.787790
vn -0.001126 -0.605453 0.795880
vn -0.008058 -0.656572 0.754221
vn -0.016540 -0.615721 0.787790
vn -0.022001 -0.569175 0.821922
vn -0.017388 -0.596430 0.802477
vn -0.001126 -0.605453 0.795880
vn -0.022001 -0.569175 0.821922
vn -0.023125 -0.571370 0.820367
vn -0.043556 -0.627801 0.777155
vn -0.017388 -0.596430 0.802477
vn -0.023125 -0.571370 0.820367
vn 0.020093 -0.622703 0.782200
vn -0.033050 -0.699923 0.713453
vn -0.043556 -0.627801 0.777155
vn 0.020093 -0.622703 0.782200
vn 0.127545 -0.739459 0.661009
vn 0.051538 -0.769978 0.635985
vn -0.033050 -0.699923 0.713453
vn 0.354179 -0.806060 0.474157
vn 0.271181 -0.891794 0.362167
vn 0.051538 -0.769978 0.635985
vn 0.127545 -0.739459 0.661009
vn 0.409424 -0.899482 0.152659
vn 0.271181 -0.891794 0.362167
vn 0.354179 -0.806060 0.474157
vn 0.531439 -0.811119 0.244250
vn 0.657046 -0.750432 0.071711
vn 0.484185 -0.874516 0.028028
vn 0.409424 -0.899482 0.152659
vn 0.531439 -0.811119 0.244250
vn 0.657046 -0.750432 0.071711
vn 0.723083 -0.690357 0.023631
vn 0.483586 -0.875236 -0.010278
vn 0.484185 -0.874516 0.028028
vn 0.476037 -0.879419 -0.003246
vn 0.483586 -0.875236 -0.010278
vn 0.723083 -0.690357 0.023631
vn 0.765942 -0.642184 0.030531
vn 0.765942 -0.642184 0.030531
vn 0.771716 -0.633252 0.058700
vn 0.494068 -0.868854 0.031448
vn 0.476037 -0.879419 -0.003246
vn 0.771716 -0.633252 0.058700
vn 0.786819 -0.612239 0.077970
vn 0.526867 -0.847506 0.064388
vn 0.494068 -0.868854 0.031448
vn 0.519479 -0.852218 0.062173
vn 0.526867 -0.847506 0.064388
vn 0.786819 -0.612239 0.077970
vn 0.837442 -0.541446 0.074339
vn 0.837442 -0.541446 0.074339
vn 0.577560 -0.815278 0.041784
vn 0.455221 -0.889816 0.031653
vn 0.519479 -0.852218 0.062173
vn 0.577560 -0.815278 0.041784
vn 0.830743 -0.555996 -0.027121
vn 0.554381 -0.831392 -0.038063
vn 0.455221 -0.889816 0.031653
vn 0.830743 -0.555996 -0.027121
vn 0.791761 -0.610235 -0.026983
vn 0.561444 -0.826592 -0.039074
vn 0.554381 -0.831392 -0.038063
vn 0.791761 -0.610235 -0.026983
vn 0.797167 -0.603759 -0.000000
vn 0.557175 -0.830395 -0.000000
vn 0.561444 -0.826592 -0.039074
vn 0.797167 -0.603759 -0.000000
vn 0.791760 -0.610236 0.026983
vn 0.561444 -0.826591 0.039074
vn 0.557175 -0.830395 -0.000000
vn 0.791760 -0.610236 0.026983
vn 0.830742 -0.555996 0.027122
vn 0.554381 -0.831392 0.038064
vn 0.561444 -0.826591 0.039074
vn 0.830742 -0.555996 0.027122
vn 0.577560 -0.815279 -0.041784
vn 0.455221 -0.889816 -0.031652
vn 0.554381 -0.831392 0.038064
vn 0.577560 -0.815279 -0.041784
vn 0.837443 -0.541446 -0.074340
vn 0.519480 -0.852218 -0.062173
vn 0.455221 -0.889816 -0.031652
vn 0.526868 -0.847505 -0.064388
vn 0.519480 -0.852218 -0.062173
vn 0.837443 -0.541446 -0.074340
vn 0.786819 -0.612239 -0.077971
vn 0.786819 -0.612239 -0.077971
vn 0.771716 -0.633253 -0.058701
vn 0.494068 -0.868855 -0.031448
vn 0.526868 -0.847505 -0.064388
vn 0.771716 -0.633253 -0.058701
vn 0.765942 -0.642184 -0.030531
vn 0.476037 -0.879419 0.003246
vn 0.494068 -0.868855 -0.031448
vn 0.765942 -0.642184 -0.030531
vn 0.723083 -0.690357 -0.023632
vn 0.483587 -0.875236 0.010278
vn 0.476037 -0.879419 0.003246
vn 0.484186 -0.874516 -0.028028
vn 0.483587 -0.875236 0.010278
vn 0.723083 -0.690357 -0.023632
vn 0.657047 -0.750431 -0.071712
vn 0.409424 -0.899482 -0.152657
vn 0.484186 -0.874516 -0.028028
vn 0.657047 -0.750431 -0.071712
vn 0.531438 -0.811120 -0.244248
vn 0.354177 -0.806060 -0.474158
vn 0.271181 -0.891794 -0.362167
vn 0.409424 -0.899482 -0.152657
vn 0.531438 -0.811120 -0.244248
vn 0.051538 -0.769978 -0.635986
vn 0.271181 -0.891794 -0.362167
vn 0.354177 -0.806060 -0.474158
vn 0.127545 -0.739457 -0.661011
vn 0.127545 -0.739457 -0.661011
vn 0.020093 -0.622703 -0.782200
vn -0.033050 -0.699923 -0.713453
vn 0.051538 -0.769978 -0.635986
vn 0.020093 -0.622703 -0.782200
vn -0.023125 -0.571371 -0.820366
vn -0.043556 -0.627802 -0.777154
vn -0.033050 -0.699923 -0.713453
vn -0.023125 -0.571371 -0.820366
vn -0.022001 -0.569175 -0.821922
vn -0.017388 -0.596431 -0.802476
vn -0.043556 -0.627802 -0.777154
vn -0.022001 -0.569175 -0.821922
vn -0.016540 -0.615723 -0.787789
vn -0.001126 -0.605455 -0.795879
vn -0.017388 -0.596431 -0.802476
vn -0.016540 -0.615723 -0.787789
vn -0.031766 -0.678519 -0.733896
vn -0.008058 -0.656573 -0.754220
vn -0.001126 -0.605455 -0.795879
vn -0.031766 -0.678519 -0.733896
vn -0.060210 -0.689348 -0.721924
vn -0.062166 -0.670355 -0.739432
vn -0.008058 -0.656573 -0.754220
vn -0.060210 -0.689348 -0.721924
vn -0.060128 -0.615248 -0.786038
vn -0.086399 -0.602200 -0.793656
vn -0.062166 -0.670355 -0.739432
vn -0.060128 -0.615248 -0.786038
vn -0.021258 -0.558231 -0.829413
vn -0.029254 -0.535513 -0.844020
vn -0.086399 -0.602200 -0.793656
vn -0.021258 -0.558231 -0.829413
vn 0.023530 -0.566724 -0.823572
vn 0.038482 -0.524729 -0.850399
vn -0.029254 -0.535513 -0.844020
vn 0.023530 -0.566724 -0.823572
vn 0.051681 -0.663250 -0.746611
vn 0.058303 -0.566837 -0.821764
vn 0.038482 -0.524729 -0.850399
vn 0.051681 -0.663250 -0.746611
vn 0.043432 -0.689336 -0.723138
vn 0.033477 -0.567193 -0.822905
vn 0.058303 -0.566837 -0.821764
vn 0.043432 -0.689336 -0.723138
vn 0.049565 -0.677044 -0.734271
vn 0.034397 -0.545716 -0.837264
vn 0.033477 -0.567193 -0.822905
vn 0.049565 -0.677044 -0.734271
vn 0.066477 -0.675129 -0.734698
vn 0.063995 -0.554964 -0.829409
vn 0.034397 -0.545716 -0.837264
vn 0.066477 -0.675129 -0.734698
vn 0.055724 -0.698268 -0.713664
vn 0.061324 -0.603951 -0.794658
vn 0.063995 -0.554964 -0.829409
vn 0.055724 -0.698268 -0.713664
vn 0.007924 -0.705299 -0.708866
vn 0.010026 -0.639719 -0.768544
vn 0.061324 -0.603951 -0.794658
vn -0.163963 -0.623766 -0.764220
vn 0.010026 -0.639719 -0.768544
vn 0.007924 -0.705299 -0.708866
vn -0.156227 -0.657406 -0.737164
vn -0.308466 -0.591967 -0.744596
vn -0.163963 -0.623766 -0.764220
vn -0.156227 -0.657406 -0.737164
vn -0.279662 -0.581496 -0.763971
vn -0.393809 -0.507733 -0.766239
vn -0.308466 -0.591967 -0.744596
vn -0.279662 -0.581496 -0.763971
vn -0.388307 -0.524745 -0.757535
vn -0.485342 -0.425227 -0.763954
vn -0.393809 -0.507733 -0.766239
vn -0.388307 -0.524745 -0.757535
vn -0.508070 -0.422576 -0.750529
vn -0.542554 -0.285800 -0.789907
vn -0.485342 -0.425227 -0.763954
vn -0.508070 -0.422576 -0.750529
vn -0.625526 -0.291650 -0.723642
vn -0.583901 -0.097169 -0.805989
vn -0.542554 -0.285800 -0.789907
vn -0.625526 -0.291650 -0.723642
vn -0.713888 -0.127190 -0.688612
vn -0.713888 -0.127190 -0.688612
vn -0.696997 -0.047102 -0.715525
vn -0.549582 -0.004536 -0.835428
vn -0.583901 -0.097169 -0.805989
vn -0.696997 -0.047102 -0.715525
vn -0.621360 -0.016289 -0.783356
vn -0.505813 0.013024 -0.862545
vn -0.549582 -0.004536 -0.835428
vn -0.495098 -0.033640 -0.868186
vn -0.505813 0.013024 -0.862545
vn -0.621360 -0.016289 -0.783356
vn -0.565255 -0.037636 -0.824058
vn -0.569773 -0.092422 -0.816589
vn -0.495098 -0.033640 -0.868186
vn -0.565255 -0.037636 -0.824058
vn -0.637436 -0.074685 -0.766875
vn -0.655513 -0.101052 -0.748393
vn -0.569773 -0.092422 -0.816589
vn -0.637436 -0.074685 -0.766875
vn -0.696162 -0.047192 -0.716332
vn -0.740565 -0.131819 -0.658928
vn -0.835920 -0.083332 -0.542489
vn -0.506137 -0.063464 -0.860115
vn -0.481172 -0.132229 -0.866596
vn -0.601715 -0.124917 -0.788882
vn -0.740565 -0.131819 -0.658928
vn -0.481172 -0.132229 -0.866596
vn -0.452100 -0.123827 -0.883330
vn -0.566050 -0.044003 -0.823196
vn -0.601715 -0.124917 -0.788882
vn -0.452100 -0.123827 -0.883330
vn -0.457196 -0.033968 -0.888717
vn -0.597468 0.037061 -0.801036
vn -0.566050 -0.044003 -0.823196
vn -0.457196 -0.033968 -0.888717
vn -0.467366 0.050085 -0.882644
vn -0.689255 0.040032 -0.723412
vn -0.597468 0.037061 -0.801036
vn -0.467366 0.050085 -0.882644
vn -0.479314 0.069383 -0.874896
vn -0.479314 0.069383 -0.874896
vn -0.467706 0.002113 -0.883882
vn -0.739358 -0.008000 -0.673265
vn -0.689255 0.040032 -0.723412
vn -0.683222 -0.042558 0.728969
vn -0.700773 -0.091698 0.707467
vn -0.740565 -0.131819 0.658929
vn -0.835920 -0.083331 0.542488
vn -0.700773 -0.091698 0.707467
vn -0.511800 -0.076500 0.855691
vn -0.601717 -0.124917 0.788881
vn -0.740565 -0.131819 0.658929
vn -0.511800 -0.076500 0.855691
vn -0.441599 -0.029179 0.896738
vn -0.566051 -0.044003 0.823195
vn -0.601717 -0.124917 0.788881
vn -0.441599 -0.029179 0.896738
vn -0.488217 0.005749 0.872703
vn -0.597469 0.037061 0.801035
vn -0.566051 -0.044003 0.823195
vn -0.488217 0.005749 0.872703
vn -0.703826 0.001216 0.710371
vn -0.689255 0.040032 0.723412
vn -0.597469 0.037061 0.801035
vn -0.739358 -0.008000 0.673265
vn -0.689255 0.040032 0.723412
vn -0.703826 0.001216 0.710371
vn -0.696163 -0.047192 0.716331
vn -0.513959 -0.071880 -0.854798
vn -0.696162 -0.047192 -0.716332
vn -0.739358 -0.008000 -0.673265
vn -0.513957 -0.071879 0.854799
vn -0.739358 -0.008000 0.673265
vn -0.696163 -0.047192 0.716331
vn -0.513959 -0.071880 -0.854798
vn -0.655513 -0.101052 -0.748393
vn -0.696162 -0.047192 -0.716332
vn -0.655513 -0.101052 0.748393
vn -0.513957 -0.071879 0.854799
vn -0.696163 -0.047192 0.716331
vn -0.467706 0.002113 -0.883882
vn -0.406791 -0.069830 -0.910848
vn -0.513959 -0.071880 -0.854798
vn -0.739358 -0.008000 -0.673265
vn -0.406791 -0.069830 0.910848
vn -0.467705 0.002113 0.883882
vn -0.739358 -0.008000 0.673265
vn -0.513957 -0.071879 0.854799
vn -0.655513 -0.101052 -0.748393
vn -0.513959 -0.071880 -0.854798
vn -0.406791 -0.069830 -0.910848
vn -0.402706 -0.097137 -0.910161
vn -0.513957 -0.071879 0.854799
vn -0.655513 -0.101052 0.748393
vn -0.402707 -0.097137 0.910160
vn -0.406791 -0.069830 0.910848
vn -0.649591 -0.000435 0.760283
vn -0.776439 -0.008038 0.630140
vn -0.447421 0.018447 0.894133
vn -0.464642 0.007748 0.885465
vn -0.632234 -0.062663 0.772240
vn -0.649591 -0.000435 0.760283
vn -0.464642 0.007748 0.885465
vn -0.476691 -0.055342 0.877327
vn -0.660151 -0.097459 0.744784
vn -0.632234 -0.062663 0.772240
vn -0.476691 -0.055342 0.877327
vn -0.491133 -0.093874 0.866012
vn -0.491133 -0.093874 0.866012
vn -0.532443 -0.044448 0.845298
vn -0.709423 -0.060279 0.702200
vn -0.660151 -0.097459 0.744784
vn -0.738086 0.012871 0.674584
vn -0.709423 -0.060279 0.702200
vn -0.532443 -0.044448 0.845298
vn -0.573142 0.064871 0.816884
vn -0.802129 0.202702 0.561694
vn -0.738086 0.012871 0.674584
vn -0.573142 0.064871 0.816884
vn -0.624826 0.362233 0.691650
vn -0.817244 0.452181 0.357274
vn -0.802129 0.202702 0.561694
vn -0.624826 0.362233 0.691650
vn -0.589406 0.685166 0.427958
vn -0.494336 0.862783 0.106010
vn -0.793891 0.600651 0.094635
vn -0.817244 0.452181 0.357274
vn -0.589406 0.685166 0.427958
vn -0.787581 0.616165 0.007567
vn -0.793891 0.600651 0.094635
vn -0.494336 0.862783 0.106010
vn -0.438422 0.898725 0.008911
vn -0.438422 0.898725 0.008911
vn -0.432293 0.901478 0.021474
vn -0.798403 0.601959 0.014064
vn -0.787581 0.616165 0.007567
vn -0.432293 0.901478 0.021474
vn -0.435453 0.899502 0.035736
vn -0.850359 0.524962 0.036111
vn -0.798403 0.601959 0.014064
vn -0.880099 0.472375 0.047835
vn -0.850359 0.524962 0.036111
vn -0.435453 0.899502 0.035736
vn -0.399248 0.916654 0.018612
vn -0.925511 0.376894 0.037163
vn -0.880099 0.472375 0.047835
vn -0.399248 0.916654 0.018612
vn -0.300674 0.952310 0.051971
vn -0.873780 0.485041 -0.035262
vn -0.925511 0.376894 0.037163
vn -0.300674 0.952310 0.051971
vn -0.405013 0.914280 0.007523
vn -0.405013 0.914280 0.007523
vn -0.431132 0.901697 -0.032680
vn -0.818240 0.573668 -0.037274
vn -0.873780 0.485041 -0.035262
vn -0.760669 0.649141 -0.000000
vn -0.818240 0.573668 -0.037274
vn -0.431132 0.901697 -0.032680
vn -0.444307 0.895874 -0.000000
vn -0.818240 0.573667 0.037273
vn -0.760669 0.649141 -0.000000
vn -0.444307 0.895874 -0.000000
vn -0.431133 0.901696 0.032679
vn -0.431133 0.901696 0.032679
vn -0.405014 0.914279 -0.007525
vn -0.873780 0.485041 0.035262
vn -0.818240 0.573667 0.037273
vn -0.925510 0.376896 -0.037161
vn -0.873780 0.485041 0.035262
vn -0.405014 0.914279 -0.007525
vn -0.300673 0.952310 -0.051974
vn -0.880098 0.472377 -0.047835
vn -0.925510 0.376896 -0.037161
vn -0.300673 0.952310 -0.051974
vn -0.399247 0.916654 -0.018612
vn -0.850360 0.524962 -0.036111
vn -0.880098 0.472377 -0.047835
vn -0.399247 0.916654 -0.018612
vn -0.435452 0.899502 -0.035736
vn -0.435452 0.899502 -0.035736
vn -0.432293 0.901478 -0.021474
vn -0.798403 0.601959 -0.014065
vn -0.850360 0.524962 -0.036111
vn -0.432293 0.901478 -0.021474
vn -0.438422 0.898725 -0.008912
vn -0.787581 0.616165 -0.007567
vn -0.798403 0.601959 -0.014065
vn -0.494336 0.862782 -0.106012
vn -0.793890 0.600652 -0.094635
vn -0.787581 0.616165 -0.007567
vn -0.438422 0.898725 -0.008912
vn -0.817244 0.452182 -0.357273
vn -0.793890 0.600652 -0.094635
vn -0.494336 0.862782 -0.106012
vn -0.589406 0.685165 -0.427961
vn -0.624825 0.362233 -0.691652
vn -0.802130 0.202703 -0.561693
vn -0.817244 0.452182 -0.357273
vn -0.589406 0.685165 -0.427961
vn -0.573142 0.064871 -0.816884
vn -0.738085 0.012871 -0.674585
vn -0.802130 0.202703 -0.561693
vn -0.624825 0.362233 -0.691652
vn -0.709423 -0.060280 -0.702200
vn -0.738085 0.012871 -0.674585
vn -0.573142 0.064871 -0.816884
vn -0.532442 -0.044449 -0.845298
vn -0.532442 -0.044449 -0.845298
vn -0.491132 -0.093875 -0.866012
vn -0.660151 -0.097459 -0.744784
vn -0.709423 -0.060280 -0.702200
vn -0.632232 -0.062663 -0.772241
vn -0.660151 -0.097459 -0.744784
vn -0.491132 -0.093875 -0.866012
vn -0.476691 -0.055342 -0.877327
vn -0.649590 -0.000435 -0.760284
vn -0.632232 -0.062663 -0.772241
vn -0.476691 -0.055342 -0.877327
vn -0.464642 0.007748 -0.885465
vn -0.776439 -0.008038 -0.630141
vn -0.649590 -0.000435 -0.760284
vn -0.464642 0.007748 -0.885465
vn -0.447422 0.018447 -0.894133
s off
g Seat Chair
usemtl SeatSG
f 281/1/1 282/2/2 170/3/3 156/4/4
f 178/5/5 297/6/6 298/7/7 96/8/8
f 884/9/9 885/10/10 277/11/11 278/12/12
f 882/13/13 883/14/14 279/15/15 280/16/16
f 925/17/17 926/18/18 311/19/19 312/20/20
f 327/21/21 328/22/22 152/23/23 185/24/24
f 907/25/25 908/26/26 302/27/27 303/28/28
f 905/29/29 906/30/30 304/31/31 305/32/32
f 1236/33/33 1237/34/34 967/35/35 344/36/36
f 358/37/37 359/38/38 215/39/39 140/40/40
f 199/41/41 332/42/42 333/43/43 37/44/44
f 202/45/45 334/46/46 335/47/47 42/48/48
f 46/49/49 416/50/50 417/51/51 249/52/52
f 418/53/53 419/54/54 252/55/55 45/56/56
f 1242/57/57 1243/58/58 217/59/59 399/60/60
f 413/61/61 414/62/62 227/63/63 134/64/64
f 997/65/65 998/66/66 362/67/67 363/68/68
f 995/69/69 996/70/70 364/71/71 365/72/72
f 1004/73/73 1246/74/74 1247/75/75 382/76/76
f 377/77/77 378/78/78 122/79/79 233/80/80
f 1256/81/81 1257/82/82 447/83/83 266/84/84
f 1037/85/85 1038/86/86 432/87/87 433/88/88
f 1043/89/89 1044/90/90 427/91/91 428/92/92
f 1041/93/93 1042/94/94 429/95/95 430/96/96
f 1229/97/97 1230/98/98 923/99/99 314/100/100
f 328/22/101 329/101/102 191/102/103 152/23/104
f 341/103/105 342/104/106 969/105/107 970/106/108
f 357/107/109 358/37/110 140/40/111 209/108/112
f 1220/109/113 1221/110/114 176/111/115 284/112/116
f 298/7/117 299/113/118 174/114/119 96/8/120
f 396/115/121 397/116/122 225/117/123 49/118/124
f 412/119/125 413/61/126 134/64/127 221/120/128
f 1001/121/129 1002/122/130 384/123/131 385/124/132
f 378/78/133 379/125/134 239/126/135 122/79/136
f 112/127/137 260/128/138 449/129/139 450/130/140
f 1036/131/141 1037/85/142 433/88/143 434/132/144
f 422/133/145 423/134/146 110/135/147 254/136/148
f 111/137/149 257/138/150 424/139/151 425/140/152
f 436/141/153 437/142/154 260/128/155 112/127/156
f 1255/143/157 1256/81/158 266/84/159 439/144/160
f 443/145/161 444/146/162 264/147/163 107/148/164
f 268/149/165 442/150/166 443/145/167 107/148/168
f 1249/151/169 1250/152/170 1013/153/171 374/154/172
f 371/155/173 372/156/174 1015/157/175 1016/158/176
f 122/79/177 239/126/178 387/159/179 388/160/180
f 388/160/181 389/161/182 233/80/183 122/79/184
f 367/162/185 368/163/186 125/164/187 242/165/188
f 126/166/189 245/167/190 369/168/191 370/169/192
f 391/170/193 392/171/194 248/172/195 127/173/196
f 393/174/197 394/175/198 251/176/199 128/177/200
f 223/178/201 409/179/202 410/180/203 50/181/204
f 1239/182/205 1240/183/206 407/184/207 219/185/208
f 227/63/209 402/186/210 403/187/211 134/64/212
f 403/187/213 404/188/214 221/120/215 134/64/216
f 211/189/217 354/190/218 355/191/219 30/192/220
f 1233/193/221 1234/194/222 352/195/223 207/196/224
f 215/39/225 347/197/226 348/198/227 140/40/228
f 348/198/229 349/199/230 209/108/231 140/40/232
f 337/200/233 338/201/234 143/202/235 200/203/236
f 144/204/237 203/205/238 339/206/239 340/207/240
f 307/208/241 308/209/242 146/210/243 194/211/244
f 147/212/245 197/213/246 309/214/247 310/215/248
f 911/216/249 912/217/250 324/218/251 325/219/252
f 1226/220/253 1227/221/254 322/222/255 914/223/256
f 152/23/257 191/102/258 317/224/259 318/225/260
f 318/225/261 319/226/262 185/24/263 152/23/264
f 1221/110/265 1222/227/266 292/228/267 176/111/268
f 294/229/269 295/230/270 156/4/271 170/3/272
f 877/231/273 878/232/274 288/233/275 289/234/276
f 878/232/277 879/235/278 287/236/279 288/233/280
f 272/237/281 273/238/282 161/239/283 164/240/284
f 162/241/285 167/242/286 274/243/287 275/244/288
f 276/245/289 277/11/290 885/10/291 886/246/292
f 271/247/293 272/237/294 164/240/295 160/248/296
f 883/14/297 884/9/298 278/12/299 279/15/300
f 273/238/301 274/243/302 167/242/303 161/239/304
f 155/249/305 170/3/306 282/2/307 283/250/308
f 293/251/309 294/229/310 170/3/311 155/249/312
f 879/235/313 880/252/314 286/253/315 287/236/316
f 174/114/317 299/113/318 300/254/319 7/255/320
f 292/228/321 293/251/322 155/249/323 176/111/324
f 283/250/325 284/112/326 176/111/327 155/249/328
f 296/256/329 1272/257/330 1273/258/331 3/259/332
f 876/260/333 1269/261/334 1270/262/335 290/263/336
f 923/99/337 924/264/338 313/265/339 314/100/340
f 913/266/341 914/223/342 322/222/343 323/267/344
f 153/268/345 1278/269/346 1279/270/347 320/271/348
f 326/272/349 1277/273/350 1278/269/351 153/268/352
f 323/267/353 324/218/354 912/217/355 913/266/356
f 924/264/357 925/17/358 312/20/359 313/265/360
f 329/101/361 330/274/362 151/275/363 191/102/364
f 316/276/365 317/224/366 191/102/367 151/275/368
f 301/277/369 302/27/370 908/26/371 909/278/372
f 306/279/373 307/208/374 194/211/375 145/280/376
f 906/30/377 907/25/378 303/28/379 304/31/380
f 308/209/381 309/214/382 197/213/383 146/210/384
f 331/281/385 332/42/386 199/41/387 38/282/388
f 336/283/389 337/200/390 200/203/391 142/284/392
f 37/44/393 333/43/394 334/46/395 202/45/396
f 338/201/397 339/206/398 203/205/399 143/202/400
f 343/285/401 344/36/402 967/35/403 968/286/404
f 207/196/405 352/195/406 353/287/407 90/288/408
f 141/289/409 1285/290/410 1286/291/411 350/292/412
f 356/293/413 1284/294/414 1285/290/415 141/289/416
f 90/288/417 353/287/418 354/190/419 211/189/420
f 968/286/421 969/105/422 342/104/423 343/285/424
f 139/295/425 215/39/426 359/38/427 360/296/428
f 346/297/429 347/197/430 215/39/431 139/295/432
f 398/298/433 399/60/434 217/59/435 97/299/436
f 219/185/437 407/184/438 408/300/439 98/301/440
f 135/302/441 1291/303/442 1292/304/443 405/305/444
f 411/306/445 1290/307/446 1291/303/447 135/302/448
f 98/301/449 408/300/450 409/179/451 223/178/452
f 225/117/453 397/116/454 398/298/455 97/299/456
f 133/308/457 227/63/458 414/62/459 415/309/460
f 401/310/461 402/186/462 227/63/463 133/308/464
f 1002/122/465 1003/311/466 383/312/467 384/123/468
f 1014/313/469 1015/157/470 372/156/471 373/314/472
f 123/315/473 233/80/474 389/161/475 390/316/476
f 376/317/477 377/77/478 233/80/479 123/315/480
f 373/314/481 374/154/482 1013/153/483 1014/313/484
f 1003/311/485 1004/73/486 382/76/487 383/312/488
f 1298/318/489 1299/319/490 380/320/491 121/321/492
f 386/322/493 1297/323/494 1298/318/495 121/321/496
f 361/324/497 362/67/498 998/66/499 999/325/500
f 366/326/501 367/162/502 242/165/503 124/327/504
f 996/70/505 997/65/506 363/68/507 364/71/508
f 368/163/509 369/168/510 245/167/511 125/164/512
f 128/177/513 248/172/514 392/171/515 393/174/516
f 249/52/517 417/51/518 418/53/519 45/56/520
f 394/175/521 395/328/522 129/329/523 251/176/524
f 252/55/525 419/54/526 420/330/527 47/331/528
f 426/332/529 427/91/530 1044/90/531 1045/333/532
f 421/334/533 422/133/534 254/136/535 109/335/536
f 1042/94/537 1043/89/538 428/92/539 429/95/540
f 423/134/541 424/139/542 257/138/543 110/135/544
f 437/142/545 438/336/546 113/337/547 260/128/548
f 448/338/549 449/129/550 260/128/551 113/337/552
f 431/339/553 432/87/554 1038/86/555 1039/340/556
f 78/341/557 264/147/558 444/146/559 445/342/560
f 266/84/561 447/83/562 448/338/563 113/337/564
f 438/336/565 439/144/566 266/84/567 113/337/568
f 441/343/569 1307/344/570 1308/345/571 75/346/572
f 1035/347/573 1304/348/574 1305/349/575 435/350/576
f 165/351/577 272/237/578 271/247/579 11/352/580
f 12/353/581 273/238/582 272/237/583 165/351/584
f 168/354/585 274/243/586 273/238/587 12/353/588
f 275/244/589 274/243/590 168/354/591 13/355/592
f 160/248/593 164/240/594 277/11/595 276/245/596
f 278/12/597 277/11/598 164/240/599 161/239/600
f 279/15/601 278/12/602 161/239/603 167/242/604
f 280/16/605 279/15/606 167/242/607 162/241/608
f 888/356/609 889/357/610 282/2/611 281/1/612
f 283/250/613 282/2/614 889/357/615 890/358/616
f 890/358/617 891/359/618 284/112/619 283/250/620
f 1219/360/621 1220/109/622 284/112/623 891/359/624
f 287/236/625 286/253/626 159/361/627 173/362/628
f 288/233/629 287/236/630 173/362/631 158/363/632
f 289/234/633 288/233/634 158/363/635 179/364/636
f 290/263/637 1270/262/638 1271/365/639 157/366/640
f 175/367/641 292/228/642 1222/227/643 1223/368/644
f 94/369/645 293/251/646 292/228/647 175/367/648
f 171/370/649 294/229/650 293/251/651 94/369/652
f 6/371/653 295/230/654 294/229/655 171/370/656
f 157/366/657 1271/365/658 1272/257/659 296/256/660
f 298/7/661 297/6/662 179/364/663 158/363/664
f 158/363/665 173/362/666 299/113/667 298/7/668
f 300/254/669 299/113/670 173/362/671 159/361/672
f 145/280/673 194/211/674 302/27/675 301/277/676
f 303/28/677 302/27/678 194/211/679 146/210/680
f 304/31/681 303/28/682 146/210/683 197/213/684
f 305/32/685 304/31/686 197/213/687 147/212/688
f 928/372/689 929/373/690 307/208/691 306/279/692
f 929/373/693 930/374/694 308/209/695 307/208/696
f 930/374/697 931/375/698 309/214/699 308/209/700
f 310/215/701 309/214/702 931/375/703 932/376/704
f 312/20/705 311/19/706 148/377/707 188/378/708
f 313/265/709 312/20/710 188/378/711 149/379/712
f 314/100/713 313/265/714 149/379/715 182/380/716
f 1228/381/717 1229/97/718 314/100/719 182/380/720
f 934/382/721 935/383/722 317/224/723 316/276/724
f 318/225/725 317/224/726 935/383/727 936/384/728
f 936/384/729 937/385/730 319/226/731 318/225/732
f 320/271/733 1279/270/734 1280/386/735 938/387/736
f 1227/221/737 1228/381/738 182/380/739 322/222/740
f 323/267/741 322/222/742 182/380/743 149/379/744
f 149/379/745 188/378/746 324/218/747 323/267/748
f 325/219/749 324/218/750 188/378/751 148/377/752
f 899/388/753 1276/389/754 1277/273/755 326/272/756
f 900/390/757 901/391/758 328/22/759 327/21/760
f 901/391/761 902/392/762 329/101/763 328/22/764
f 902/392/765 903/393/766 330/274/767 329/101/768
f 142/284/769 200/203/770 332/42/771 331/281/772
f 333/43/773 332/42/774 200/203/775 143/202/776
f 334/46/777 333/43/778 143/202/779 203/205/780
f 335/47/781 334/46/782 203/205/783 144/204/784
f 972/394/785 973/395/786 337/200/787 336/283/788
f 973/395/789 974/396/790 338/201/791 337/200/792
f 974/396/793 975/397/794 339/206/795 338/201/796
f 340/207/797 339/206/798 975/397/799 976/398/800
f 136/399/801 212/400/802 342/104/803 341/103/804
f 343/285/805 342/104/806 212/400/807 137/401/808
f 206/402/809 344/36/810 343/285/811 137/401/812
f 1235/403/813 1236/33/814 344/36/815 206/402/816
f 978/404/817 979/405/818 347/197/819 346/297/820
f 348/198/821 347/197/822 979/405/823 980/406/824
f 980/406/825 981/407/826 349/199/827 348/198/828
f 350/292/829 1286/291/830 1287/408/831 982/409/832
f 1234/194/833 1235/403/834 206/402/835 352/195/836
f 353/287/837 352/195/838 206/402/839 137/401/840
f 354/190/841 353/287/842 137/401/843 212/400/844
f 355/191/845 354/190/846 212/400/847 136/399/848
f 1283/410/849 1284/294/850 356/293/851 34/411/852
f 92/412/853 358/37/854 357/107/855 210/413/856
f 214/414/857 359/38/858 358/37/859 92/412/860
f 360/296/861 359/38/862 214/414/863 35/415/864
f 124/327/865 242/165/866 362/67/867 361/324/868
f 363/68/869 362/67/870 242/165/871 125/164/872
f 364/71/873 363/68/874 125/164/875 245/167/876
f 365/72/877 364/71/878 245/167/879 126/166/880
f 1018/416/881 1019/417/882 367/162/883 366/326/884
f 1019/417/885 1020/418/886 368/163/887 367/162/888
f 1020/418/889 1021/419/890 369/168/891 368/163/892
f 370/169/893 369/168/894 1021/419/895 1022/420/896
f 120/421/897 230/422/898 372/156/899 371/155/900
f 373/314/901 372/156/902 230/422/903 119/423/904
f 119/423/905 236/424/906 374/154/907 373/314/908
f 1248/425/909 1249/151/910 374/154/911 236/424/912
f 1024/426/913 1025/427/914 377/77/915 376/317/916
f 1025/427/917 1026/428/918 378/78/919 377/77/920
f 1026/428/921 1027/429/922 379/125/923 378/78/924
f 1299/319/925 1300/430/926 1028/431/927 380/320/928
f 382/76/929 1247/75/930 1248/425/931 236/424/932
f 383/312/933 382/76/934 236/424/935 119/423/936
f 384/123/937 383/312/938 119/423/939 230/422/940
f 385/124/941 384/123/942 230/422/943 120/421/944
f 989/432/945 1296/433/946 1297/323/947 386/322/948
f 388/160/949 387/159/950 990/434/951 991/435/952
f 991/435/953 992/436/954 389/161/955 388/160/956
f 390/316/957 389/161/958 992/436/959 993/437/960
f 247/438/961 392/171/962 391/170/963 43/439/964
f 393/174/965 392/171/966 247/438/967 44/440/968
f 250/441/969 394/175/970 393/174/971 44/440/972
f 48/442/973 395/328/974 394/175/975 250/441/976
f 130/443/977 224/444/978 397/116/979 396/115/980
f 398/298/981 397/116/982 224/444/983 131/445/984
f 218/446/985 399/60/986 398/298/987 131/445/988
f 1241/447/989 1242/57/990 399/60/991 218/446/992
f 56/448/993 228/449/994 402/186/995 401/310/996
f 403/187/997 402/186/998 228/449/999 99/450/1000
f 220/451/1001 404/188/1002 403/187/1003 99/450/1004
f 405/305/1005 1292/304/1006 1293/452/1007 53/453/1008
f 1240/183/1009 1241/447/1010 218/446/1011 407/184/1012
f 408/300/1013 407/184/1014 218/446/1015 131/445/1016
f 409/179/1017 408/300/1018 131/445/1019 224/444/1020
f 410/180/1021 409/179/1022 224/444/1023 130/443/1024
f 1289/454/1025 1290/307/1026 411/306/1027 54/455/1028
f 100/456/1029 413/61/1030 412/119/1031 222/457/1032
f 226/458/1033 414/62/1034 413/61/1035 100/456/1036
f 415/309/1037 414/62/1038 226/458/1039 55/459/1040
f 417/51/1041 416/50/1042 127/173/1043 248/172/1044
f 418/53/1045 417/51/1046 248/172/1047 128/177/1048
f 128/177/1049 251/176/1050 419/54/1051 418/53/1052
f 420/330/1053 419/54/1054 251/176/1055 129/329/1056
f 255/460/1057 422/133/1058 421/334/1059 81/461/1060
f 82/462/1061 423/134/1062 422/133/1063 255/460/1064
f 258/463/1065 424/139/1066 423/134/1067 82/462/1068
f 425/140/1069 424/139/1070 258/463/1071 83/464/1072
f 109/335/1073 254/136/1074 427/91/1075 426/332/1076
f 428/92/1077 427/91/1078 254/136/1079 110/135/1080
f 429/95/1081 428/92/1082 110/135/1083 257/138/1084
f 430/96/1085 429/95/1086 257/138/1087 111/137/1088
f 115/465/1089 263/466/1090 432/87/1091 431/339/1092
f 433/88/1093 432/87/1094 263/466/1095 116/467/1096
f 434/132/1097 433/88/1098 116/467/1099 269/468/1100
f 435/350/1101 1305/349/1102 1306/469/1103 117/470/1104
f 1047/471/1105 1048/472/1106 437/142/1107 436/141/1108
f 1048/472/1109 1049/473/1110 438/336/1111 437/142/1112
f 1049/473/1113 1050/474/1114 439/144/1115 438/336/1116
f 1254/475/1117 1255/143/1118 439/144/1119 1050/474/1120
f 117/470/1121 1306/469/1122 1307/344/1123 441/343/1124
f 443/145/1125 442/150/1126 269/468/1127 116/467/1128
f 263/466/1129 444/146/1130 443/145/1131 116/467/1132
f 445/342/1133 444/146/1134 263/466/1135 115/465/1136
f 1257/82/1137 1258/476/1138 265/477/1139 447/83/1140
f 448/338/1141 447/83/1142 265/477/1143 105/478/1144
f 261/479/1145 449/129/1146 448/338/1147 105/478/1148
f 450/130/1149 449/129/1150 261/479/1151 71/480/1152
f 24/481/1153 193/482/1154 451/483/1155 452/484/1156
f 196/485/1157 28/486/1158 453/487/1159 454/488/1160
f 452/484/1161 451/483/1162 165/351/1163 11/352/1164
f 454/488/1165 453/487/1166 13/355/1167 168/354/1168
f 451/483/1169 455/489/1170 12/353/1171 165/351/1172
f 455/489/1173 454/488/1174 168/354/1175 12/353/1176
f 455/489/1177 451/483/1178 193/482/1179 23/490/1180
f 454/488/1181 455/489/1182 23/490/1183 196/485/1184
f 457/491/1185 456/492/1186 174/114/1187 7/255/1188
f 459/493/1189 458/494/1190 6/371/1191 171/370/1192
f 461/495/1193 460/496/1194 178/5/1195 96/8/1196
f 463/497/1197 462/498/1198 94/369/1199 175/367/1200
f 1273/258/1201 1274/499/1202 464/500/1203 3/259/1204
f 1223/368/1205 1224/501/1206 463/497/1207 175/367/1208
f 456/492/1209 461/495/1210 96/8/1211 174/114/1212
f 462/498/1213 459/493/1214 171/370/1215 94/369/1216
f 456/492/1217 457/491/1218 22/502/1219 190/503/1220
f 458/494/1221 459/493/1222 187/504/1223 15/505/1224
f 190/503/1225 87/506/1226 461/495/1227 456/492/1228
f 85/507/1229 187/504/1230 459/493/1231 462/498/1232
f 460/496/1233 461/495/1234 87/506/1235 186/508/1236
f 462/498/1237 463/497/1238 183/509/1239 85/507/1240
f 464/500/1241 1274/499/1242 1275/510/1243 21/511/1244
f 463/497/1245 1224/501/1246 1225/512/1247 183/509/1248
f 13/355/1249 453/487/1250 466/513/1251 467/514/1252
f 452/484/1253 11/352/1254 468/515/1255 469/516/1256
f 457/491/1257 7/255/1258 467/514/1259 466/513/1260
f 6/371/1261 458/494/1262 469/516/1263 468/515/1264
f 880/252/1265 881/517/1266 470/518/1267 286/253/1268
f 473/519/1269 887/520/1270 888/356/1271 281/1/1272
f 470/518/1273 881/517/1274 882/13/1275 280/16/1276
f 886/246/1277 887/520/1278 473/519/1279 276/245/1280
f 159/361/1281 286/253/1282 470/518/1283 474/521/1284
f 281/1/1285 156/4/1286 475/522/1287 473/519/1288
f 300/254/1289 159/361/1290 474/521/1291 476/523/1292
f 156/4/1293 295/230/1294 477/524/1295 475/522/1296
f 7/255/1297 300/254/1298 476/523/1299 467/514/1300
f 295/230/1301 6/371/1302 468/515/1303 477/524/1304
f 467/514/1305 476/523/1306 275/244/1307 13/355/1308
f 477/524/1309 468/515/1310 11/352/1311 271/247/1312
f 162/241/1313 275/244/1314 476/523/1315 474/521/1316
f 271/247/1317 160/248/1318 475/522/1319 477/524/1320
f 280/16/1321 162/241/1322 474/521/1323 470/518/1324
f 160/248/1325 276/245/1326 473/519/1327 475/522/1328
f 904/525/1329 905/29/1330 305/32/1331 478/526/1332
f 301/277/1333 909/278/1334 910/527/1335 481/528/1336
f 903/393/1337 904/525/1338 478/526/1339 330/274/1340
f 481/528/1341 910/527/1342 911/216/1343 325/219/1344
f 479/529/1345 22/502/1346 457/491/1347 466/513/1348
f 15/505/1349 480/530/1350 469/516/1351 458/494/1352
f 453/487/1353 28/486/1354 479/529/1355 466/513/1356
f 24/481/1357 452/484/1358 469/516/1359 480/530/1360
f 305/32/1361 147/212/1362 482/531/1363 478/526/1364
f 145/280/1365 301/277/1366 481/528/1367 483/532/1368
f 478/526/1369 482/531/1370 151/275/1371 330/274/1372
f 483/532/1373 481/528/1374 325/219/1375 148/377/1376
f 147/212/1377 310/215/1378 484/533/1379 482/531/1380
f 306/279/1381 145/280/1382 483/532/1383 485/534/1384
f 310/215/1385 932/376/1386 933/535/1387 484/533/1388
f 927/536/1389 928/372/1390 306/279/1391 485/534/1392
f 933/535/1393 934/382/1394 316/276/1395 484/533/1396
f 311/19/1397 926/18/1398 927/536/1399 485/534/1400
f 482/531/1401 484/533/1402 316/276/1403 151/275/1404
f 485/534/1405 483/532/1406 148/377/1407 311/19/1408
f 489/537/1409 488/538/1410 26/539/1411 195/540/1412
f 488/538/1413 490/541/1414 198/542/1415 26/539/1416
f 195/540/1417 25/543/1418 491/544/1419 489/537/1420
f 27/545/1421 198/542/1422 490/541/1423 492/546/1424
f 493/547/1425 491/544/1426 25/543/1427 487/548/1428
f 492/546/1429 494/549/1430 486/550/1431 27/545/1432
f 493/547/1433 487/548/1434 18/551/1435 495/552/1436
f 486/550/1437 494/549/1438 496/553/1439 19/554/1440
f 42/48/1441 492/546/1442 490/541/1443 202/45/1444
f 491/544/1445 38/282/1446 199/41/1447 489/537/1448
f 490/541/1449 488/538/1450 37/44/1451 202/45/1452
f 488/538/1453 489/537/1454 199/41/1455 37/44/1456
f 42/48/1457 497/555/1458 494/549/1459 492/546/1460
f 498/556/1461 38/282/1462 491/544/1463 493/547/1464
f 494/549/1465 497/555/1466 35/415/1467 496/553/1468
f 498/556/1469 493/547/1470 495/552/1471 30/192/1472
f 88/557/1473 192/558/1474 499/559/1475 500/560/1476
f 189/561/1477 86/562/1478 501/563/1479 502/564/1480
f 20/565/1481 1281/566/1482 1282/567/1483 504/568/1484
f 181/569/1485 1231/570/1486 1232/571/1487 506/572/1488
f 184/573/1489 88/557/1490 500/560/1491 503/574/1492
f 86/562/1493 181/569/1494 506/572/1495 501/563/1496
f 496/553/1497 499/559/1498 192/558/1499 19/554/1500
f 502/564/1501 495/552/1502 18/551/1503 189/561/1504
f 35/415/1505 214/414/1506 499/559/1507 496/553/1508
f 211/189/1509 30/192/1510 495/552/1511 502/564/1512
f 500/560/1513 499/559/1514 214/414/1515 92/412/1516
f 502/564/1517 501/563/1518 90/288/1519 211/189/1520
f 503/574/1521 500/560/1522 92/412/1523 210/413/1524
f 501/563/1525 506/572/1526 207/196/1527 90/288/1528
f 504/568/1529 1282/567/1530 1283/410/1531 34/411/1532
f 506/572/1533 1232/571/1534 1233/193/1535 207/196/1536
f 42/48/1537 335/47/1538 507/575/1539 497/555/1540
f 331/281/1541 38/282/1542 498/556/1543 508/576/1544
f 335/47/1545 144/204/1546 509/577/1547 507/575/1548
f 142/284/1549 331/281/1550 508/576/1551 510/578/1552
f 144/204/1553 340/207/1554 511/579/1555 509/577/1556
f 336/283/1557 142/284/1558 510/578/1559 512/580/1560
f 340/207/1561 976/398/1562 977/581/1563 511/579/1564
f 971/582/1565 972/394/1566 336/283/1567 512/580/1568
f 977/581/1569 978/404/1570 346/297/1571 511/579/1572
f 341/103/1573 970/106/1574 971/582/1575 512/580/1576
f 509/577/1577 511/579/1578 346/297/1579 139/295/1580
f 512/580/1581 510/578/1582 136/399/1583 341/103/1584
f 507/575/1585 509/577/1586 139/295/1587 360/296/1588
f 510/578/1589 508/576/1590 355/191/1591 136/399/1592
f 360/296/1593 35/415/1594 497/555/1595 507/575/1596
f 30/192/1597 355/191/1598 508/576/1599 498/556/1600
f 204/593/1601 40/1848/1602 45/56/1603 252/55/1604
f 40/1848/1605 201/1846/1606 249/52/1607 45/56/1608
f 41/1847/1609 47/331/1610 515/596/1611 513/584/1612
f 46/49/1613 39/587/1614 514/586/1615 516/597/1616
f 252/55/1617 47/331/1618 41/1847/1619 204/593/1620
f 46/49/1621 249/52/1622 201/1846/1623 39/587/1624
f 515/596/1625 55/459/1626 36/590/1627 513/584/1628
f 50/181/1629 516/597/1630 514/586/1631 29/1845/1632
f 415/309/1633 55/459/1634 515/596/1635 517/599/1636
f 50/181/1637 410/180/1638 518/600/1639 516/597/1640
f 517/599/1641 515/596/1642 47/331/1643 420/330/1644
f 516/597/1645 518/600/1646 416/50/1647 46/49/1648
f 401/310/1649 133/308/1650 519/601/1651 520/602/1652
f 130/443/1653 396/115/1654 521/603/1655 522/604/1656
f 129/329/1657 395/328/1658 520/602/1659 519/601/1660
f 391/170/1661 127/173/1662 522/604/1663 521/603/1664
f 517/599/1665 519/601/1666 133/308/1667 415/309/1668
f 522/604/1669 518/600/1670 410/180/1671 130/443/1672
f 420/330/1673 129/329/1674 519/601/1675 517/599/1676
f 127/173/1677 416/50/1678 518/600/1679 522/604/1680
f 56/448/1681 401/310/1682 520/602/1683 523/605/1684
f 396/115/1685 49/118/1686 524/606/1687 521/603/1688
f 523/605/1689 520/602/1690 395/328/1691 48/442/1692
f 521/603/1693 524/606/1694 43/439/1695 391/170/1696
f 993/437/1697 994/607/1698 525/608/1699 390/316/1700
f 528/609/1701 1000/610/1702 1001/121/1703 385/124/1704
f 994/607/1705 995/69/1706 365/72/1707 525/608/1708
f 361/324/1709 999/325/1710 1000/610/1711 528/609/1712
f 48/442/1713 535/611/1714 536/612/1715 523/605/1716
f 58/613/1717 538/614/1718 539/615/1719 527/616/1720
f 523/605/1721 536/612/1722 537/617/1723 56/448/1724
f 527/616/1725 539/615/1726 540/618/1727 65/619/1728
f 1023/620/1729 1024/426/1730 376/317/1731 529/621/1732
f 371/155/1733 1016/158/1734 1017/622/1735 532/623/1736
f 1022/420/1737 1023/620/1738 529/621/1739 370/169/1740
f 532/623/1741 1017/622/1742 1018/416/1743 366/326/1744
f 533/624/1745 529/621/1746 376/317/1747 123/315/1748
f 532/623/1749 534/625/1750 120/421/1751 371/155/1752
f 529/621/1753 533/624/1754 126/166/1755 370/169/1756
f 534/625/1757 532/623/1758 366/326/1759 124/327/1760
f 525/608/1761 533/624/1762 123/315/1763 390/316/1764
f 534/625/1765 528/609/1766 385/124/1767 120/421/1768
f 533/624/1769 525/608/1770 365/72/1771 126/166/1772
f 528/609/1773 534/625/1774 124/327/1775 361/324/1776
f 536/612/1777 535/611/1778 62/626/1779 526/627/1780
f 537/617/1781 536/612/1782 526/627/1783 68/628/1784
f 539/615/1785 538/614/1786 43/439/1787 524/606/1788
f 540/618/1789 539/615/1790 524/606/1791 49/118/1792
f 537/617/1793 541/629/1794 228/449/1795 56/448/1796
f 542/630/1797 540/618/1798 49/118/1799 225/117/1800
f 541/629/1801 537/617/1802 68/628/1803 232/631/1804
f 540/618/1805 542/630/1806 229/632/1807 65/619/1808
f 544/633/1809 543/634/1810 104/635/1811 240/636/1812
f 546/637/1813 545/638/1814 237/639/1815 102/640/1816
f 543/634/1817 544/633/1818 220/451/1819 99/450/1820
f 545/638/1821 546/637/1822 97/299/1823 217/59/1824
f 99/450/1825 228/449/1826 541/629/1827 543/634/1828
f 225/117/1829 97/299/1830 546/637/1831 542/630/1832
f 543/634/1833 541/629/1834 232/631/1835 104/635/1836
f 542/630/1837 546/637/1838 102/640/1839 229/632/1840
f 244/641/1841 62/626/1842 535/611/1843 547/642/1844
f 58/613/1845 241/643/1846 548/644/1847 538/614/1848
f 547/642/1849 535/611/1850 48/442/1851 250/441/1852
f 538/614/1853 548/644/1854 247/438/1855 43/439/1856
f 547/642/1857 549/645/1858 57/646/1859 244/641/1860
f 549/645/1861 548/644/1862 241/643/1863 57/646/1864
f 549/645/1865 547/642/1866 250/441/1867 44/440/1868
f 548/644/1869 549/645/1870 44/440/1871 247/438/1872
f 1243/58/1873 1244/647/1874 545/638/1875 217/59/1876
f 1293/452/1877 1294/648/1878 551/649/1879 53/453/1880
f 545/638/1881 1244/647/1882 1245/650/1883 237/639/1884
f 551/649/1885 1294/648/1886 1295/651/1887 67/652/1888
f 1251/653/1889 1252/654/1890 552/655/1891 235/656/1892
f 1301/657/1893 1302/658/1894 554/659/1895 70/660/1896
f 552/655/1897 1252/654/1898 1253/661/1899 267/662/1900
f 554/659/1901 1302/658/1902 1303/663/1903 76/664/1904
f 552/655/1905 556/665/1906 101/666/1907 235/656/1908
f 557/667/1909 555/668/1910 238/669/1911 103/670/1912
f 556/665/1913 552/655/1914 267/662/1915 106/671/1916
f 555/668/1917 557/667/1918 108/672/1919 270/673/1920
f 558/674/1921 556/665/1922 106/671/1923 259/675/1924
f 557/667/1925 559/676/1926 262/677/1927 108/672/1928
f 231/678/1929 101/666/1930 556/665/1931 558/674/1932
f 103/670/1933 234/679/1934 559/676/1935 557/667/1936
f 561/680/1937 531/681/1938 64/682/1939 560/683/1940
f 530/684/1941 562/685/1942 563/686/1943 69/687/1944
f 561/680/1945 564/688/1946 59/689/1947 531/681/1948
f 565/690/1949 562/685/1950 530/684/1951 61/691/1952
f 72/692/1953 566/693/1954 561/680/1955 560/683/1956
f 567/694/1957 77/695/1958 563/686/1959 562/685/1960
f 566/693/1961 80/696/1962 564/688/1963 561/680/1964
f 84/697/1965 567/694/1966 562/685/1967 565/690/1968
f 560/683/1969 558/674/1970 259/675/1971 72/692/1972
f 559/676/1973 563/686/1974 77/695/1975 262/677/1976
f 558/674/1977 560/683/1978 64/682/1979 231/678/1980
f 563/686/1981 559/676/1982 234/679/1983 69/687/1984
f 80/696/1985 253/698/1986 568/699/1987 564/688/1988
f 256/700/1989 84/697/1990 565/690/1991 569/701/1992
f 564/688/1993 568/699/1994 243/702/1995 59/689/1996
f 569/701/1997 565/690/1998 61/691/1999 246/703/2000
f 253/698/2001 79/704/2002 570/705/2003 568/699/2004
f 79/704/2005 256/700/2006 569/701/2007 570/705/2008
f 568/699/2009 570/705/2010 60/706/2011 243/702/2012
f 570/705/2013 569/701/2014 246/703/2015 60/706/2016
f 1045/333/2017 1046/707/2018 571/708/2019 426/332/2020
f 572/709/2021 1040/710/2022 1041/93/2023 430/96/2024
f 571/708/2025 1046/707/2026 1047/471/2027 436/141/2028
f 1039/340/2029 1040/710/2030 572/709/2031 431/339/2032
f 571/708/2033 573/711/2034 109/335/2035 426/332/2036
f 574/712/2037 572/709/2038 430/96/2039 111/137/2040
f 573/711/2041 571/708/2042 436/141/2043 112/127/2044
f 572/709/2045 574/712/2046 115/465/2047 431/339/2048
f 112/127/2049 450/130/2050 575/713/2051 573/711/2052
f 445/342/2053 115/465/2054 574/712/2055 576/714/2056
f 573/711/2057 575/713/2058 421/334/2059 109/335/2060
f 576/714/2061 574/712/2062 111/137/2063 425/140/2064
f 575/713/2065 577/715/2066 81/461/2067 421/334/2068
f 578/716/2069 576/714/2070 425/140/2071 83/464/2072
f 577/715/2073 575/713/2074 450/130/2075 71/480/2076
f 576/714/2077 578/716/2078 78/341/2079 445/342/2080
f 216/717/2081 36/590/2082 55/459/2083 226/458/2084
f 29/1845/2085 213/1844/2086 223/178/2087 50/181/2088
f 226/458/2089 100/456/2090 91/1843/2091 216/717/2092
f 98/301/2093 223/178/2094 213/1844/2095 89/1841/2096
f 33/1836/2097 1288/723/2098 1289/454/2099 54/455/2100
f 205/1837/2101 1238/726/2102 1239/182/2103 219/185/2104
f 100/456/2105 222/457/2106 208/1842/2107 91/1843/2108
f 219/185/2109 98/301/2110 89/1841/2111 205/1837/2112
f 782/729/2113 783/730/2114 620/731/2115 621/1676/2116
f 21/511/2117 635/733/2118 636/1675/2119 464/500/2120
f 916/735/2121 917/736/2122 784/737/2123 619/738/2124
f 634/1677/2125 898/740/2126 899/388/2127 326/272/2128
f 784/737/2129 785/741/2130 618/742/2131 619/738/2132
f 633/1678/2133 634/1677/2134 326/272/2135 153/268/2136
f 785/741/2137 786/744/2138 617/745/2139 618/742/2140
f 632/746/2141 633/1678/2142 153/268/2143 320/271/2144
f 786/744/2145 920/747/2146 921/1595/2147 617/745/2148
f 938/387/2149 939/1593/2150 632/746/2151 320/271/2152
f 787/750/2153 788/751/2154 615/752/2155 616/753/2156
f 630/1680/2157 631/1679/2158 20/565/2159 504/568/2160
f 788/751/2161 789/756/2162 614/757/2163 615/752/2164
f 629/1681/2165 630/1680/2166 504/568/2167 34/411/2168
f 789/756/2169 790/759/2170 613/760/2171 614/757/2172
f 628/1682/2173 629/1681/2174 34/411/2175 356/293/2176
f 790/759/2177 791/762/2178 612/763/2179 613/760/2180
f 627/1683/2181 628/1682/2182 356/293/2183 141/289/2184
f 791/762/2185 792/765/2186 611/766/2187 612/763/2188
f 626/767/2189 627/1683/2190 141/289/2191 350/292/2192
f 608/768/2193 609/1695/2194 794/770/2195 795/771/2196
f 623/1686/2197 624/1685/2198 33/1836/2199 54/455/2200
f 609/1695/2201 610/1694/2202 793/775/2203 794/770/2204
f 624/1838/2205 625/1684/2206 33/724/2207
f 964/777/2208 965/1591/2209 611/766/2210 792/765/2211
f 350/292/2212 982/409/2213 983/1589/2214 626/767/2215
f 795/771/2216 796/780/2217 607/781/2218 608/768/2219
f 622/782/2220 623/1686/2221 54/455/2222 411/306/2223
f 608/1696/2224 607/1649/2225 406/783/2226 51/784/2227
f 32/1839/2228 609/1840/2229 608/1696/2230 51/784/2231
f 32/785/2232 610/774/2233 609/769/2234
f 965/778/2235 966/786/2236 345/787/2237 611/1592/2238
f 612/1693/2239 611/1592/2240 345/787/2241 138/788/2242
f 613/1692/2243 612/1693/2244 138/788/2245 351/789/2246
f 614/1691/2247 613/1692/2248 351/789/2249 31/790/2250
f 615/1690/2251 614/1691/2252 31/790/2253 505/791/2254
f 616/1689/2255 615/1690/2256 505/791/2257 17/792/2258
f 617/1596/2259 921/748/2260 922/793/2261 315/794/2262
f 618/1688/2263 617/1596/2264 315/794/2265 150/795/2266
f 619/1687/2267 618/1688/2268 150/795/2269 321/796/2270
f 915/797/2271 916/1597/2272 619/1687/2273 321/796/2274
f 621/732/2275 620/1598/2276 16/798/2277 465/799/2278
f 848/800/2279 849/801/2280 623/772/2281 622/1648/2282
f 849/801/2283 850/802/2284 624/773/2285 623/772/2286
f 850/802/2287 851/803/2288 625/776/2289 624/773/2290
f 626/1590/2291 983/779/2292 984/804/2293 852/805/2294
f 852/805/2295 853/806/2296 627/764/2297 626/1590/2298
f 853/806/2299 854/807/2300 628/761/2301 627/764/2302
f 854/807/2303 855/808/2304 629/758/2305 628/761/2306
f 855/808/2307 856/809/2308 630/754/2309 629/758/2310
f 856/809/2311 857/810/2312 631/755/2313 630/754/2314
f 939/749/2315 940/811/2316 858/812/2317 632/1594/2318
f 858/812/2319 859/813/2320 633/743/2321 632/1594/2322
f 859/813/2323 860/814/2324 634/739/2325 633/743/2326
f 860/814/2327 897/815/2328 898/1599/2329 634/739/2330
f 636/734/2331 635/1600/2332 861/816/2333 862/817/2334
f 465/799/2335 2/818/2336 637/1674/2337 621/732/2338
f 3/259/2339 464/500/2340 636/1675/2341 638/1673/2342
f 639/1672/2343 637/1674/2344 2/818/2345 291/822/2346
f 638/1673/2347 640/1671/2348 296/256/2349 3/259/2350
f 641/1670/2351 639/1672/2352 291/822/2353 154/825/2354
f 640/1671/2355 642/1669/2356 157/366/2357 296/256/2358
f 154/825/2359 285/827/2360 643/828/2361 641/1670/2362
f 290/263/2363 157/366/2364 642/1669/2365 644/1668/2366
f 892/830/2367 893/1601/2368 643/828/2369 285/827/2370
f 644/1668/2371 875/832/2372 876/260/2373 290/263/2374
f 1/833/2375 647/834/2376 648/1666/2377 645/1667/2378
f 650/1664/2379 4/838/2380 646/839/2381 649/1665/2382
f 621/1676/2383 637/819/2384 781/841/2385 782/729/2386
f 638/820/2387 636/734/2388 862/817/2389 863/842/2390
f 780/843/2391 781/841/2392 637/819/2393 639/821/2394
f 863/842/2395 864/844/2396 640/823/2397 638/820/2398
f 779/845/2399 780/843/2400 639/821/2401 641/824/2402
f 864/844/2403 865/846/2404 642/826/2405 640/823/2406
f 778/847/2407 779/845/2408 641/824/2409 643/1602/2410
f 865/846/2411 866/848/2412 644/829/2413 642/826/2414
f 893/831/2415 894/849/2416 778/847/2417 643/1602/2418
f 866/848/2419 874/850/2420 875/1603/2421 644/829/2422
f 645/836/2423 648/835/2424 776/851/2425 777/852/2426
f 649/840/2427 646/1604/2428 867/853/2429 868/854/2430
f 1217/855/2431 1218/856/2432 177/857/2433 663/1663/2434
f 1267/859/2435 1268/860/2436 4/838/2437 650/1664/2438
f 665/1662/2439 663/1663/2440 177/857/2441 93/862/2442
f 664/863/2443 666/1661/2444 95/865/2445 180/866/2446
f 667/1660/2447 665/1662/2448 93/862/2449 169/868/2450
f 666/1661/2451 668/1659/2452 172/870/2453 95/865/2454
f 669/1658/2455 667/1660/2456 169/868/2457 5/872/2458
f 668/1659/2459 670/1657/2460 8/874/2461 172/870/2462
f 671/1656/2463 669/1658/2464 5/872/2465 472/876/2466
f 670/1657/2467 672/1655/2468 471/878/2469 8/874/2470
f 673/1654/2471 671/1656/2472 472/876/2473 10/880/2474
f 672/1655/2475 674/1653/2476 14/882/2477 471/878/2478
f 10/880/2479 163/883/2480 675/1652/2481 673/1654/2482
f 166/885/2483 14/882/2484 674/1653/2485 676/1650/2486
f 677/1651/2487 675/1652/2488 163/883/2489 9/888/2490
f 676/1650/2491 677/1651/2492 9/888/2493 166/885/2494
f 607/1649/2495 678/1647/2496 132/890/2497 406/783/2498
f 679/1646/2499 622/782/2500 411/306/2501 135/302/2502
f 678/1647/2503 680/1642/2504 400/893/2505 132/890/2506
f 681/1641/2507 679/1646/2508 135/302/2509 405/305/2510
f 66/895/2511 550/896/2512 682/1645/2513 683/1639/2514
f 551/649/2515 67/652/2516 684/899/2517 685/1644/2518
f 52/901/2519 686/1643/2520 682/1645/2521 550/896/2522
f 687/1640/2523 53/453/2524 551/649/2525 685/1644/2526
f 680/1642/2527 686/1643/2528 52/901/2529 400/893/2530
f 687/1640/2531 681/1641/2532 405/305/2533 53/453/2534
f 1005/904/2535 1006/1585/2536 688/906/2537 381/907/2538
f 689/1638/2539 988/909/2540 989/432/2541 386/322/2542
f 118/910/2543 381/907/2544 688/906/2545 690/1637/2546
f 386/322/2547 121/321/2548 691/1636/2549 689/1638/2550
f 690/1637/2551 692/1635/2552 375/914/2553 118/910/2554
f 693/915/2555 691/1636/2556 121/321/2557 380/320/2558
f 692/1635/2559 1011/916/2560 1012/917/2561 375/914/2562
f 1028/431/2563 1029/1581/2564 693/915/2565 380/320/2566
f 63/919/2567 694/920/2568 696/1633/2569 553/922/2570
f 695/1634/2571 70/660/2572 554/659/2573 697/1632/2574
f 696/1633/2575 698/1631/2576 73/926/2577 553/922/2578
f 699/927/2579 697/1632/2580 554/659/2581 76/664/2582
f 1051/928/2583 1052/1577/2584 700/930/2585 440/931/2586
f 701/1630/2587 1034/933/2588 1035/347/2589 435/350/2590
f 700/930/2591 702/1629/2592 114/935/2593 440/931/2594
f 703/1628/2595 701/1630/2596 435/350/2597 117/470/2598
f 702/1629/2599 704/1607/2600 446/938/2601 114/935/2602
f 705/939/2603 703/1628/2604 117/470/2605 441/343/2606
f 678/889/2607 607/781/2608 796/780/2609 797/940/2610
f 622/1648/2611 679/891/2612 847/941/2613 848/800/2614
f 797/940/2615 798/942/2616 680/892/2617 678/889/2618
f 846/943/2619 847/941/2620 679/891/2621 681/894/2622
f 798/942/2623 799/944/2624 686/902/2625 680/892/2626
f 845/945/2627 846/943/2628 681/894/2629 687/903/2630
f 800/946/2631 801/947/2632 683/898/2633 682/897/2634
f 843/948/2635 844/949/2636 685/900/2637 684/1588/2638
f 799/944/2639 800/946/2640 682/897/2641 686/902/2642
f 844/949/2643 845/945/2644 687/903/2645 685/900/2646
f 1006/905/2647 1007/950/2648 802/951/2649 688/1586/2650
f 842/952/2651 987/953/2652 988/1587/2653 689/908/2654
f 802/951/2655 803/954/2656 690/911/2657 688/1586/2658
f 841/955/2659 842/952/2660 689/908/2661 691/912/2662
f 803/954/2663 804/956/2664 692/913/2665 690/911/2666
f 840/957/2667 841/955/2668 691/912/2669 693/1582/2670
f 1010/958/2671 1011/1583/2672 692/913/2673 804/956/2674
f 693/1582/2675 1029/918/2676 1030/959/2677 840/957/2678
f 805/960/2679 806/961/2680 696/921/2681 694/1584/2682
f 838/962/2683 839/963/2684 695/923/2685 697/924/2686
f 806/961/2687 807/964/2688 698/925/2689 696/921/2690
f 837/965/2691 838/962/2692 697/924/2693 699/1580/2694
f 1052/929/2695 1053/966/2696 808/967/2697 700/1578/2698
f 836/968/2699 1033/969/2700 1034/1579/2701 701/932/2702
f 808/967/2703 809/970/2704 702/934/2705 700/1578/2706
f 835/971/2707 836/968/2708 701/932/2709 703/936/2710
f 809/970/2711 810/972/2712 704/937/2713 702/934/2714
f 834/973/2715 835/971/2716 703/936/2717 705/1606/2718
f 265/477/2719 1258/476/2720 1259/1573/2721 727/975/2722
f 75/346/2723 1308/345/2724 1309/1569/2725 729/977/2726
f 727/975/2727 732/1626/2728 105/478/2729 265/477/2730
f 733/1625/2731 728/1627/2732 268/149/2733 107/148/2734
f 732/1626/2735 734/1624/2736 261/479/2737 105/478/2738
f 735/1623/2739 733/1625/2740 107/148/2741 264/147/2742
f 71/480/2743 261/479/2744 734/1624/2745 736/1622/2746
f 264/147/2747 78/341/2748 737/1621/2749 735/1623/2750
f 577/715/2751 71/480/2752 736/1622/2753 738/1620/2754
f 78/341/2755 578/716/2756 739/1619/2757 737/1621/2758
f 738/1620/2759 740/1618/2760 81/461/2761 577/715/2762
f 741/1617/2763 739/1619/2764 578/716/2765 83/464/2766
f 740/1618/2767 742/1616/2768 255/460/2769 81/461/2770
f 743/1615/2771 741/1617/2772 83/464/2773 258/463/2774
f 742/1616/2775 744/1614/2776 82/462/2777 255/460/2778
f 744/1614/2779 743/1615/2780 258/463/2781 82/462/2782
f 1259/974/2783 1260/992/2784 815/993/2785 727/1574/2786
f 1309/976/2787 1310/994/2788 830/995/2789 729/1570/2790
f 815/993/2791 816/996/2792 732/978/2793 727/1574/2794
f 828/997/2795 829/998/2796 728/980/2797 733/979/2798
f 816/996/2799 817/999/2800 734/981/2801 732/978/2802
f 827/1000/2803 828/997/2804 733/979/2805 735/982/2806
f 736/983/2807 734/981/2808 817/999/2809 818/1001/2810
f 735/982/2811 737/984/2812 826/1002/2813 827/1000/2814
f 738/985/2815 736/983/2816 818/1001/2817 819/1003/2818
f 737/984/2819 739/986/2820 825/1004/2821 826/1002/2822
f 740/987/2823 738/985/2824 819/1003/2825 820/1005/2826
f 739/986/2827 741/988/2828 824/1006/2829 825/1004/2830
f 820/1005/2831 821/1007/2832 742/989/2833 740/987/2834
f 823/1008/2835 824/1006/2836 741/988/2837 743/990/2838
f 821/1007/2839 822/1009/2840 744/991/2841 742/989/2842
f 822/1009/2843 823/1008/2844 743/990/2845 744/991/2846
f 761/1010/2847 760/1011/2848 726/1613/2849 74/1013/2850
f 763/1611/2851 762/1015/2852 75/346/2853 729/977/2854
f 813/1016/2855 814/1017/2856 726/1012/2857 760/1612/2858
f 729/1570/2859 830/995/2860 831/1829/2861 763/1014/2862
f 767/1019/2863 766/1020/2864 760/1011/2865 761/1010/2866
f 769/1609/2867 768/1022/2868 762/1015/2869 763/1611/2870
f 812/1023/2871 813/1831/2872 760/1832/2873 766/1610/2874
f 763/1830/2875 831/1018/2876 832/1024/2877 769/1021/2878
f 761/1010/2879 74/1013/2880 446/938/2881 767/1019/2882
f 75/346/2883 762/1015/2884 768/1022/2885 441/343/2886
f 767/1019/2887 772/1025/2888 766/1020/2889
f 773/1605/2890 768/1022/2891 769/1609/2892
f 772/1608/2893 811/1027/2894 812/1023/2895 766/1610/2896
f 832/1024/2897 833/1028/2898 773/1026/2899 769/1021/2900
f 767/1019/2901 446/938/2902 704/1607/2903 772/1025/2904
f 441/343/2905 768/1022/2906 773/1605/2907 705/939/2908
f 810/972/2909 811/1027/2910 772/1608/2911 704/937/2912
f 833/1028/2913 834/973/2914 705/1606/2915 773/1026/2916
f 777/852/2917 776/851/2918 661/1029/2919 659/1030/2920
f 894/849/2921 895/1031/2922 657/1032/2923 778/847/2924
f 657/1032/2925 655/1033/2926 779/845/2927 778/847/2928
f 655/1033/2929 653/1034/2930 780/843/2931 779/845/2932
f 653/1034/2933 651/1035/2934 781/841/2935 780/843/2936
f 782/729/2937 781/841/2938 651/1035/2939 579/1036/2940
f 580/1037/2941 783/730/2942 782/729/2943 579/1036/2944
f 917/736/2945 918/1038/2946 583/1039/2947 784/737/2948
f 583/1039/2949 585/1040/2950 785/741/2951 784/737/2952
f 585/1040/2953 587/1041/2954 786/744/2955 785/741/2956
f 587/1041/2957 919/1042/2958 920/747/2959 786/744/2960
f 589/1043/2961 591/1044/2962 788/751/2963 787/750/2964
f 591/1044/2965 593/1045/2966 789/756/2967 788/751/2968
f 593/1045/2969 595/1046/2970 790/759/2971 789/756/2972
f 595/1046/2973 597/1047/2974 791/762/2975 790/759/2976
f 597/1047/2977 599/1048/2978 792/765/2979 791/762/2980
f 963/1049/2981 964/777/2982 792/765/2983 599/1048/2984
f 601/1050/2985 605/1051/2986 796/780/2987 795/771/2988
f 797/940/2989 796/780/2990 605/1051/2991 706/1052/2992
f 706/1052/2993 708/1053/2994 798/942/2995 797/940/2996
f 708/1053/2997 710/1054/2998 799/944/2999 798/942/3000
f 710/1054/3001 800/946/3002 799/944/3003
f 710/1054/3004 801/947/3005 800/946/3006
f 1007/950/3007 1008/1055/3008 712/1056/3009 802/951/3010
f 712/1056/3011 714/1057/3012 803/954/3013 802/951/3014
f 714/1057/3015 716/1058/3016 804/956/3017 803/954/3018
f 1009/1059/3019 1010/958/3020 804/956/3021 716/1058/3022
f 718/1060/3023 806/961/3024 805/960/3025
f 718/1060/3026 807/964/3027 806/961/3028
f 1053/966/3029 1054/1061/3030 720/1062/3031 808/967/3032
f 720/1062/3033 722/1063/3034 809/970/3035 808/967/3036
f 722/1063/3037 724/1064/3038 810/972/3039 809/970/3040
f 724/1064/3041 774/1065/3042 811/1027/3043 810/972/3044
f 812/1023/3045 811/1027/3046 774/1065/3047 770/1066/3048
f 764/1067/3049 813/1831/3050 812/1023/3051 770/1066/3052
f 730/1068/3053 814/1017/3054 813/1016/3055 764/1824/3056
f 1260/992/3057 1261/1069/3058 745/1070/3059 815/993/3060
f 745/1070/3061 747/1071/3062 816/996/3063 815/993/3064
f 747/1071/3065 749/1072/3066 817/999/3067 816/996/3068
f 818/1001/3069 817/999/3070 749/1072/3071 751/1073/3072
f 819/1003/3073 818/1001/3074 751/1073/3075 753/1074/3076
f 820/1005/3077 819/1003/3078 753/1074/3079 755/1075/3080
f 755/1075/3081 757/1076/3082 821/1007/3083 820/1005/3084
f 757/1076/3085 759/1077/3086 822/1009/3087 821/1007/3088
f 759/1077/3089 758/1078/3090 823/1008/3091 822/1009/3092
f 758/1078/3093 756/1079/3094 824/1006/3095 823/1008/3096
f 825/1004/3097 824/1006/3098 756/1079/3099 754/1080/3100
f 826/1002/3101 825/1004/3102 754/1080/3103 752/1081/3104
f 827/1000/3105 826/1002/3106 752/1081/3107 750/1082/3108
f 750/1082/3109 748/1083/3110 828/997/3111 827/1000/3112
f 748/1083/3113 746/1084/3114 829/998/3115 828/997/3116
f 1310/994/3117 1311/1085/3118 731/1086/3119 830/995/3120
f 831/1829/3121 830/995/3122 731/1086/3123 765/1087/3124
f 832/1024/3125 831/1018/3126 765/1828/3127 771/1088/3128
f 775/1089/3129 833/1028/3130 832/1024/3131 771/1088/3132
f 775/1089/3133 725/1090/3134 834/973/3135 833/1028/3136
f 725/1090/3137 723/1091/3138 835/971/3139 834/973/3140
f 723/1091/3141 721/1092/3142 836/968/3143 835/971/3144
f 721/1092/3145 1032/1093/3146 1033/969/3147 836/968/3148
f 719/1094/3149 838/962/3150 837/965/3151
f 719/1094/3152 839/963/3153 838/962/3154
f 840/957/3155 1030/959/3156 1031/1095/3157 717/1096/3158
f 717/1096/3159 715/1097/3160 841/955/3161 840/957/3162
f 715/1097/3163 713/1098/3164 842/952/3165 841/955/3166
f 713/1098/3167 986/1099/3168 987/953/3169 842/952/3170
f 711/1100/3171 844/949/3172 843/948/3173
f 711/1100/3174 845/945/3175 844/949/3176
f 711/1100/3177 709/1101/3178 846/943/3179 845/945/3180
f 709/1101/3181 707/1102/3182 847/941/3183 846/943/3184
f 848/800/3185 847/941/3186 707/1102/3187 606/1103/3188
f 606/1103/3189 602/1104/3190 849/801/3191 848/800/3192
f 852/805/3193 984/804/3194 985/1105/3195 600/1106/3196
f 600/1106/3197 598/1107/3198 853/806/3199 852/805/3200
f 598/1107/3201 596/1108/3202 854/807/3203 853/806/3204
f 596/1108/3205 594/1109/3206 855/808/3207 854/807/3208
f 594/1109/3209 592/1110/3210 856/809/3211 855/808/3212
f 592/1110/3213 590/1111/3214 857/810/3215 856/809/3216
f 940/811/3217 941/1112/3218 588/1113/3219 858/812/3220
f 588/1113/3221 586/1114/3222 859/813/3223 858/812/3224
f 586/1114/3225 584/1115/3226 860/814/3227 859/813/3228
f 584/1115/3229 896/1116/3230 897/815/3231 860/814/3232
f 862/817/3233 861/816/3234 581/1117/3235 582/1118/3236
f 863/842/3237 862/817/3238 582/1118/3239 652/1119/3240
f 652/1119/3241 654/1120/3242 864/844/3243 863/842/3244
f 654/1120/3245 656/1121/3246 865/846/3247 864/844/3248
f 656/1121/3249 658/1122/3250 866/848/3251 865/846/3252
f 658/1122/3253 873/1123/3254 874/850/3255 866/848/3256
f 868/854/3257 867/853/3258 660/1124/3259 662/1125/3260
f 648/835/3261 647/1576/3262 869/1814/3263 776/851/3264
f 650/837/3265 649/840/3266 868/854/3267 870/1813/3268
f 871/1812/3269 661/1029/3270 776/851/3271 869/1814/3272
f 662/1125/3273 872/1129/3274 870/1813/3275 868/854/3276
f 874/850/3277 873/1123/3278 660/1124/3279 867/853/3280
f 875/1603/3281 874/850/3282 867/853/3283 646/1604/3284
f 876/260/3285 875/832/3286 646/839/3287 4/838/3288
f 1268/860/3289 1269/261/3290 876/260/3291 4/838/3292
f 95/865/3293 878/232/3294 877/231/3295 180/866/3296
f 172/870/3297 879/235/3298 878/232/3299 95/865/3300
f 8/874/3301 880/252/3302 879/235/3303 172/870/3304
f 471/878/3305 881/517/3306 880/252/3307 8/874/3308
f 882/13/3309 881/517/3310 471/878/3311 14/882/3312
f 166/885/3313 883/14/3314 882/13/3315 14/882/3316
f 9/888/3317 884/9/3318 883/14/3319 166/885/3320
f 163/883/3321 885/10/3322 884/9/3323 9/888/3324
f 886/246/3325 885/10/3326 163/883/3327 10/880/3328
f 472/876/3329 887/520/3330 886/246/3331 10/880/3332
f 888/356/3333 887/520/3334 472/876/3335 5/872/3336
f 169/868/3337 889/357/3338 888/356/3339 5/872/3340
f 890/358/3341 889/357/3342 169/868/3343 93/862/3344
f 177/857/3345 891/359/3346 890/358/3347 93/862/3348
f 1218/856/3349 1219/360/3350 891/359/3351 177/857/3352
f 645/1667/3353 893/1601/3354 892/830/3355 1/833/3356
f 777/852/3357 894/849/3358 893/831/3359 645/836/3360
f 659/1030/3361 895/1031/3362 894/849/3363 777/852/3364
f 897/815/3365 896/1116/3366 581/1117/3367 861/816/3368
f 898/1599/3369 897/815/3370 861/816/3371 635/1600/3372
f 899/388/3373 898/740/3374 635/733/3375 21/511/3376
f 1275/510/3377 1276/389/3378 899/388/3379 21/511/3380
f 87/506/3381 901/391/3382 900/390/3383 186/508/3384
f 190/503/3385 902/392/3386 901/391/3387 87/506/3388
f 22/502/3389 903/393/3390 902/392/3391 190/503/3392
f 479/529/3393 904/525/3394 903/393/3395 22/502/3396
f 28/486/3397 905/29/3398 904/525/3399 479/529/3400
f 196/485/3401 906/30/3402 905/29/3403 28/486/3404
f 23/490/3405 907/25/3406 906/30/3407 196/485/3408
f 193/482/3409 908/26/3410 907/25/3411 23/490/3412
f 909/278/3413 908/26/3414 193/482/3415 24/481/3416
f 910/527/3417 909/278/3418 24/481/3419 480/530/3420
f 911/216/3421 910/527/3422 480/530/3423 15/505/3424
f 187/504/3425 912/217/3426 911/216/3427 15/505/3428
f 913/266/3429 912/217/3430 187/504/3431 85/507/3432
f 183/509/3433 914/223/3434 913/266/3435 85/507/3436
f 1225/512/3437 1226/220/3438 914/223/3439 183/509/3440
f 620/1598/3441 916/1597/3442 915/797/3443 16/798/3444
f 783/730/3445 917/736/3446 916/735/3447 620/731/3448
f 580/1037/3449 918/1038/3450 917/736/3451 783/730/3452
f 920/747/3453 919/1042/3454 589/1043/3455 787/750/3456
f 921/1595/3457 920/747/3458 787/750/3459 616/753/3460
f 922/793/3461 921/748/3462 616/1689/3463 17/792/3464
f 181/569/3465 923/99/3466 1230/98/3467 1231/570/3468
f 86/562/3469 924/264/3470 923/99/3471 181/569/3472
f 189/561/3473 925/17/3474 924/264/3475 86/562/3476
f 18/551/3477 926/18/3478 925/17/3479 189/561/3480
f 927/536/3481 926/18/3482 18/551/3483 487/548/3484
f 25/543/3485 928/372/3486 927/536/3487 487/548/3488
f 195/540/3489 929/373/3490 928/372/3491 25/543/3492
f 26/539/3493 930/374/3494 929/373/3495 195/540/3496
f 198/542/3497 931/375/3498 930/374/3499 26/539/3500
f 932/376/3501 931/375/3502 198/542/3503 27/545/3504
f 933/535/3505 932/376/3506 27/545/3507 486/550/3508
f 19/554/3509 934/382/3510 933/535/3511 486/550/3512
f 192/558/3513 935/383/3514 934/382/3515 19/554/3516
f 936/384/3517 935/383/3518 192/558/3519 88/557/3520
f 184/573/3521 937/385/3522 936/384/3523 88/557/3524
f 938/387/3525 1280/386/3526 1281/566/3527 20/565/3528
f 631/1679/3529 939/1593/3530 938/387/3531 20/565/3532
f 857/810/3533 940/811/3534 939/749/3535 631/755/3536
f 590/1111/3537 941/1112/3538 940/811/3539 857/810/3540
f 942/1130/3541 1216/1131/3542 1217/1575/3543 663/858/3544
f 870/1127/3545 1266/1132/3546 1267/1571/3547 650/1815/3548
f 944/1133/3549 1215/1134/3550 1216/1131/3551 942/1130/3552
f 872/1809/3553 1265/1135/3554 1266/1132/3555 870/1127/3556
f 946/1136/3557 942/1130/3558 663/858/3559 665/861/3560
f 943/1137/3561 947/1138/3562 666/864/3563 664/1572/3564
f 948/1139/3565 946/1136/3566 665/861/3567 667/867/3568
f 947/1138/3569 949/1140/3570 668/869/3571 666/864/3572
f 951/1141/3573 950/1142/3574 669/871/3575 671/875/3576
f 953/1143/3577 952/1144/3578 672/877/3579 670/873/3580
f 667/867/3581 669/871/3582 950/1142/3583 948/1139/3584
f 670/873/3585 668/869/3586 949/1140/3587 953/1143/3588
f 954/1145/3589 951/1141/3590 671/875/3591 673/879/3592
f 952/1144/3593 955/1146/3594 674/881/3595 672/877/3596
f 956/1147/3597 954/1145/3598 673/879/3599 675/884/3600
f 955/1146/3601 957/1148/3602 676/886/3603 674/881/3604
f 958/1149/3605 956/1147/3606 675/884/3607 677/887/3608
f 957/1148/3609 958/1149/3610 677/887/3611 676/886/3612
f 959/1150/3613 944/1133/3614 942/1130/3615 946/1136/3616
f 945/1151/3617 960/1152/3618 947/1138/3619 943/1137/3620
f 961/1153/3621 959/1150/3622 946/1136/3623 948/1139/3624
f 960/1152/3625 962/1154/3626 949/1140/3627 947/1138/3628
f 793/775/3629 964/777/3630 963/1049/3631 603/1155/3632
f 610/1694/3633 965/1591/3634 964/777/3635 793/775/3636
f 32/785/3637 966/786/3638 965/778/3639 610/774/3640
f 1237/34/3641 1238/725/3642 205/727/3643 967/35/3644
f 968/286/3645 967/35/3646 205/727/3647 89/721/3648
f 213/718/3649 969/105/3650 968/286/3651 89/721/3652
f 970/106/3653 969/105/3654 213/718/3655 29/592/3656
f 971/582/3657 970/106/3658 29/592/3659 514/589/3660
f 39/588/3661 972/394/3662 971/582/3663 514/589/3664
f 201/595/3665 973/395/3666 972/394/3667 39/588/3668
f 40/594/3669 974/396/3670 973/395/3671 201/595/3672
f 204/598/3673 975/397/3674 974/396/3675 40/594/3676
f 976/398/3677 975/397/3678 204/598/3679 41/583/3680
f 977/581/3681 976/398/3682 41/583/3683 513/585/3684
f 36/591/3685 978/404/3686 977/581/3687 513/585/3688
f 36/591/3689 216/719/3690 979/405/3691 978/404/3692
f 980/406/3693 979/405/3694 216/719/3695 91/720/3696
f 208/728/3697 981/407/3698 980/406/3699 91/720/3700
f 982/409/3701 1287/408/3702 1288/722/3703 33/724/3704
f 983/1589/3705 982/409/3706 33/724/3707 625/1684/3708
f 984/804/3709 983/779/3710 625/776/3711 851/803/3712
f 985/1105/3713 984/804/3714 851/803/3715 604/1156/3716
f 987/953/3717 986/1099/3718 711/1100/3719 843/948/3720
f 988/1587/3721 987/953/3722 843/948/3723 684/1588/3724
f 989/432/3725 988/909/3726 684/899/3727 67/652/3728
f 1295/651/3729 1296/433/3730 989/432/3731 67/652/3732
f 991/435/3733 990/434/3734 240/636/3735 104/635/3736
f 232/631/3737 992/436/3738 991/435/3739 104/635/3740
f 993/437/3741 992/436/3742 232/631/3743 68/628/3744
f 526/627/3745 994/607/3746 993/437/3747 68/628/3748
f 62/626/3749 995/69/3750 994/607/3751 526/627/3752
f 244/641/3753 996/70/3754 995/69/3755 62/626/3756
f 57/646/3757 997/65/3758 996/70/3759 244/641/3760
f 241/643/3761 998/66/3762 997/65/3763 57/646/3764
f 999/325/3765 998/66/3766 241/643/3767 58/613/3768
f 1000/610/3769 999/325/3770 58/613/3771 527/616/3772
f 1001/121/3773 1000/610/3774 527/616/3775 65/619/3776
f 229/632/3777 1002/122/3778 1001/121/3779 65/619/3780
f 102/640/3781 1003/311/3782 1002/122/3783 229/632/3784
f 237/639/3785 1004/73/3786 1003/311/3787 102/640/3788
f 1245/650/3789 1246/74/3790 1004/73/3791 237/639/3792
f 683/1639/3793 1006/1585/3794 1005/904/3795 66/895/3796
f 801/947/3797 1007/950/3798 1006/905/3799 683/898/3800
f 710/1054/3801 1008/1055/3802 1007/950/3803 801/947/3804
f 805/960/3805 1010/958/3806 1009/1059/3807 718/1060/3808
f 694/1584/3809 1011/1583/3810 1010/958/3811 805/960/3812
f 1012/917/3813 1011/916/3814 694/920/3815 63/919/3816
f 235/656/3817 1013/153/3818 1250/152/3819 1251/653/3820
f 1014/313/3821 1013/153/3822 235/656/3823 101/666/3824
f 231/678/3825 1015/157/3826 1014/313/3827 101/666/3828
f 1016/158/3829 1015/157/3830 231/678/3831 64/682/3832
f 1017/622/3833 1016/158/3834 64/682/3835 531/681/3836
f 1018/416/3837 1017/622/3838 531/681/3839 59/689/3840
f 243/702/3841 1019/417/3842 1018/416/3843 59/689/3844
f 60/706/3845 1020/418/3846 1019/417/3847 243/702/3848
f 246/703/3849 1021/419/3850 1020/418/3851 60/706/3852
f 1022/420/3853 1021/419/3854 246/703/3855 61/691/3856
f 530/684/3857 1023/620/3858 1022/420/3859 61/691/3860
f 69/687/3861 1024/426/3862 1023/620/3863 530/684/3864
f 234/679/3865 1025/427/3866 1024/426/3867 69/687/3868
f 103/670/3869 1026/428/3870 1025/427/3871 234/679/3872
f 238/669/3873 1027/429/3874 1026/428/3875 103/670/3876
f 70/660/3877 1028/431/3878 1300/430/3879 1301/657/3880
f 695/1634/3881 1029/1581/3882 1028/431/3883 70/660/3884
f 1030/959/3885 1029/918/3886 695/923/3887 839/963/3888
f 1031/1095/3889 1030/959/3890 839/963/3891 719/1094/3892
f 1033/969/3893 1032/1093/3894 719/1094/3895 837/965/3896
f 1034/1579/3897 1033/969/3898 837/965/3899 699/1580/3900
f 1035/347/3901 1034/933/3902 699/927/3903 76/664/3904
f 1303/663/3905 1304/348/3906 1035/347/3907 76/664/3908
f 108/672/3909 1037/85/3910 1036/131/3911 270/673/3912
f 262/677/3913 1038/86/3914 1037/85/3915 108/672/3916
f 1039/340/3917 1038/86/3918 262/677/3919 77/695/3920
f 567/694/3921 1040/710/3922 1039/340/3923 77/695/3924
f 1041/93/3925 1040/710/3926 567/694/3927 84/697/3928
f 256/700/3929 1042/94/3930 1041/93/3931 84/697/3932
f 79/704/3933 1043/89/3934 1042/94/3935 256/700/3936
f 253/698/3937 1044/90/3938 1043/89/3939 79/704/3940
f 1045/333/3941 1044/90/3942 253/698/3943 80/696/3944
f 566/693/3945 1046/707/3946 1045/333/3947 80/696/3948
f 1047/471/3949 1046/707/3950 566/693/3951 72/692/3952
f 259/675/3953 1048/472/3954 1047/471/3955 72/692/3956
f 106/671/3957 1049/473/3958 1048/472/3959 259/675/3960
f 267/662/3961 1050/474/3962 1049/473/3963 106/671/3964
f 1253/661/3965 1254/475/3966 1050/474/3967 267/662/3968
f 698/1631/3969 1052/1577/3970 1051/928/3971 73/926/3972
f 807/964/3973 1053/966/3974 1052/929/3975 698/925/3976
f 718/1060/3977 1054/1061/3978 1053/966/3979 807/964/3980
f 1055/1157/3981 961/1153/3982 948/1139/3983 950/1142/3984
f 962/1154/3985 1056/1158/3986 953/1143/3987 949/1140/3988
f 950/1142/3989 951/1141/3990 1057/1159/3991 1055/1157/3992
f 952/1144/3993 953/1143/3994 1056/1158/3995 1058/1160/3996
f 951/1141/3997 954/1145/3998 1059/1161/3999 1057/1159/4000
f 955/1146/4001 952/1144/4002 1058/1160/4003 1060/1162/4004
f 954/1145/4005 956/1147/4006 1061/1163/4007 1059/1161/4008
f 957/1148/4009 955/1146/4010 1060/1162/4011 1062/1164/4012
f 1063/1165/4013 1061/1163/4014 956/1147/4015 958/1149/4016
f 1062/1164/4017 1063/1165/4018 958/1149/4019 957/1148/4020
f 1065/1166/4021 1534/1167/4022 1535/1817/4023 1064/1169/4024
f 1553/1170/4025 1554/1171/4026 1066/1172/4027 1067/1173/4028
f 1068/1174/4029 1533/1175/4030 1534/1167/4031 1065/1166/4032
f 1554/1171/4033 1555/1176/4034 1069/1177/4035 1066/1172/4036
f 1068/1174/4037 1070/1178/4038 1532/1179/4039 1533/1175/4040
f 1071/1180/4041 1069/1177/4042 1555/1176/4043 1556/1181/4044
f 1072/1182/4045 1214/1183/4046 1536/1184/4047 1537/1185/4048
f 1067/1819/4049 1264/1186/4050 1552/1187/4051 1553/1820/4052
f 1537/1185/4053 1538/1188/4054 1074/1189/4055 1072/1182/4056
f 1550/1190/4057 1551/1191/4058 1073/1192/4059 1075/1193/4060
f 1538/1188/4061 1539/1194/4062 1076/1195/4063 1074/1189/4064
f 1549/1196/4065 1550/1190/4066 1075/1193/4067 1077/1197/4068
f 1079/1198/4069 1078/1199/4070 1540/1200/4071 1541/1201/4072
f 1081/1202/4073 1080/1203/4074 1547/1204/4075 1548/1205/4076
f 1078/1199/4077 1076/1195/4078 1539/1194/4079 1540/1200/4080
f 1077/1197/4081 1081/1202/4082 1548/1205/4083 1549/1196/4084
f 1082/1206/4085 1079/1198/4086 1541/1201/4087 1542/1207/4088
f 1080/1203/4089 1083/1208/4090 1546/1209/4091 1547/1204/4092
f 1542/1207/4093 1543/1210/4094 1084/1211/4095 1082/1206/4096
f 1545/1212/4097 1546/1209/4098 1083/1208/4099 1085/1213/4100
f 1086/1214/4101 1084/1211/4102 1543/1210/4103 1544/1215/4104
f 1085/1213/4105 1086/1214/4106 1544/1215/4107 1545/1212/4108
f 1531/1216/4109 1532/1179/4110 1070/1178/4111 1087/1217/4112
f 1556/1181/4113 1557/1218/4114 1088/1219/4115 1071/1180/4116
f 1087/1217/4117 1089/1220/4118 1530/1221/4119 1531/1216/4120
f 1090/1222/4121 1088/1219/4122 1557/1218/4123 1558/1223/4124
f 1089/1220/4125 1091/1224/4126 1529/1225/4127 1530/1221/4128
f 1092/1226/4129 1090/1222/4130 1558/1223/4131 1559/1227/4132
f 1091/1224/4133 1093/1228/4134 1528/1229/4135 1529/1225/4136
f 1094/1230/4137 1092/1226/4138 1559/1227/4139 1560/1231/4140
f 1093/1228/4141 579/1036/4142 651/1035/4143 1528/1229/4144
f 1094/1230/4145 1560/1231/4146 652/1119/4147 582/1118/4148
f 1093/1228/4149 1519/1232/4150 580/1037/4151 579/1036/4152
f 1094/1230/4153 582/1118/4154 581/1117/4155 1512/1233/4156
f 1519/1232/4157 1520/1234/4158 918/1038/4159 580/1037/4160
f 1096/1235/4161 1094/1230/4162 1512/1233/4163 1513/1236/4164
f 1520/1234/4165 1521/1237/4166 583/1039/4167 918/1038/4168
f 1098/1238/4169 1096/1235/4170 1513/1236/4171 1514/1239/4172
f 1521/1237/4173 1522/1240/4174 585/1040/4175 583/1039/4176
f 1100/1241/4177 1098/1238/4178 1514/1239/4179 1515/1242/4180
f 1522/1240/4181 1523/1243/4182 587/1041/4183 585/1040/4184
f 1102/1244/4185 1100/1241/4186 1515/1242/4187 1516/1245/4188
f 1523/1243/4189 1524/1246/4190 919/1042/4191 587/1041/4192
f 1104/1247/4193 1102/1244/4194 1516/1245/4195 1517/1248/4196
f 589/1043/4197 919/1042/4198 1524/1246/4199 1525/1249/4200
f 1517/1248/4201 1518/1250/4202 1106/1251/4203 1104/1247/4204
f 595/1046/4205 593/1045/4206 1435/1252/4207 1436/1253/4208
f 594/1109/4209 596/1108/4210 1510/1254/4211 1511/1255/4212
f 597/1047/4213 595/1046/4214 1436/1253/4215 1437/1256/4216
f 596/1108/4217 598/1107/4218 1509/1257/4219 1510/1254/4220
f 599/1048/4221 597/1047/4222 1437/1256/4223 1438/1258/4224
f 598/1107/4225 600/1106/4226 1508/1259/4227 1509/1257/4228
f 1438/1258/4229 1439/1260/4230 963/1049/4231 599/1048/4232
f 1507/1261/4233 1508/1259/4234 600/1106/4235 985/1105/4236
f 1439/1260/4237 1440/1262/4238 603/1155/4239 963/1049/4240
f 1506/1263/4241 1507/1261/4242 985/1105/4243 604/1156/4244
f 793/775/4245 603/1155/4246 1117/1264/4247 794/770/4248
f 604/1156/4249 851/803/4250 850/802/4251 1118/1265/4252
f 1117/1264/4253 1119/1266/4254 1120/1267/4255 794/770/4256
f 1122/1268/4257 1118/1265/4258 850/802/4259 1121/1269/4260
f 1120/1267/4261 1123/1270/4262 1124/1271/4263 794/770/4264
f 1126/1272/4265 1121/1269/4266 850/802/4267 1125/1273/4268
f 601/1050/4269 795/771/4270 794/770/4271 1124/1271/4272
f 849/801/4273 602/1104/4274 1125/1273/4275 850/802/4276
f 1440/1262/4277 1441/1274/4278 1117/1264/4279 603/1155/4280
f 1118/1265/4281 1505/1275/4282 1506/1263/4283 604/1156/4284
f 1441/1274/4285 1442/1276/4286 1119/1266/4287 1117/1264/4288
f 1122/1268/4289 1504/1277/4290 1505/1275/4291 1118/1265/4292
f 1442/1276/4293 1443/1278/4294 1120/1267/4295 1119/1266/4296
f 1121/1269/4297 1503/1279/4298 1504/1277/4299 1122/1268/4300
f 1443/1278/4301 1444/1280/4302 1123/1270/4303 1120/1267/4304
f 1126/1272/4305 1502/1281/4306 1503/1279/4307 1121/1269/4308
f 1444/1280/4309 1445/1282/4310 1124/1271/4311 1123/1270/4312
f 1125/1273/4313 1501/1283/4314 1502/1281/4315 1126/1272/4316
f 1445/1282/4317 1446/1284/4318 601/1050/4319 1124/1271/4320
f 602/1104/4321 1500/1285/4322 1501/1283/4323 1125/1273/4324
f 1446/1284/4325 1447/1286/4326 605/1051/4327 601/1050/4328
f 1499/1287/4329 1500/1285/4330 602/1104/4331 606/1103/4332
f 1447/1286/4333 1448/1288/4334 706/1052/4335 605/1051/4336
f 1498/1289/4337 1499/1287/4338 606/1103/4339 707/1102/4340
f 1448/1288/4341 1449/1290/4342 708/1053/4343 706/1052/4344
f 1497/1291/4345 1498/1289/4346 707/1102/4347 709/1101/4348
f 1449/1290/4349 1450/1292/4350 710/1054/4351 708/1053/4352
f 1496/1293/4353 1497/1291/4354 709/1101/4355 711/1100/4356
f 1450/1292/4357 1451/1294/4358 1008/1055/4359 710/1054/4360
f 1495/1295/4361 1496/1293/4362 711/1100/4363 986/1099/4364
f 1451/1294/4365 1452/1296/4366 712/1056/4367 1008/1055/4368
f 1494/1297/4369 1495/1295/4370 986/1099/4371 713/1098/4372
f 1452/1296/4373 1453/1298/4374 714/1057/4375 712/1056/4376
f 1493/1299/4377 1494/1297/4378 713/1098/4379 715/1097/4380
f 1453/1298/4381 1454/1300/4382 716/1058/4383 714/1057/4384
f 1492/1301/4385 1493/1299/4386 715/1097/4387 717/1096/4388
f 1454/1300/4389 1455/1302/4390 1009/1059/4391 716/1058/4392
f 1491/1303/4393 1492/1301/4394 717/1096/4395 1031/1095/4396
f 1455/1302/4397 1456/1304/4398 718/1060/4399 1009/1059/4400
f 1490/1305/4401 1491/1303/4402 1031/1095/4403 719/1094/4404
f 1456/1304/4405 1457/1306/4406 1054/1061/4407 718/1060/4408
f 1489/1307/4409 1490/1305/4410 719/1094/4411 1032/1093/4412
f 1457/1306/4413 1458/1308/4414 720/1062/4415 1054/1061/4416
f 1488/1309/4417 1489/1307/4418 1032/1093/4419 721/1092/4420
f 1458/1308/4421 1459/1310/4422 722/1063/4423 720/1062/4424
f 1487/1311/4425 1488/1309/4426 721/1092/4427 723/1091/4428
f 1459/1310/4429 1460/1312/4430 724/1064/4431 722/1063/4432
f 1486/1313/4433 1487/1311/4434 723/1091/4435 725/1090/4436
f 1460/1312/4437 1461/1314/4438 774/1065/4439 724/1064/4440
f 1485/1315/4441 1486/1313/4442 725/1090/4443 775/1089/4444
f 1461/1314/4445 1462/1316/4446 770/1066/4447 774/1065/4448
f 771/1088/4449 1484/1317/4450 1485/1315/4451 775/1089/4452
f 770/1066/4453 1462/1316/4454 1463/1823/4455 764/1067/4456
f 1483/1319/4457 1484/1317/4458 771/1088/4459 765/1828/4460
f 1463/1318/4461 1464/1320/4462 730/1068/4463 764/1824/4464
f 731/1086/4465 1482/1321/4466 1483/1821/4467 765/1087/4468
f 1261/1069/4469 1465/1322/4470 1466/1323/4471 745/1070/4472
f 1311/1085/4473 1481/1324/4474 1482/1321/4475 731/1086/4476
f 1466/1323/4477 1467/1325/4478 747/1071/4479 745/1070/4480
f 1479/1326/4481 1480/1327/4482 746/1084/4483 748/1083/4484
f 1467/1325/4485 1468/1328/4486 749/1072/4487 747/1071/4488
f 1478/1329/4489 1479/1326/4490 748/1083/4491 750/1082/4492
f 751/1073/4493 749/1072/4494 1468/1328/4495 1469/1330/4496
f 750/1082/4497 752/1081/4498 1477/1331/4499 1478/1329/4500
f 1469/1330/4501 1470/1332/4502 753/1074/4503 751/1073/4504
f 1476/1333/4505 1477/1331/4506 752/1081/4507 754/1080/4508
f 1470/1332/4509 1471/1334/4510 755/1075/4511 753/1074/4512
f 1475/1335/4513 1476/1333/4514 754/1080/4515 756/1079/4516
f 1471/1334/4517 1472/1336/4518 757/1076/4519 755/1075/4520
f 1474/1337/4521 1475/1335/4522 756/1079/4523 758/1078/4524
f 1472/1336/4525 1473/1338/4526 759/1077/4527 757/1076/4528
f 1473/1338/4529 1474/1337/4530 758/1078/4531 759/1077/4532
f 1065/1166/4533 1190/1339/4534 1191/1780/4535 1068/1174/4536
f 1193/1792/4537 1066/1172/4538 1069/1177/4539 1192/1342/4540
f 1064/1169/4541 1194/1811/4542 1190/1339/4543 1065/1166/4544
f 1195/1791/4545 1067/1173/4546 1066/1172/4547 1193/1792/4548
f 1196/1790/4549 1213/1346/4550 1214/1183/4551 1072/1182/4552
f 1195/1810/4553 1263/1347/4554 1264/1186/4555 1067/1819/4556
f 1072/1182/4557 1074/1189/4558 1198/1789/4559 1196/1790/4560
f 1075/1193/4561 1073/1192/4562 1197/1772/4563 1199/1788/4564
f 1074/1189/4565 1076/1195/4566 1200/1787/4567 1198/1789/4568
f 1077/1197/4569 1075/1193/4570 1199/1788/4571 1201/1786/4572
f 1202/1785/4573 1200/1787/4574 1076/1195/4575 1078/1199/4576
f 1201/1786/4577 1203/1784/4578 1081/1202/4579 1077/1197/4580
f 1202/1785/4581 1078/1199/4582 1079/1198/4583
f 1203/1784/4584 1080/1203/4585 1081/1202/4586
f 1202/1785/4587 1079/1198/4588 1082/1206/4589
f 1203/1784/4590 1083/1208/4591 1080/1203/4592
f 1082/1206/4593 1084/1211/4594 1204/1783/4595 1202/1785/4596
f 1085/1213/4597 1083/1208/4598 1203/1784/4599 1205/1781/4600
f 1084/1211/4601 1086/1214/4602 1206/1782/4603 1204/1783/4604
f 1086/1214/4605 1085/1213/4606 1205/1781/4607 1206/1782/4608
f 1191/1780/4609 1207/1778/4610 1070/1178/4611 1068/1174/4612
f 1208/1777/4613 1192/1342/4614 1069/1177/4615 1071/1180/4616
f 1087/1217/4617 1070/1178/4618 1207/1778/4619 1209/1776/4620
f 1071/1180/4621 1088/1219/4622 1210/1775/4623 1208/1777/4624
f 1089/1220/4625 1087/1217/4626 1209/1776/4627 1211/1770/4628
f 1088/1219/4629 1090/1222/4630 1212/1769/4631 1210/1775/4632
f 1214/1183/4633 1213/1346/4634 1194/1774/4635 1064/1818/4636
f 1535/1168/4637 1536/1184/4638 1214/1183/4639 1064/1818/4640
f 1216/1131/4641 1215/1134/4642 871/1128/4643 869/1126/4644
f 1217/1575/4645 1216/1131/4646 869/1126/4647 647/1816/4648
f 1/833/4649 1218/856/4650 1217/855/4651 647/834/4652
f 892/830/4653 1219/360/4654 1218/856/4655 1/833/4656
f 285/827/4657 1220/109/4658 1219/360/4659 892/830/4660
f 154/825/4661 1221/110/4662 1220/109/4663 285/827/4664
f 291/822/4665 1222/227/4666 1221/110/4667 154/825/4668
f 1223/368/4669 1222/227/4670 291/822/4671 2/818/4672
f 465/799/4673 1224/501/4674 1223/368/4675 2/818/4676
f 1225/512/4677 1224/501/4678 465/799/4679 16/798/4680
f 915/797/4681 1226/220/4682 1225/512/4683 16/798/4684
f 321/796/4685 1227/221/4686 1226/220/4687 915/797/4688
f 150/795/4689 1228/381/4690 1227/221/4691 321/796/4692
f 315/794/4693 1229/97/4694 1228/381/4695 150/795/4696
f 922/793/4697 1230/98/4698 1229/97/4699 315/794/4700
f 1231/570/4701 1230/98/4702 922/793/4703 17/792/4704
f 1232/571/4705 1231/570/4706 17/792/4707 505/791/4708
f 1233/193/4709 1232/571/4710 505/791/4711 31/790/4712
f 351/789/4713 1234/194/4714 1233/193/4715 31/790/4716
f 138/788/4717 1235/403/4718 1234/194/4719 351/789/4720
f 345/787/4721 1236/33/4722 1235/403/4723 138/788/4724
f 966/786/4725 1237/34/4726 1236/33/4727 345/787/4728
f 32/785/4729 1238/725/4730 1237/34/4731 966/786/4732
f 1239/182/4733 1238/726/4734 32/1839/4735 51/784/4736
f 406/783/4737 1240/183/4738 1239/182/4739 51/784/4740
f 132/890/4741 1241/447/4742 1240/183/4743 406/783/4744
f 400/893/4745 1242/57/4746 1241/447/4747 132/890/4748
f 52/901/4749 1243/58/4750 1242/57/4751 400/893/4752
f 550/896/4753 1244/647/4754 1243/58/4755 52/901/4756
f 1245/650/4757 1244/647/4758 550/896/4759 66/895/4760
f 66/895/4761 1005/904/4762 1246/74/4763 1245/650/4764
f 1247/75/4765 1246/74/4766 1005/904/4767 381/907/4768
f 1248/425/4769 1247/75/4770 381/907/4771 118/910/4772
f 375/914/4773 1249/151/4774 1248/425/4775 118/910/4776
f 1012/917/4777 1250/152/4778 1249/151/4779 375/914/4780
f 1251/653/4781 1250/152/4782 1012/917/4783 63/919/4784
f 553/922/4785 1252/654/4786 1251/653/4787 63/919/4788
f 1253/661/4789 1252/654/4790 553/922/4791 73/926/4792
f 1051/928/4793 1254/475/4794 1253/661/4795 73/926/4796
f 440/931/4797 1255/143/4798 1254/475/4799 1051/928/4800
f 114/935/4801 1256/81/4802 1255/143/4803 440/931/4804
f 446/938/4805 1257/82/4806 1256/81/4807 114/935/4808
f 74/1013/4809 1258/476/4810 1257/82/4811 446/938/4812
f 1259/1573/4813 1258/476/4814 74/1013/4815 726/1613/4816
f 814/1017/4817 1260/992/4818 1259/974/4819 726/1012/4820
f 730/1068/4821 1261/1069/4822 1260/992/4823 814/1017/4824
f 1464/1320/4825 1465/1322/4826 1261/1069/4827 730/1068/4828
f 1264/1186/4829 1263/1347/4830 1197/1772/4831 1073/1192/4832
f 1551/1191/4833 1552/1187/4834 1264/1186/4835 1073/1192/4836
f 1266/1132/4837 1265/1135/4838 945/1151/4839 943/1137/4840
f 1267/1571/4841 1266/1132/4842 943/1137/4843 664/1572/4844
f 180/866/4845 1268/860/4846 1267/859/4847 664/863/4848
f 180/866/4849 877/231/4850 1269/261/4851 1268/860/4852
f 1270/262/4853 1269/261/4854 877/231/4855 289/234/4856
f 1271/365/4857 1270/262/4858 289/234/4859 179/364/4860
f 1272/257/4861 1271/365/4862 179/364/4863 297/6/4864
f 1273/258/4865 1272/257/4866 297/6/4867 178/5/4868
f 460/496/4869 1274/499/4870 1273/258/4871 178/5/4872
f 1275/510/4873 1274/499/4874 460/496/4875 186/508/4876
f 186/508/4877 900/390/4878 1276/389/4879 1275/510/4880
f 1277/273/4881 1276/389/4882 900/390/4883 327/21/4884
f 1278/269/4885 1277/273/4886 327/21/4887 185/24/4888
f 1279/270/4889 1278/269/4890 185/24/4891 319/226/4892
f 1280/386/4893 1279/270/4894 319/226/4895 937/385/4896
f 1281/566/4897 1280/386/4898 937/385/4899 184/573/4900
f 1282/567/4901 1281/566/4902 184/573/4903 503/574/4904
f 1283/410/4905 1282/567/4906 503/574/4907 210/413/4908
f 210/413/4909 357/107/4910 1284/294/4911 1283/410/4912
f 1285/290/4913 1284/294/4914 357/107/4915 209/108/4916
f 1286/291/4917 1285/290/4918 209/108/4919 349/199/4920
f 1287/408/4921 1286/291/4922 349/199/4923 981/407/4924
f 1288/722/4925 1287/408/4926 981/407/4927 208/728/4928
f 1289/454/4929 1288/723/4930 208/1842/4931 222/457/4932
f 222/457/4933 412/119/4934 1290/307/4935 1289/454/4936
f 1291/303/4937 1290/307/4938 412/119/4939 221/120/4940
f 1292/304/4941 1291/303/4942 221/120/4943 404/188/4944
f 1293/452/4945 1292/304/4946 404/188/4947 220/451/4948
f 544/633/4949 1294/648/4950 1293/452/4951 220/451/4952
f 1295/651/4953 1294/648/4954 544/633/4955 240/636/4956
f 240/636/4957 990/434/4958 1296/433/4959 1295/651/4960
f 1297/323/4961 1296/433/4962 990/434/4963 387/159/4964
f 1298/318/4965 1297/323/4966 387/159/4967 239/126/4968
f 379/125/4969 1299/319/4970 1298/318/4971 239/126/4972
f 1027/429/4973 1300/430/4974 1299/319/4975 379/125/4976
f 1301/657/4977 1300/430/4978 1027/429/4979 238/669/4980
f 555/668/4981 1302/658/4982 1301/657/4983 238/669/4984
f 1303/663/4985 1302/658/4986 555/668/4987 270/673/4988
f 270/673/4989 1036/131/4990 1304/348/4991 1303/663/4992
f 1305/349/4993 1304/348/4994 1036/131/4995 434/132/4996
f 1306/469/4997 1305/349/4998 434/132/4999 269/468/5000
f 1307/344/5001 1306/469/5002 269/468/5003 442/150/5004
f 1308/345/5005 1307/344/5006 442/150/5007 268/149/5008
f 1309/1569/5009 1308/345/5010 268/149/5011 728/1627/5012
f 829/998/5013 1310/994/5014 1309/976/5015 728/980/5016
f 746/1084/5017 1311/1085/5018 1310/994/5019 829/998/5020
f 1480/1327/5021 1481/1324/5022 1311/1085/5023 746/1084/5024
f 1211/1770/5025 1313/1768/5026 1091/1224/5027 1089/1220/5028
f 1314/1767/5029 1212/1769/5030 1090/1222/5031 1092/1226/5032
f 1313/1768/5033 1315/1766/5034 1093/1228/5035 1091/1224/5036
f 1316/1765/5037 1314/1767/5038 1092/1226/5039 1094/1230/5040
f 1315/1766/5041 1317/1764/5042 1095/1369/5043 1093/1228/5044
f 1318/1763/5045 1316/1765/5046 1094/1230/5047 1096/1235/5048
f 1097/1371/5049 1095/1369/5050 1317/1764/5051 1319/1762/5052
f 1096/1235/5053 1098/1238/5054 1320/1761/5055 1318/1763/5056
f 1319/1762/5057 1321/1760/5058 1099/1375/5059 1097/1371/5060
f 1322/1759/5061 1320/1761/5062 1098/1238/5063 1100/1241/5064
f 1101/1377/5065 1099/1375/5066 1321/1760/5067 1323/1758/5068
f 1100/1241/5069 1102/1244/5070 1324/1757/5071 1322/1759/5072
f 1323/1758/5073 1325/1756/5074 1103/1381/5075 1101/1377/5076
f 1326/1755/5077 1324/1757/5078 1102/1244/5079 1104/1247/5080
f 1105/1383/5081 1103/1381/5082 1325/1756/5083 1327/1754/5084
f 1104/1247/5085 1106/1251/5086 1328/1753/5087 1326/1755/5088
f 1107/1386/5089 1105/1383/5090 1327/1754/5091 1329/1752/5092
f 1106/1251/5093 1108/1388/5094 1330/1751/5095 1328/1753/5096
f 1329/1752/5097 1331/1750/5098 1109/1391/5099 1107/1386/5100
f 1332/1749/5101 1330/1751/5102 1108/1388/5103 1110/1393/5104
f 1331/1750/5105 1333/1748/5106 1111/1395/5107 1109/1391/5108
f 1334/1747/5109 1332/1749/5110 1110/1393/5111 1112/1397/5112
f 1113/1398/5113 1111/1395/5114 1333/1748/5115 1335/1746/5116
f 1112/1397/5117 1114/1400/5118 1336/1745/5119 1334/1747/5120
f 1115/1402/5121 1113/1398/5122 1335/1746/5123 1337/1744/5124
f 1114/1400/5125 1116/1404/5126 1338/1743/5127 1336/1745/5128
f 1337/1744/5129 1339/1742/5130 1127/1407/5131 1115/1402/5132
f 1340/1741/5133 1338/1743/5134 1116/1404/5135 1128/1409/5136
f 1339/1742/5137 1341/1740/5138 1129/1411/5139 1127/1407/5140
f 1342/1739/5141 1340/1741/5142 1128/1409/5143 1130/1413/5144
f 1131/1414/5145 1129/1411/5146 1341/1740/5147 1343/1738/5148
f 1130/1413/5149 1132/1416/5150 1344/1737/5151 1342/1739/5152
f 1133/1418/5153 1131/1414/5154 1343/1738/5155 1345/1736/5156
f 1132/1416/5157 1134/1420/5158 1346/1735/5159 1344/1737/5160
f 1135/1422/5161 1133/1418/5162 1345/1736/5163 1347/1734/5164
f 1134/1420/5165 1136/1424/5166 1348/1733/5167 1346/1735/5168
f 1137/1426/5169 1135/1422/5170 1347/1734/5171 1349/1732/5172
f 1136/1424/5173 1138/1428/5174 1350/1731/5175 1348/1733/5176
f 1349/1732/5177 1351/1730/5178 1139/1431/5179 1137/1426/5180
f 1352/1729/5181 1350/1731/5182 1138/1428/5183 1140/1433/5184
f 1351/1730/5185 1353/1728/5186 1141/1435/5187 1139/1431/5188
f 1354/1727/5189 1352/1729/5190 1140/1433/5191 1142/1437/5192
f 1353/1728/5193 1355/1726/5194 1143/1439/5195 1141/1435/5196
f 1356/1725/5197 1354/1727/5198 1142/1437/5199 1144/1441/5200
f 1355/1726/5201 1357/1724/5202 1145/1443/5203 1143/1439/5204
f 1358/1723/5205 1356/1725/5206 1144/1441/5207 1146/1445/5208
f 1147/1446/5209 1145/1443/5210 1357/1724/5211 1359/1722/5212
f 1146/1445/5213 1148/1448/5214 1360/1721/5215 1358/1723/5216
f 1149/1450/5217 1147/1446/5218 1359/1722/5219 1361/1720/5220
f 1148/1448/5221 1150/1452/5222 1362/1719/5223 1360/1721/5224
f 1361/1720/5225 1363/1718/5226 1151/1455/5227 1149/1450/5228
f 1364/1717/5229 1362/1719/5230 1150/1452/5231 1152/1457/5232
f 1363/1718/5233 1365/1716/5234 1153/1459/5235 1151/1455/5236
f 1366/1715/5237 1364/1717/5238 1152/1457/5239 1154/1461/5240
f 1365/1716/5241 1367/1714/5242 1155/1463/5243 1153/1459/5244
f 1368/1713/5245 1366/1715/5246 1154/1461/5247 1156/1465/5248
f 1367/1714/5249 1369/1712/5250 1157/1467/5251 1155/1463/5252
f 1370/1711/5253 1368/1713/5254 1156/1465/5255 1158/1469/5256
f 1369/1712/5257 1371/1710/5258 1159/1471/5259 1157/1467/5260
f 1372/1709/5261 1370/1711/5262 1158/1469/5263 1160/1473/5264
f 1371/1710/5265 1373/1708/5266 1161/1475/5267 1159/1471/5268
f 1374/1707/5269 1372/1709/5270 1160/1473/5271 1162/1477/5272
f 1373/1708/5273 1375/1706/5274 1163/1479/5275 1161/1475/5276
f 1376/1705/5277 1374/1707/5278 1162/1477/5279 1164/1481/5280
f 1375/1706/5281 1377/1704/5282 1165/1483/5283 1163/1479/5284
f 1378/1703/5285 1376/1705/5286 1164/1481/5287 1166/1485/5288
f 1377/1704/5289 1379/1702/5290 1167/1487/5291 1165/1483/5292
f 1380/1488/5293 1378/1703/5294 1166/1485/5295 1168/1489/5296
f 1381/1700/5297 1169/1491/5298 1167/1487/5299 1379/1702/5300
f 1170/1492/5301 1382/1493/5302 1380/1488/5303 1168/1489/5304
f 1383/1698/5305 1171/1495/5306 1169/1491/5307 1381/1700/5308
f 1172/1496/5309 1384/1825/5310 1382/1493/5311 1170/1492/5312
f 1385/1808/5313 1173/1499/5314 1171/1827/5315 1383/1826/5316
f 1174/1500/5317 1386/1501/5318 1384/1697/5319 1172/1822/5320
f 1385/1808/5321 1387/1806/5322 1262/1503/5323 1173/1499/5324
f 1388/1805/5325 1386/1501/5326 1174/1500/5327 1312/1505/5328
f 1387/1806/5329 1389/1804/5330 1175/1507/5331 1262/1503/5332
f 1390/1508/5333 1388/1805/5334 1312/1505/5335 1176/1509/5336
f 1389/1804/5337 1391/1802/5338 1177/1511/5339 1175/1507/5340
f 1392/1801/5341 1390/1508/5342 1176/1509/5343 1178/1513/5344
f 1391/1802/5345 1393/1800/5346 1179/1515/5347 1177/1511/5348
f 1394/1516/5349 1392/1801/5350 1178/1513/5351 1180/1517/5352
f 1393/1800/5353 1395/1798/5354 1181/1519/5355 1179/1515/5356
f 1396/1797/5357 1394/1516/5358 1180/1517/5359 1182/1521/5360
f 1395/1798/5361 1183/1522/5362 1181/1519/5363
f 1396/1797/5364 1182/1521/5365 1184/1523/5366
f 1395/1798/5367 1185/1524/5368 1183/1522/5369
f 1396/1797/5370 1184/1523/5371 1186/1525/5372
f 1395/1798/5373 1397/1796/5374 1187/1527/5375 1185/1524/5376
f 1398/1528/5377 1396/1797/5378 1186/1525/5379 1188/1529/5380
f 1397/1796/5381 1399/1794/5382 1189/1531/5383 1187/1527/5384
f 1399/1794/5385 1398/1528/5386 1188/1529/5387 1189/1531/5388
f 1213/1773/5389 1196/1345/5390 1207/1358/5391 1194/1343/5392
f 1197/1349/5393 1263/1771/5394 1195/1344/5395 1208/1359/5396
f 1191/1340/5397 1190/1793/5398 1194/1343/5399 1207/1358/5400
f 1193/1341/5401 1192/1779/5402 1208/1359/5403 1195/1344/5404
f 1207/1358/5405 1196/1345/5406 1198/1348/5407
f 1208/1359/5408 1199/1350/5409 1197/1349/5410
f 1207/1358/5411 1198/1348/5412 1200/1351/5413
f 1208/1359/5414 1201/1352/5415 1199/1350/5416
f 1206/1357/5417 1400/1532/5418 1204/1355/5419
f 1400/1532/5420 1206/1357/5421 1205/1356/5422
f 1401/1533/5423 1209/1360/5424 1207/1358/5425 1400/1532/5426
f 1210/1361/5427 1401/1533/5428 1400/1532/5429 1208/1359/5430
f 1402/1534/5431 1211/1362/5432 1209/1360/5433 1401/1533/5434
f 1212/1363/5435 1402/1534/5436 1401/1533/5437 1210/1361/5438
f 1403/1535/5439 1313/1364/5440 1211/1362/5441 1402/1534/5442
f 1314/1365/5443 1403/1535/5444 1402/1534/5445 1212/1363/5446
f 1404/1536/5447 1315/1366/5448 1313/1364/5449 1403/1535/5450
f 1316/1367/5451 1404/1536/5452 1403/1535/5453 1314/1365/5454
f 1405/1537/5455 1317/1368/5456 1315/1366/5457 1404/1536/5458
f 1318/1370/5459 1405/1537/5460 1404/1536/5461 1316/1367/5462
f 1406/1538/5463 1319/1372/5464 1317/1368/5465 1405/1537/5466
f 1320/1373/5467 1406/1538/5468 1405/1537/5469 1318/1370/5470
f 1407/1539/5471 1321/1374/5472 1319/1372/5473 1406/1538/5474
f 1322/1376/5475 1407/1539/5476 1406/1538/5477 1320/1373/5478
f 1408/1540/5479 1323/1378/5480 1321/1374/5481 1407/1539/5482
f 1324/1379/5483 1408/1540/5484 1407/1539/5485 1322/1376/5486
f 1326/1382/5487 1409/1541/5488 1408/1540/5489 1324/1379/5490
f 1409/1541/5491 1325/1380/5492 1323/1378/5493 1408/1540/5494
f 1328/1385/5495 1409/1541/5496 1326/1382/5497
f 1409/1541/5498 1327/1384/5499 1325/1380/5500
f 1208/1359/5501 1400/1532/5502 1203/1354/5503 1201/1352/5504
f 1400/1532/5505 1207/1358/5506 1200/1351/5507 1202/1353/5508
f 1205/1356/5509 1203/1354/5510 1400/1532/5511
f 1202/1353/5512 1204/1355/5513 1400/1532/5514
f 1330/1389/5515 1410/1542/5516 1409/1541/5517 1328/1385/5518
f 1410/1542/5519 1329/1387/5520 1327/1384/5521 1409/1541/5522
f 1332/1392/5523 1411/1543/5524 1410/1542/5525 1330/1389/5526
f 1411/1543/5527 1331/1390/5528 1329/1387/5529 1410/1542/5530
f 1334/1396/5531 1412/1544/5532 1411/1543/5533 1332/1392/5534
f 1412/1544/5535 1333/1394/5536 1331/1390/5537 1411/1543/5538
f 1336/1401/5539 1413/1545/5540 1412/1544/5541 1334/1396/5542
f 1413/1545/5543 1335/1399/5544 1333/1394/5545 1412/1544/5546
f 1338/1405/5547 1414/1546/5548 1413/1545/5549 1336/1401/5550
f 1414/1546/5551 1337/1403/5552 1335/1399/5553 1413/1545/5554
f 1340/1408/5555 1415/1547/5556 1414/1546/5557 1338/1405/5558
f 1415/1547/5559 1339/1406/5560 1337/1403/5561 1414/1546/5562
f 1342/1412/5563 1416/1548/5564 1415/1547/5565 1340/1408/5566
f 1416/1548/5567 1341/1410/5568 1339/1406/5569 1415/1547/5570
f 1344/1835/5571 1417/1833/5572 1416/1548/5573 1342/1412/5574
f 1417/1833/5575 1343/1415/5576 1341/1410/5577 1416/1548/5578
f 1346/1421/5579 1418/1550/5580 1417/1549/5581 1344/1417/5582
f 1418/1550/5583 1345/1419/5584 1343/1834/5585 1417/1549/5586
f 1348/1425/5587 1419/1551/5588 1418/1550/5589 1346/1421/5590
f 1419/1551/5591 1347/1423/5592 1345/1419/5593 1418/1550/5594
f 1350/1429/5595 1420/1552/5596 1419/1551/5597 1348/1425/5598
f 1420/1552/5599 1349/1427/5600 1347/1423/5601 1419/1551/5602
f 1352/1432/5603 1421/1553/5604 1420/1552/5605 1350/1429/5606
f 1421/1553/5607 1351/1430/5608 1349/1427/5609 1420/1552/5610
f 1354/1436/5611 1422/1554/5612 1421/1553/5613 1352/1432/5614
f 1422/1554/5615 1353/1434/5616 1351/1430/5617 1421/1553/5618
f 1356/1440/5619 1423/1555/5620 1422/1554/5621 1354/1436/5622
f 1423/1555/5623 1355/1438/5624 1353/1434/5625 1422/1554/5626
f 1358/1444/5627 1424/1556/5628 1423/1555/5629 1356/1440/5630
f 1424/1556/5631 1357/1442/5632 1355/1438/5633 1423/1555/5634
f 1360/1449/5635 1425/1557/5636 1424/1556/5637 1358/1444/5638
f 1425/1557/5639 1359/1447/5640 1357/1442/5641 1424/1556/5642
f 1362/1453/5643 1426/1558/5644 1425/1557/5645 1360/1449/5646
f 1426/1558/5647 1361/1451/5648 1359/1447/5649 1425/1557/5650
f 1364/1456/5651 1427/1559/5652 1426/1558/5653 1362/1453/5654
f 1427/1559/5655 1363/1454/5656 1361/1451/5657 1426/1558/5658
f 1366/1460/5659 1428/1560/5660 1427/1559/5661 1364/1456/5662
f 1428/1560/5663 1365/1458/5664 1363/1454/5665 1427/1559/5666
f 1368/1464/5667 1429/1561/5668 1428/1560/5669 1366/1460/5670
f 1429/1561/5671 1367/1462/5672 1365/1458/5673 1428/1560/5674
f 1370/1468/5675 1430/1562/5676 1429/1561/5677 1368/1464/5678
f 1430/1562/5679 1369/1466/5680 1367/1462/5681 1429/1561/5682
f 1370/1468/5683 1372/1472/5684 1431/1563/5685 1430/1562/5686
f 1371/1470/5687 1369/1466/5688 1430/1562/5689 1431/1563/5690
f 1374/1476/5691 1432/1564/5692 1431/1563/5693 1372/1472/5694
f 1432/1564/5695 1373/1474/5696 1371/1470/5697 1431/1563/5698
f 1376/1480/5699 1433/1565/5700 1432/1564/5701 1374/1476/5702
f 1433/1565/5703 1375/1478/5704 1373/1474/5705 1432/1564/5706
f 1378/1484/5707 1434/1566/5708 1433/1565/5709 1376/1480/5710
f 1434/1566/5711 1377/1482/5712 1375/1478/5713 1433/1565/5714
f 1434/1566/5715 1396/1520/5716 1398/1795/5717 1399/1530/5718
f 1395/1518/5719 1434/1566/5720 1399/1530/5721 1397/1526/5722
f 1394/1799/5723 1396/1520/5724 1434/1566/5725 1392/1512/5726
f 1395/1518/5727 1393/1514/5728 1391/1510/5729 1434/1566/5730
f 1388/1504/5731 1378/1484/5732 1384/1497/5733 1386/1807/5734
f 1377/1482/5735 1387/1502/5736 1385/1498/5737 1383/1494/5738
f 1382/1699/5739 1384/1497/5740 1378/1484/5741 1380/1701/5742
f 1383/1494/5743 1381/1490/5744 1379/1486/5745 1377/1482/5746
f 1388/1504/5747 1390/1803/5748 1392/1512/5749 1378/1484/5750
f 1389/1506/5751 1387/1502/5752 1377/1482/5753 1391/1510/5754
f 1392/1512/5755 1434/1566/5756 1378/1484/5757
f 1434/1566/5758 1391/1510/5759 1377/1482/5760
f 1436/1253/5761 1435/1252/5762 1105/1383/5763 1107/1386/5764
f 1437/1256/5765 1436/1253/5766 1107/1386/5767 1109/1391/5768
f 1438/1258/5769 1437/1256/5770 1109/1391/5771 1111/1395/5772
f 1111/1395/5773 1113/1398/5774 1439/1260/5775 1438/1258/5776
f 1113/1398/5777 1115/1402/5778 1440/1262/5779 1439/1260/5780
f 1127/1407/5781 1441/1274/5782 1440/1262/5783 1115/1402/5784
f 1129/1411/5785 1442/1276/5786 1441/1274/5787 1127/1407/5788
f 1131/1414/5789 1443/1278/5790 1442/1276/5791 1129/1411/5792
f 1133/1418/5793 1444/1280/5794 1443/1278/5795 1131/1414/5796
f 1135/1422/5797 1445/1282/5798 1444/1280/5799 1133/1418/5800
f 1137/1426/5801 1446/1284/5802 1445/1282/5803 1135/1422/5804
f 1137/1426/5805 1139/1431/5806 1447/1286/5807 1446/1284/5808
f 1139/1431/5809 1141/1435/5810 1448/1288/5811 1447/1286/5812
f 1141/1435/5813 1143/1439/5814 1449/1290/5815 1448/1288/5816
f 1143/1439/5817 1145/1443/5818 1450/1292/5819 1449/1290/5820
f 1145/1443/5821 1147/1446/5822 1451/1294/5823 1450/1292/5824
f 1147/1446/5825 1149/1450/5826 1452/1296/5827 1451/1294/5828
f 1149/1450/5829 1151/1455/5830 1453/1298/5831 1452/1296/5832
f 1151/1455/5833 1153/1459/5834 1454/1300/5835 1453/1298/5836
f 1153/1459/5837 1155/1463/5838 1455/1302/5839 1454/1300/5840
f 1155/1463/5841 1157/1467/5842 1456/1304/5843 1455/1302/5844
f 1157/1467/5845 1159/1471/5846 1457/1306/5847 1456/1304/5848
f 1159/1471/5849 1161/1475/5850 1458/1308/5851 1457/1306/5852
f 1161/1475/5853 1163/1479/5854 1459/1310/5855 1458/1308/5856
f 1163/1479/5857 1165/1483/5858 1460/1312/5859 1459/1310/5860
f 1165/1483/5861 1167/1487/5862 1461/1314/5863 1460/1312/5864
f 1169/1491/5865 1462/1316/5866 1461/1314/5867 1167/1487/5868
f 1463/1823/5869 1462/1316/5870 1169/1491/5871 1171/1495/5872
f 1173/1499/5873 1464/1320/5874 1463/1318/5875 1171/1827/5876
f 1173/1499/5877 1262/1503/5878 1465/1322/5879 1464/1320/5880
f 1466/1323/5881 1465/1322/5882 1262/1503/5883 1175/1507/5884
f 1175/1507/5885 1177/1511/5886 1467/1325/5887 1466/1323/5888
f 1177/1511/5889 1179/1515/5890 1468/1328/5891 1467/1325/5892
f 1469/1330/5893 1468/1328/5894 1179/1515/5895 1181/1519/5896
f 1181/1519/5897 1183/1522/5898 1470/1332/5899 1469/1330/5900
f 1183/1522/5901 1185/1524/5902 1471/1334/5903 1470/1332/5904
f 1185/1524/5905 1187/1527/5906 1472/1336/5907 1471/1334/5908
f 1187/1527/5909 1189/1531/5910 1473/1338/5911 1472/1336/5912
f 1189/1531/5913 1188/1529/5914 1474/1337/5915 1473/1338/5916
f 1188/1529/5917 1186/1525/5918 1475/1335/5919 1474/1337/5920
f 1186/1525/5921 1184/1523/5922 1476/1333/5923 1475/1335/5924
f 1184/1523/5925 1182/1521/5926 1477/1331/5927 1476/1333/5928
f 1478/1329/5929 1477/1331/5930 1182/1521/5931 1180/1517/5932
f 1180/1517/5933 1178/1513/5934 1479/1326/5935 1478/1329/5936
f 1178/1513/5937 1176/1509/5938 1480/1327/5939 1479/1326/5940
f 1176/1509/5941 1312/1505/5942 1481/1324/5943 1480/1327/5944
f 1482/1321/5945 1481/1324/5946 1312/1505/5947 1174/1500/5948
f 1483/1821/5949 1482/1321/5950 1174/1500/5951 1172/1822/5952
f 1170/1492/5953 1484/1317/5954 1483/1319/5955 1172/1496/5956
f 1485/1315/5957 1484/1317/5958 1170/1492/5959 1168/1489/5960
f 1168/1489/5961 1166/1485/5962 1486/1313/5963 1485/1315/5964
f 1166/1485/5965 1164/1481/5966 1487/1311/5967 1486/1313/5968
f 1164/1481/5969 1162/1477/5970 1488/1309/5971 1487/1311/5972
f 1162/1477/5973 1160/1473/5974 1489/1307/5975 1488/1309/5976
f 1160/1473/5977 1158/1469/5978 1490/1305/5979 1489/1307/5980
f 1158/1469/5981 1156/1465/5982 1491/1303/5983 1490/1305/5984
f 1156/1465/5985 1154/1461/5986 1492/1301/5987 1491/1303/5988
f 1154/1461/5989 1152/1457/5990 1493/1299/5991 1492/1301/5992
f 1152/1457/5993 1150/1452/5994 1494/1297/5995 1493/1299/5996
f 1150/1452/5997 1148/1448/5998 1495/1295/5999 1494/1297/6000
f 1148/1448/6001 1146/1445/6002 1496/1293/6003 1495/1295/6004
f 1146/1445/6005 1144/1441/6006 1497/1291/6007 1496/1293/6008
f 1144/1441/6009 1142/1437/6010 1498/1289/6011 1497/1291/6012
f 1142/1437/6013 1140/1433/6014 1499/1287/6015 1498/1289/6016
f 1140/1433/6017 1138/1428/6018 1500/1285/6019 1499/1287/6020
f 1501/1283/6021 1500/1285/6022 1138/1428/6023 1136/1424/6024
f 1502/1281/6025 1501/1283/6026 1136/1424/6027 1134/1420/6028
f 1503/1279/6029 1502/1281/6030 1134/1420/6031 1132/1416/6032
f 1504/1277/6033 1503/1279/6034 1132/1416/6035 1130/1413/6036
f 1505/1275/6037 1504/1277/6038 1130/1413/6039 1128/1409/6040
f 1506/1263/6041 1505/1275/6042 1128/1409/6043 1116/1404/6044
f 1116/1404/6045 1114/1400/6046 1507/1261/6047 1506/1263/6048
f 1114/1400/6049 1112/1397/6050 1508/1259/6051 1507/1261/6052
f 1509/1257/6053 1508/1259/6054 1112/1397/6055 1110/1393/6056
f 1510/1254/6057 1509/1257/6058 1110/1393/6059 1108/1388/6060
f 1511/1255/6061 1510/1254/6062 1108/1388/6063 1106/1251/6064
f 1513/1236/6065 1512/1233/6066 581/1117/6067 896/1116/6068
f 1514/1239/6069 1513/1236/6070 896/1116/6071 584/1115/6072
f 1515/1242/6073 1514/1239/6074 584/1115/6075 586/1114/6076
f 1516/1245/6077 1515/1242/6078 586/1114/6079 588/1113/6080
f 1517/1248/6081 1516/1245/6082 588/1113/6083 941/1112/6084
f 941/1112/6085 590/1111/6086 1518/1250/6087 1517/1248/6088
f 1093/1228/6089 1095/1369/6090 1520/1234/6091 1519/1232/6092
f 1095/1369/6093 1097/1371/6094 1521/1237/6095 1520/1234/6096
f 1097/1371/6097 1099/1375/6098 1522/1240/6099 1521/1237/6100
f 1099/1375/6101 1101/1377/6102 1523/1243/6103 1522/1240/6104
f 1101/1377/6105 1103/1381/6106 1524/1246/6107 1523/1243/6108
f 1525/1249/6109 1524/1246/6110 1103/1381/6111 1105/1383/6112
f 1526/1567/6113 1106/1251/6114 1518/1250/6115
f 1527/1568/6116 1525/1249/6117 1105/1383/6118
f 1526/1567/6119 1511/1255/6120 1106/1251/6121
f 1435/1252/6122 1527/1568/6123 1105/1383/6124
f 590/1111/6125 592/1110/6126 1526/1567/6127 1518/1250/6128
f 591/1044/6129 589/1043/6130 1525/1249/6131 1527/1568/6132
f 1511/1255/6133 1526/1567/6134 592/1110/6135 594/1109/6136
f 1527/1568/6137 1435/1252/6138 593/1045/6139 591/1044/6140
f 1529/1225/6141 1528/1229/6142 651/1035/6143 653/1034/6144
f 1530/1221/6145 1529/1225/6146 653/1034/6147 655/1033/6148
f 1531/1216/6149 1530/1221/6150 655/1033/6151 657/1032/6152
f 657/1032/6153 895/1031/6154 1532/1179/6155 1531/1216/6156
f 1533/1175/6157 1532/1179/6158 895/1031/6159 659/1030/6160
f 1534/1167/6161 1533/1175/6162 659/1030/6163 661/1029/6164
f 1535/1817/6165 1534/1167/6166 661/1029/6167 871/1812/6168
f 1215/1134/6169 1536/1184/6170 1535/1168/6171 871/1128/6172
f 1537/1185/6173 1536/1184/6174 1215/1134/6175 944/1133/6176
f 944/1133/6177 959/1150/6178 1538/1188/6179 1537/1185/6180
f 959/1150/6181 961/1153/6182 1539/1194/6183 1538/1188/6184
f 1540/1200/6185 1539/1194/6186 961/1153/6187 1055/1157/6188
f 1541/1201/6189 1540/1200/6190 1055/1157/6191 1057/1159/6192
f 1542/1207/6193 1541/1201/6194 1057/1159/6195 1059/1161/6196
f 1059/1161/6197 1061/1163/6198 1543/1210/6199 1542/1207/6200
f 1544/1215/6201 1543/1210/6202 1061/1163/6203 1063/1165/6204
f 1545/1212/6205 1544/1215/6206 1063/1165/6207 1062/1164/6208
f 1062/1164/6209 1060/1162/6210 1546/1209/6211 1545/1212/6212
f 1547/1204/6213 1546/1209/6214 1060/1162/6215 1058/1160/6216
f 1548/1205/6217 1547/1204/6218 1058/1160/6219 1056/1158/6220
f 1549/1196/6221 1548/1205/6222 1056/1158/6223 962/1154/6224
f 962/1154/6225 960/1152/6226 1550/1190/6227 1549/1196/6228
f 960/1152/6229 945/1151/6230 1551/1191/6231 1550/1190/6232
f 1265/1135/6233 1552/1187/6234 1551/1191/6235 945/1151/6236
f 1553/1820/6237 1552/1187/6238 1265/1135/6239 872/1809/6240
f 662/1125/6241 1554/1171/6242 1553/1170/6243 872/1129/6244
f 660/1124/6245 1555/1176/6246 1554/1171/6247 662/1125/6248
f 1556/1181/6249 1555/1176/6250 660/1124/6251 873/1123/6252
f 873/1123/6253 658/1122/6254 1557/1218/6255 1556/1181/6256
f 1558/1223/6257 1557/1218/6258 658/1122/6259 656/1121/6260
f 1559/1227/6261 1558/1223/6262 656/1121/6263 654/1120/6264
f 1560/1231/6265 1559/1227/6266 654/1120/6267 652/1119/6268
g default
v -13.329642 33.894936 -12.698089
v -13.469361 33.894936 -12.268081
v -13.469360 33.894936 -11.815939
v -13.329643 33.894936 -11.385929
v -13.063882 33.894936 -11.020139
v -12.698092 33.894936 -10.754379
v -12.268084 33.894936 -10.614660
v -11.815943 33.894936 -10.614659
v -10.614664 33.894936 -11.815939
v -10.614664 33.894936 -12.268081
v -10.754383 33.894936 -12.698087
v -11.020145 33.894936 -13.063876
v -11.385935 33.894936 -13.329636
v -11.815943 33.894936 -13.469357
v -12.268083 33.894936 -13.469355
v -12.698092 33.894936 -13.329638
v -13.063882 33.894936 -13.063876
v -16.022953 0.000000 -16.022949
v -13.372604 31.356064 -12.758639
v -13.508433 31.356064 -12.340607
v -13.508432 31.356064 -11.901062
v -13.372603 31.356064 -11.483029
v -13.114244 31.356064 -11.127433
v -12.758646 31.356064 -10.869071
v -12.340612 31.356064 -10.733246
v -11.901066 31.356064 -10.733244
v -11.483032 31.356064 -10.869073
v -11.127438 31.356064 -11.127429
v -10.869076 31.356064 -11.483029
v -10.733250 31.356064 -11.901061
v -10.733249 31.356064 -12.340609
v -10.869076 31.356064 -12.758640
v -11.127435 31.356064 -13.114241
v -11.483035 31.356064 -13.372601
v -11.901068 31.356064 -13.508426
v -12.340613 31.356064 -13.508429
v -12.758646 31.356064 -13.372597
v -13.114244 31.356064 -13.114242
v 13.329643 33.894936 12.698098
v 13.469362 33.894936 12.268089
v 13.469364 33.894936 11.815950
v 13.329643 33.894936 11.385940
v 13.063881 33.894936 11.020150
v 12.698093 33.894936 10.754389
v 12.268084 33.894936 10.614671
v 11.815944 33.894936 10.614669
v 10.614666 33.894936 11.815947
v 10.614666 33.894936 12.268087
v 10.754383 33.894936 12.698099
v 11.020145 33.894936 13.063885
v 11.385933 33.894936 13.329649
v 11.815944 33.894936 13.469365
v 12.268085 33.894936 13.469366
v 12.698093 33.894936 13.329649
v 13.063881 33.894936 13.063889
v 16.022953 0.000000 16.022955
v 13.372608 31.356064 12.758652
v 13.508434 31.356064 12.340618
v 13.508431 31.356064 11.901073
v 13.372605 31.356064 11.483041
v 13.114244 31.356064 11.127442
v 12.758647 31.356064 10.869081
v 12.340613 31.356064 10.733254
v 11.901066 31.356064 10.733253
v 11.483034 31.356064 10.869081
v 11.127434 31.356064 11.127439
v 10.869076 31.356064 11.483040
v 10.733250 31.356064 11.901071
v 10.733252 31.356064 12.340616
v 10.869077 31.356064 12.758652
v 11.127436 31.356064 13.114249
v 11.483036 31.356064 13.372608
v 11.901068 31.356064 13.508435
v 12.340613 31.356064 13.508438
v 12.758646 31.356064 13.372609
v 13.114245 31.356064 13.114250
v -5.136307 31.856182 -4.552063
v -2.715280 32.008640 -2.131034
v -0.292120 32.059475 0.292125
v 2.131039 32.008640 2.715285
v 4.552067 31.856182 5.136312
v -4.997764 31.850533 -4.690605
v -2.576766 32.005100 -2.269608
v -0.153577 32.056641 0.153582
v 2.269612 32.005100 2.576771
v 4.690610 31.850533 4.997768
v -5.144677 34.390991 -4.543692
v -2.723671 34.544968 -2.122686
v -0.300490 34.596310 0.300495
v 2.122691 34.544968 2.723677
v 4.543697 34.390991 5.144682
v -4.844187 31.848549 -4.844183
v -2.423200 32.003860 -2.423195
v -0.000000 32.055645 0.000004
v 2.423200 32.003860 2.423205
v 4.844188 31.848549 4.844191
v -4.690610 31.850533 -4.997760
v -2.269612 32.005100 -2.576762
v 0.153577 32.056641 -0.153572
v 2.576766 32.005100 2.269617
v 4.997764 31.850533 4.690615
v -4.552066 31.856182 -5.136303
v -2.131039 32.008640 -2.715276
v 0.292121 32.059475 -0.292116
v 2.715281 32.008640 2.131044
v 5.136308 31.856182 4.552071
v -4.543696 34.390991 -5.144674
v -2.122690 34.544968 -2.723667
v 0.300491 34.596310 -0.300486
v 2.723672 34.544968 2.122696
v 5.144679 34.390991 4.543701
v -16.803322 0.297325 -16.303417
v -16.781961 0.152359 -16.299938
v -16.694096 0.041392 -16.258957
v -16.567791 0.000000 -16.193558
v -16.885244 0.294109 -16.052736
v -16.860151 0.150053 -16.063498
v -16.762465 0.040675 -16.059216
v -16.622557 0.000000 -16.041218
v -16.885778 0.289200 -15.789389
v -16.861885 0.146610 -15.813475
v -16.767046 0.039601 -15.843731
v -16.629501 0.000000 -15.871154
v -16.804914 0.282893 -15.539194
v -16.786304 0.142302 -15.574942
v -16.704962 0.038266 -15.635824
v -16.583754 0.000000 -15.704731
v -16.650625 0.275587 -15.326678
v -16.640339 0.137481 -15.371337
v -16.580641 0.036788 -15.456098
v -16.487223 0.000000 -15.558671
v -16.438084 0.267789 -15.172666
v -16.438009 0.132522 -15.222958
v -16.405220 0.035294 -15.323353
v -16.347757 0.000000 -15.449216
v -16.188063 0.260664 -15.092142
v -16.199093 0.128089 -15.144652
v -16.195856 0.033974 -15.251803
v -16.179092 0.000000 -15.388948
v -15.925020 0.255008 -15.092936
v -15.947144 0.124620 -15.144382
v -15.973619 0.032953 -15.249509
v -15.998672 0.000000 -15.385375
v -15.674677 0.251376 -15.174941
v -15.707759 0.122387 -15.222098
v -15.763713 0.032301 -15.316343
v -15.830767 0.000000 -15.437840
v -15.395816 0.250083 -15.395811
v -15.436693 0.121626 -15.436688
v -15.513916 0.032076 -15.513911
v -15.611437 0.000000 -15.611432
v -15.174947 0.251376 -15.674672
v -15.222375 0.122378 -15.707900
v -15.317392 0.032304 -15.764267
v -15.439973 0.000000 -15.831903
v -15.092940 0.255008 -15.925015
v -15.144930 0.124605 -15.947227
v -15.251595 0.032959 -15.973944
v -15.389612 0.000000 -15.999337
v -15.092148 0.260664 -16.188059
v -15.145422 0.128073 -16.198971
v -15.254720 0.033981 -16.195391
v -15.394846 0.000000 -16.178156
v -15.172671 0.267789 -16.438078
v -15.223800 0.132511 -16.437578
v -15.326522 0.035299 -16.403603
v -15.455593 0.000000 -16.344503
v -15.326688 0.275588 -16.650623
v -15.372071 0.137478 -16.639614
v -15.458820 0.036789 -16.577925
v -15.564115 0.000000 -16.481785
v -15.539199 0.282893 -16.804907
v -15.575405 0.142310 -16.785393
v -15.637531 0.038263 -16.701614
v -15.708127 0.000000 -16.577093
v -15.789393 0.289200 -16.885775
v -15.813617 0.146626 -16.861000
v -15.844247 0.039595 -16.763824
v -15.872170 0.000000 -16.623121
v -16.052742 0.294109 -16.885241
v -16.063398 0.150070 -16.859495
v -16.058847 0.040668 -16.760101
v -16.040485 0.000000 -16.617895
v -16.303421 0.297325 -16.803318
v -16.299767 0.152371 -16.781633
v -16.258339 0.041388 -16.692932
v -16.192337 0.000000 -16.565504
v -16.582438 0.298492 -16.582434
v -16.568665 0.153127 -16.568661
v -16.500793 0.041632 -16.500790
v -16.400682 0.000000 -16.400679
v 16.803320 0.297325 16.303423
v 16.781960 0.152359 16.299944
v 16.694096 0.041392 16.258961
v 16.567791 0.000000 16.193562
v 16.885246 0.294109 16.052748
v 16.860153 0.150053 16.063509
v 16.762466 0.040675 16.059225
v 16.622559 0.000000 16.041227
v 16.885778 0.289200 15.789396
v 16.861885 0.146610 15.813482
v 16.767046 0.039601 15.843740
v 16.629501 0.000000 15.871163
v 16.804913 0.282893 15.539202
v 16.786303 0.142302 15.574949
v 16.704960 0.038266 15.635832
v 16.583752 0.000000 15.704739
v 16.650627 0.275587 15.326688
v 16.640341 0.137481 15.371346
v 16.580643 0.036788 15.456107
v 16.487225 0.000000 15.558681
v 16.438086 0.267789 15.172677
v 16.438011 0.132522 15.222969
v 16.405222 0.035294 15.323364
v 16.347759 0.000000 15.449227
v 16.188065 0.260664 15.092152
v 16.199095 0.128089 15.144662
v 16.195856 0.033974 15.251814
v 16.179092 0.000000 15.388958
v 15.925022 0.255008 15.092944
v 15.947145 0.124620 15.144391
v 15.973620 0.032953 15.249517
v 15.998672 0.000000 15.385384
v 15.674674 0.251376 15.174948
v 15.707756 0.122388 15.222105
v 15.763710 0.032301 15.316350
v 15.830765 0.000000 15.437846
v 15.395816 0.250083 15.395822
v 15.436693 0.121626 15.436699
v 15.513916 0.032076 15.513922
v 15.611437 0.000000 15.611443
v 15.174945 0.251376 15.674678
v 15.222373 0.122378 15.707906
v 15.317390 0.032304 15.764273
v 15.439971 0.000000 15.831908
v 15.092941 0.255008 15.925025
v 15.144931 0.124605 15.947236
v 15.251596 0.032959 15.973952
v 15.389613 0.000000 15.999345
v 15.092149 0.260664 16.188070
v 15.145423 0.128073 16.198982
v 15.254721 0.033981 16.195400
v 15.394847 0.000000 16.178165
v 15.172673 0.267789 16.438086
v 15.223802 0.132511 16.437588
v 15.326524 0.035299 16.403610
v 15.455595 0.000000 16.344513
v 15.326684 0.275587 16.650631
v 15.372067 0.137478 16.639622
v 15.458817 0.036789 16.577932
v 15.564113 0.000000 16.481794
v 15.539197 0.282893 16.804914
v 15.575403 0.142310 16.785400
v 15.637529 0.038263 16.701622
v 15.708124 0.000000 16.577101
v 15.789394 0.289200 16.885782
v 15.813618 0.146626 16.861008
v 15.844248 0.039595 16.763832
v 15.872171 0.000000 16.623129
v 16.052740 0.294109 16.885248
v 16.063396 0.150070 16.859503
v 16.058846 0.040668 16.760109
v 16.040483 0.000000 16.617903
v 16.303419 0.297325 16.803326
v 16.299765 0.152371 16.781641
v 16.258337 0.041388 16.692940
v 16.192335 0.000000 16.565512
v 16.582436 0.298492 16.582439
v 16.568663 0.153127 16.568668
v 16.500792 0.041632 16.500797
v 16.400681 0.000000 16.400686
v 12.698092 33.894936 -13.329638
v 12.268085 33.894936 -13.469357
v 11.815943 33.894936 -13.469357
v 11.385933 33.894936 -13.329639
v 11.020143 33.894936 -13.063878
v 10.754383 33.894936 -12.698088
v 10.614664 33.894936 -12.268080
v 10.614663 33.894936 -11.815939
v 11.815943 33.894936 -10.614660
v 12.268085 33.894936 -10.614660
v 12.698091 33.894936 -10.754379
v 13.063880 33.894936 -11.020142
v 13.329639 33.894936 -11.385931
v 13.469360 33.894936 -11.815939
v 13.469358 33.894936 -12.268079
v 13.329641 33.894936 -12.698089
v 13.063880 33.894936 -13.063878
v 16.022953 0.000000 -16.022949
v 12.758643 31.356064 -13.372601
v 12.340611 31.356064 -13.508430
v 11.901066 31.356064 -13.508429
v 11.483033 31.356064 -13.372600
v 11.127437 31.356064 -13.114241
v 10.869075 31.356064 -12.758642
v 10.733250 31.356064 -12.340609
v 10.733248 31.356064 -11.901062
v 10.869077 31.356064 -11.483028
v 11.127433 31.356064 -11.127434
v 11.483033 31.356064 -10.869072
v 11.901065 31.356064 -10.733246
v 12.340612 31.356064 -10.733245
v 12.758644 31.356064 -10.869072
v 13.114244 31.356064 -11.127431
v 13.372604 31.356064 -11.483031
v 13.508430 31.356064 -11.901064
v 13.508432 31.356064 -12.340610
v 13.372601 31.356064 -12.758642
v 13.114245 31.356064 -13.114241
v -12.698094 33.894936 13.329647
v -12.268085 33.894936 13.469366
v -11.815947 33.894936 13.469368
v -11.385936 33.894936 13.329647
v -11.020146 33.894936 13.063885
v -10.754385 33.894936 12.698097
v -10.614667 33.894936 12.268087
v -10.614665 33.894936 11.815948
v -11.815943 33.894936 10.614670
v -12.268084 33.894936 10.614670
v -12.698095 33.894936 10.754387
v -13.063881 33.894936 11.020149
v -13.329645 33.894936 11.385937
v -13.469361 33.894936 11.815948
v -13.469362 33.894936 12.268088
v -13.329645 33.894936 12.698097
v -13.063885 33.894936 13.063885
v -16.022951 0.000000 16.022957
v -12.758648 31.356064 13.372612
v -12.340614 31.356064 13.508438
v -11.901070 31.356064 13.508435
v -11.483037 31.356064 13.372609
v -11.127439 31.356064 13.114248
v -10.869078 31.356064 12.758651
v -10.733251 31.356064 12.340617
v -10.733250 31.356064 11.901070
v -10.869078 31.356064 11.483038
v -11.127435 31.356064 11.127438
v -11.483036 31.356064 10.869080
v -11.901067 31.356064 10.733253
v -12.340612 31.356064 10.733255
v -12.758648 31.356064 10.869081
v -13.114245 31.356064 11.127439
v -13.372604 31.356064 11.483040
v -13.508431 31.356064 11.901072
v -13.508434 31.356064 12.340617
v -13.372605 31.356064 12.758650
v -13.114246 31.356064 13.114249
v 4.552066 31.856182 -5.136303
v 2.131038 32.008640 -2.715276
v -0.292121 32.059475 -0.292117
v -2.715281 32.008640 2.131043
v -5.136308 31.856182 4.552071
v 4.690609 31.850533 -4.997760
v 2.269611 32.005100 -2.576762
v -0.153578 32.056641 -0.153573
v -2.576767 32.005100 2.269616
v -4.997765 31.850533 4.690614
v 4.543695 34.390991 -5.144673
v 2.122690 34.544968 -2.723668
v -0.300492 34.596310 -0.300486
v -2.723673 34.544968 2.122695
v -5.144679 34.390991 4.543701
v 4.844187 31.848549 -4.844183
v 2.423199 32.003860 -2.423196
v -0.000001 32.055645 0.000004
v -2.423201 32.003860 2.423204
v -4.844187 31.848549 4.844192
v 4.997764 31.850533 -4.690606
v 2.576766 32.005100 -2.269608
v 0.153576 32.056641 0.153581
v -2.269614 32.005100 2.576770
v -4.690611 31.850533 4.997768
v 5.136307 31.856182 -4.552063
v 2.715280 32.008640 -2.131035
v 0.292120 32.059475 0.292125
v -2.131040 32.008640 2.715284
v -4.552067 31.856182 5.136312
v 5.144678 34.390991 -4.543692
v 2.723670 34.544968 -2.122686
v 0.300489 34.596310 0.300495
v -2.122692 34.544968 2.723676
v -4.543697 34.390991 5.144682
v 16.303421 0.297325 -16.803318
v 16.299942 0.152359 -16.781958
v 16.258961 0.041392 -16.694092
v 16.193562 0.000000 -16.567787
v 16.052740 0.294109 -16.885241
v 16.063501 0.150053 -16.860147
v 16.059219 0.040675 -16.762461
v 16.041222 0.000000 -16.622553
v 15.789392 0.289200 -16.885775
v 15.813478 0.146610 -16.861881
v 15.843735 0.039601 -16.767042
v 15.871158 0.000000 -16.629498
v 15.539198 0.282893 -16.804911
v 15.574945 0.142302 -16.786301
v 15.635828 0.038266 -16.704958
v 15.704735 0.000000 -16.583750
v 15.326682 0.275587 -16.650621
v 15.371341 0.137481 -16.640335
v 15.456101 0.036788 -16.580637
v 15.558675 0.000000 -16.487219
v 15.172669 0.267789 -16.438080
v 15.222961 0.132522 -16.438005
v 15.323357 0.035294 -16.405216
v 15.449220 0.000000 -16.347754
v 15.092146 0.260664 -16.188059
v 15.144656 0.128089 -16.199089
v 15.251807 0.033974 -16.195852
v 15.388952 0.000000 -16.179089
v 15.092939 0.255008 -15.925016
v 15.144386 0.124620 -15.947140
v 15.249513 0.032953 -15.973616
v 15.385379 0.000000 -15.998668
v 15.174945 0.251376 -15.674673
v 15.222102 0.122387 -15.707755
v 15.316347 0.032301 -15.763709
v 15.437843 0.000000 -15.830763
v 15.395815 0.250083 -15.395812
v 15.436692 0.121626 -15.436689
v 15.513915 0.032076 -15.513912
v 15.611436 0.000000 -15.611433
v 15.674676 0.251376 -15.174943
v 15.707904 0.122378 -15.222371
v 15.764271 0.032304 -15.317389
v 15.831906 0.000000 -15.439969
v 15.925019 0.255008 -15.092937
v 15.947230 0.124605 -15.144926
v 15.973948 0.032959 -15.251592
v 15.999341 0.000000 -15.389608
v 16.188063 0.260664 -15.092144
v 16.198975 0.128073 -15.145418
v 16.195395 0.033981 -15.254716
v 16.178160 0.000000 -15.394842
v 16.438082 0.267789 -15.172668
v 16.437582 0.132511 -15.223796
v 16.403606 0.035299 -15.326518
v 16.344507 0.000000 -15.455589
v 16.650627 0.275588 -15.326684
v 16.639618 0.137478 -15.372067
v 16.577929 0.036789 -15.458817
v 16.481789 0.000000 -15.564111
v 16.804911 0.282893 -15.539195
v 16.785397 0.142310 -15.575401
v 16.701618 0.038263 -15.637527
v 16.577097 0.000000 -15.708123
v 16.885778 0.289200 -15.789390
v 16.861004 0.146626 -15.813613
v 16.763828 0.039595 -15.844243
v 16.623125 0.000000 -15.872167
v 16.885244 0.294109 -16.052738
v 16.859499 0.150070 -16.063395
v 16.760105 0.040668 -16.058844
v 16.617899 0.000000 -16.040482
v 16.803322 0.297325 -16.303417
v 16.781637 0.152371 -16.299763
v 16.692936 0.041388 -16.258335
v 16.565508 0.000000 -16.192333
v 16.582438 0.298492 -16.582434
v 16.568665 0.153127 -16.568661
v 16.500793 0.041632 -16.500790
v 16.400682 0.000000 -16.400679
v -16.303419 0.297325 16.803324
v -16.299940 0.152359 16.781963
v -16.258957 0.041392 16.694099
v -16.193558 0.000000 16.567795
v -16.052744 0.294109 16.885250
v -16.063505 0.150053 16.860157
v -16.059221 0.040675 16.762470
v -16.041224 0.000000 16.622562
v -15.789392 0.289200 16.885782
v -15.813478 0.146610 16.861889
v -15.843736 0.039601 16.767050
v -15.871160 0.000000 16.629505
v -15.539198 0.282893 16.804916
v -15.574945 0.142302 16.786306
v -15.635828 0.038266 16.704964
v -15.704735 0.000000 16.583755
v -15.326684 0.275587 16.650631
v -15.371343 0.137481 16.640345
v -15.456103 0.036788 16.580647
v -15.558677 0.000000 16.487228
v -15.172673 0.267789 16.438089
v -15.222965 0.132522 16.438015
v -15.323360 0.035294 16.405226
v -15.449224 0.000000 16.347763
v -15.092148 0.260664 16.188068
v -15.144658 0.128089 16.199099
v -15.251810 0.033974 16.195860
v -15.388954 0.000000 16.179096
v -15.092940 0.255008 15.925026
v -15.144387 0.124620 15.947149
v -15.249514 0.032953 15.973624
v -15.385380 0.000000 15.998675
v -15.174944 0.251376 15.674678
v -15.222101 0.122388 15.707760
v -15.316346 0.032301 15.763714
v -15.437842 0.000000 15.830769
v -15.395818 0.250083 15.395820
v -15.436695 0.121626 15.436697
v -15.513918 0.032076 15.513920
v -15.611439 0.000000 15.611441
v -15.674674 0.251376 15.174949
v -15.707902 0.122378 15.222377
v -15.764269 0.032304 15.317394
v -15.831904 0.000000 15.439975
v -15.925021 0.255008 15.092945
v -15.947232 0.124605 15.144935
v -15.973948 0.032959 15.251600
v -15.999341 0.000000 15.389617
v -16.188066 0.260664 15.092153
v -16.198978 0.128073 15.145427
v -16.195396 0.033981 15.254725
v -16.178162 0.000000 15.394851
v -16.438082 0.267789 15.172677
v -16.437584 0.132511 15.223805
v -16.403606 0.035299 15.326528
v -16.344509 0.000000 15.455599
v -16.650627 0.275587 15.326688
v -16.639618 0.137478 15.372071
v -16.577929 0.036789 15.458821
v -16.481791 0.000000 15.564116
v -16.804911 0.282893 15.539201
v -16.785397 0.142310 15.575407
v -16.701618 0.038263 15.637533
v -16.577097 0.000000 15.708128
v -16.885778 0.289200 15.789398
v -16.861004 0.146626 15.813622
v -16.763828 0.039595 15.844252
v -16.623125 0.000000 15.872175
v -16.885244 0.294109 16.052744
v -16.859499 0.150070 16.063400
v -16.760105 0.040668 16.058849
v -16.617899 0.000000 16.040487
v -16.803322 0.297325 16.303423
v -16.781637 0.152371 16.299768
v -16.692936 0.041388 16.258341
v -16.565508 0.000000 16.192339
v -16.582436 0.298492 16.582439
v -16.568665 0.153127 16.568666
v -16.500793 0.041632 16.500795
v -16.400682 0.000000 16.400684
vt 0.031994 0.052048
vt 0.031704 0.056443
vt 0.006008 0.056156
vt 0.006241 0.051890
vt 0.031255 0.060821
vt 0.005666 0.060450
vt 0.030693 0.065181
vt 0.005255 0.064785
vt 0.030081 0.069531
vt 0.004823 0.069166
vt 0.029487 0.073879
vt 0.004422 0.073597
vt 0.028981 0.078236
vt 0.004102 0.078071
vt 0.028625 0.082608
vt 0.954767 0.322193
vt 0.028625 0.012676
vt 0.028981 0.017047
vt 0.004102 0.017213
vt 0.003906 0.012707
vt 0.029487 0.021404
vt 0.004422 0.021687
vt 0.030081 0.025753
vt 0.004823 0.026117
vt 0.030693 0.030102
vt 0.005255 0.030498
vt 0.031255 0.034462
vt 0.005666 0.034833
vt 0.031704 0.038840
vt 0.006008 0.039127
vt 0.031994 0.043236
vt 0.006241 0.043393
vt 0.032092 0.047642
vt 0.006339 0.047642
vt 0.317837 0.119680
vt 0.318127 0.115284
vt 0.343823 0.115572
vt 0.343590 0.119837
vt 0.318576 0.110907
vt 0.344165 0.111277
vt 0.319138 0.106546
vt 0.344576 0.106943
vt 0.319750 0.102197
vt 0.345008 0.102561
vt 0.320344 0.097848
vt 0.345410 0.098131
vt 0.320850 0.093491
vt 0.345729 0.093657
vt 0.321206 0.089120
vt 0.322198 0.171394
vt 0.321206 0.159052
vt 0.320850 0.154681
vt 0.345729 0.154515
vt 0.345925 0.159020
vt 0.320344 0.150323
vt 0.345410 0.150041
vt 0.319750 0.145975
vt 0.345008 0.145611
vt 0.319138 0.141625
vt 0.344576 0.141229
vt 0.318576 0.137265
vt 0.344165 0.136895
vt 0.318127 0.132887
vt 0.343823 0.132600
vt 0.317837 0.128492
vt 0.343590 0.128335
vt 0.317739 0.124086
vt 0.343492 0.124086
vt 0.028463 0.086991
vt 0.931603 0.232207
vt 0.933554 0.232353
vt 0.958852 0.232170
vt 0.028551 0.091377
vt 0.929441 0.232043
vt 0.028463 0.008292
vt 0.095565 0.194652
vt 0.095421 0.192701
vt 0.095628 0.167404
vt 0.321368 0.084736
vt 0.232236 0.194652
vt 0.232380 0.192700
vt 0.232173 0.167403
vt 0.321280 0.080350
vt 0.232074 0.196814
vt 0.321368 0.163435
vt 0.931604 0.095562
vt 0.933555 0.095416
vt 0.958853 0.095600
vt 0.934966 0.129650
vt 0.960273 0.129720
vt 0.935421 0.163885
vt 0.960746 0.163885
vt 0.934965 0.198119
vt 0.960273 0.198050
vt 0.933012 0.129702
vt 0.933466 0.163885
vt 0.933012 0.198067
vt 0.198032 0.195434
vt 0.163900 0.194992
vt 0.129769 0.195435
vt 0.198089 0.193268
vt 0.163900 0.192824
vt 0.129712 0.193269
vt 0.198140 0.191315
vt 0.163900 0.190869
vt 0.129661 0.191315
vt 0.198058 0.166008
vt 0.163900 0.165542
vt 0.129743 0.166008
vt 0.356594 0.008180
vt 0.358164 0.008346
vt 0.357783 0.013946
vt 0.354965 0.008503
vt 0.353487 0.009314
vt 0.352312 0.010563
vt 0.351580 0.012140
vt 0.351381 0.013890
vt 0.351752 0.015629
vt 0.352633 0.017126
vt 0.354805 0.018843
vt 0.357334 0.019958
vt 0.359059 0.020033
vt 0.360755 0.019550
vt 0.362195 0.018569
vt 0.363240 0.017206
vt 0.363801 0.015611
vt 0.363849 0.013946
vt 0.363405 0.012363
vt 0.362558 0.011045
vt 0.360519 0.009442
vt 0.345873 0.051191
vt 0.345719 0.053818
vt 0.345479 0.056435
vt 0.345183 0.059042
vt 0.344865 0.061644
vt 0.344565 0.064247
vt 0.344315 0.066857
vt 0.344147 0.069477
vt 0.344087 0.072106
vt 0.344199 0.019629
vt 0.344087 0.023177
vt 0.344147 0.025806
vt 0.344315 0.028426
vt 0.344565 0.031036
vt 0.344865 0.033639
vt 0.345183 0.036241
vt 0.345479 0.038849
vt 0.345719 0.041465
vt 0.345873 0.044092
vt 0.345925 0.047642
vt 0.383514 0.019971
vt 0.381942 0.019819
vt 0.382275 0.014216
vt 0.385140 0.019634
vt 0.386611 0.018810
vt 0.387774 0.017551
vt 0.388493 0.015967
vt 0.388677 0.014216
vt 0.388291 0.012480
vt 0.387397 0.010991
vt 0.385210 0.009293
vt 0.382671 0.008200
vt 0.380946 0.008140
vt 0.379254 0.008637
vt 0.377823 0.009631
vt 0.376789 0.011003
vt 0.376242 0.012603
vt 0.376209 0.014268
vt 0.376666 0.015847
vt 0.377525 0.017158
vt 0.379578 0.018743
vt 0.003959 0.120536
vt 0.004113 0.117910
vt 0.004352 0.115293
vt 0.004648 0.112685
vt 0.004966 0.110084
vt 0.005266 0.107481
vt 0.005516 0.104870
vt 0.005684 0.102250
vt 0.005744 0.099622
vt 0.005632 0.152098
vt 0.005744 0.148550
vt 0.005684 0.145921
vt 0.005516 0.143301
vt 0.005266 0.140691
vt 0.004966 0.138088
vt 0.004648 0.135486
vt 0.004352 0.132879
vt 0.004113 0.130262
vt 0.003959 0.127635
vt 0.003906 0.124086
vt 0.358496 0.006935
vt 0.356439 0.006752
vt 0.358786 0.005518
vt 0.356223 0.005329
vt 0.354377 0.007204
vt 0.353708 0.005937
vt 0.352533 0.008270
vt 0.351498 0.007288
vt 0.351092 0.009866
vt 0.349810 0.009257
vt 0.350210 0.011850
vt 0.348812 0.011655
vt 0.349991 0.014027
vt 0.348604 0.014249
vt 0.350468 0.016177
vt 0.349207 0.016783
vt 0.351584 0.018057
vt 0.350561 0.018998
vt 0.354073 0.020046
vt 0.353338 0.021256
vt 0.356987 0.021329
vt 0.356621 0.022677
vt 0.359165 0.021446
vt 0.359209 0.022856
vt 0.361284 0.020874
vt 0.361732 0.022222
vt 0.363105 0.019677
vt 0.363934 0.020843
vt 0.364451 0.017988
vt 0.365600 0.018856
vt 0.365202 0.015984
vt 0.366569 0.016455
vt 0.365303 0.013866
vt 0.366752 0.013876
vt 0.364764 0.011834
vt 0.366139 0.011367
vt 0.363667 0.010092
vt 0.364796 0.009178
vt 0.361278 0.008193
vt 0.362044 0.006935
vt 0.381623 0.021233
vt 0.383681 0.021397
vt 0.381345 0.022652
vt 0.383909 0.022819
vt 0.385739 0.020927
vt 0.386418 0.022189
vt 0.387573 0.019845
vt 0.388617 0.020819
vt 0.389001 0.018237
vt 0.390288 0.018835
vt 0.389865 0.016246
vt 0.391265 0.016428
vt 0.390066 0.014067
vt 0.391451 0.013833
vt 0.389570 0.011921
vt 0.390826 0.011304
vt 0.388437 0.010051
vt 0.389452 0.009101
vt 0.385932 0.008083
vt 0.386656 0.006867
vt 0.383006 0.006826
vt 0.383360 0.005475
vt 0.380827 0.006728
vt 0.380771 0.005319
vt 0.378713 0.007319
vt 0.378253 0.005974
vt 0.376903 0.008531
vt 0.376064 0.007372
vt 0.375571 0.010232
vt 0.374415 0.009374
vt 0.374838 0.012242
vt 0.373467 0.011783
vt 0.374756 0.014360
vt 0.373306 0.014363
vt 0.375312 0.016388
vt 0.373941 0.016867
vt 0.376424 0.018121
vt 0.375303 0.019044
vt 0.378829 0.019999
vt 0.378075 0.021264
vt 0.387363 0.005679
vt 0.005632 0.096073
vt 0.320502 0.204677
vt 0.321280 0.167821
vt 0.352620 0.022438
vt 0.344199 0.075654
vt 0.921486 0.320462
vt 0.028551 0.003906
vt 0.377311 0.022543
vt 0.374174 0.019952
vt 0.372560 0.017300
vt 0.371857 0.014296
vt 0.372121 0.011242
vt 0.373311 0.008441
vt 0.375295 0.006160
vt 0.377867 0.004605
vt 0.380778 0.003906
vt 0.383759 0.004128
vt 0.390445 0.008110
vt 0.392062 0.010626
vt 0.392836 0.013520
vt 0.392693 0.016526
vt 0.391631 0.019360
vt 0.389731 0.021744
vt 0.387165 0.023430
vt 0.384184 0.024239
vt 0.381081 0.024076
vt 0.362819 0.005662
vt 0.365933 0.008280
vt 0.367524 0.010946
vt 0.368201 0.013956
vt 0.367910 0.017007
vt 0.366696 0.019798
vt 0.364692 0.022061
vt 0.362107 0.023595
vt 0.359190 0.024268
vt 0.356211 0.024020
vt 0.349559 0.019981
vt 0.347965 0.017450
vt 0.347216 0.014549
vt 0.347385 0.011545
vt 0.348471 0.008720
vt 0.350392 0.006353
vt 0.352972 0.004689
vt 0.355961 0.003906
vt 0.359062 0.004096
vt 0.925742 0.006237
vt 0.929456 0.003906
vt 0.321568 0.200423
vt 0.323895 0.196706
vt 0.954770 0.005576
vt 0.345925 0.089151
vt 0.006233 0.200423
vt 0.003906 0.196707
vt 0.925739 0.321532
vt 0.929453 0.323863
vt 0.005603 0.171395
vt 0.003906 0.082576
vt 0.921489 0.007307
vt 0.929443 0.095725
vt 0.007299 0.204677
vt 0.095727 0.196813
vt 0.930846 0.198009
vt 0.931299 0.163885
vt 0.930845 0.129761
vt 0.031994 0.052048
vt 0.031704 0.056443
vt 0.006008 0.056156
vt 0.006241 0.051890
vt 0.031255 0.060821
vt 0.005666 0.060450
vt 0.030693 0.065181
vt 0.005255 0.064785
vt 0.030081 0.069531
vt 0.004823 0.069166
vt 0.029487 0.073879
vt 0.004422 0.073597
vt 0.028981 0.078236
vt 0.004102 0.078071
vt 0.028625 0.082608
vt 0.003906 0.082576
vt 0.028625 0.012676
vt 0.028981 0.017047
vt 0.004102 0.017213
vt 0.003906 0.012707
vt 0.029487 0.021404
vt 0.004422 0.021687
vt 0.030081 0.025753
vt 0.004823 0.026117
vt 0.030693 0.030102
vt 0.005255 0.030498
vt 0.031255 0.034462
vt 0.005666 0.034833
vt 0.031704 0.038840
vt 0.006008 0.039127
vt 0.031994 0.043236
vt 0.006241 0.043393
vt 0.032092 0.047642
vt 0.006339 0.047642
vt 0.317837 0.119680
vt 0.318127 0.115284
vt 0.343823 0.115572
vt 0.343590 0.119837
vt 0.318576 0.110907
vt 0.344165 0.111277
vt 0.319138 0.106546
vt 0.344576 0.106943
vt 0.319750 0.102197
vt 0.345008 0.102561
vt 0.320344 0.097848
vt 0.345410 0.098131
vt 0.320850 0.093491
vt 0.345729 0.093657
vt 0.321206 0.089120
vt 0.345925 0.089151
vt 0.321206 0.159052
vt 0.320850 0.154681
vt 0.345729 0.154515
vt 0.345925 0.159020
vt 0.320344 0.150323
vt 0.345410 0.150041
vt 0.319750 0.145975
vt 0.345008 0.145611
vt 0.319138 0.141625
vt 0.344576 0.141229
vt 0.318576 0.137265
vt 0.344165 0.136895
vt 0.318127 0.132887
vt 0.343823 0.132600
vt 0.317837 0.128492
vt 0.343590 0.128335
vt 0.317739 0.124086
vt 0.343492 0.124086
vt 0.929453 0.323863
vt 0.925739 0.321532
vt 0.931603 0.232207
vt 0.933554 0.232353
vt 0.954767 0.322193
vt 0.958852 0.232170
vt 0.921486 0.320462
vt 0.929441 0.232043
vt 0.007299 0.204677
vt 0.006233 0.200423
vt 0.095565 0.194652
vt 0.095727 0.196813
vt 0.003906 0.196707
vt 0.095421 0.192701
vt 0.005603 0.171395
vt 0.095628 0.167404
vt 0.323895 0.196706
vt 0.321568 0.200423
vt 0.232236 0.194652
vt 0.232380 0.192700
vt 0.322198 0.171394
vt 0.232173 0.167403
vt 0.320502 0.204677
vt 0.232074 0.196814
vt 0.921489 0.007307
vt 0.925742 0.006237
vt 0.931604 0.095562
vt 0.929443 0.095725
vt 0.929456 0.003906
vt 0.933555 0.095416
vt 0.954770 0.005576
vt 0.958853 0.095600
vt 0.934966 0.129650
vt 0.960273 0.129720
vt 0.935421 0.163885
vt 0.960746 0.163885
vt 0.934965 0.198119
vt 0.960273 0.198050
vt 0.933012 0.129702
vt 0.933466 0.163885
vt 0.933012 0.198067
vt 0.930845 0.129761
vt 0.931299 0.163885
vt 0.930846 0.198009
vt 0.198032 0.195434
vt 0.198089 0.193268
vt 0.163900 0.194992
vt 0.163900 0.192824
vt 0.129769 0.195435
vt 0.129712 0.193269
vt 0.198140 0.191315
vt 0.163900 0.190869
vt 0.129661 0.191315
vt 0.198058 0.166008
vt 0.163900 0.165542
vt 0.129743 0.166008
vt 0.356594 0.008180
vt 0.358164 0.008346
vt 0.357783 0.013946
vt 0.354965 0.008503
vt 0.353487 0.009314
vt 0.352312 0.010563
vt 0.351580 0.012140
vt 0.351381 0.013890
vt 0.351752 0.015629
vt 0.352633 0.017126
vt 0.354805 0.018843
vt 0.357334 0.019958
vt 0.359059 0.020033
vt 0.360755 0.019550
vt 0.362195 0.018569
vt 0.363240 0.017206
vt 0.363801 0.015611
vt 0.363849 0.013946
vt 0.363405 0.012363
vt 0.362558 0.011045
vt 0.360519 0.009442
vt 0.345873 0.051191
vt 0.345719 0.053818
vt 0.345479 0.056435
vt 0.345183 0.059042
vt 0.344865 0.061644
vt 0.344565 0.064247
vt 0.344315 0.066857
vt 0.344147 0.069477
vt 0.344087 0.072106
vt 0.028463 0.086991
vt 0.344199 0.075654
vt 0.028551 0.091377
vt 0.344199 0.019629
vt 0.344087 0.023177
vt 0.028463 0.008292
vt 0.028551 0.003906
vt 0.344147 0.025806
vt 0.344315 0.028426
vt 0.344565 0.031036
vt 0.344865 0.033639
vt 0.345183 0.036241
vt 0.345479 0.038849
vt 0.345719 0.041465
vt 0.345873 0.044092
vt 0.345925 0.047642
vt 0.383514 0.019971
vt 0.381942 0.019819
vt 0.382275 0.014216
vt 0.385140 0.019634
vt 0.386611 0.018810
vt 0.387774 0.017551
vt 0.388493 0.015967
vt 0.388677 0.014216
vt 0.388291 0.012480
vt 0.387397 0.010991
vt 0.385210 0.009293
vt 0.382671 0.008200
vt 0.380946 0.008140
vt 0.379254 0.008637
vt 0.377823 0.009631
vt 0.376789 0.011003
vt 0.376242 0.012603
vt 0.376209 0.014268
vt 0.376666 0.015847
vt 0.377525 0.017158
vt 0.379578 0.018743
vt 0.003959 0.120536
vt 0.004113 0.117910
vt 0.004352 0.115293
vt 0.004648 0.112685
vt 0.004966 0.110084
vt 0.005266 0.107481
vt 0.005516 0.104870
vt 0.005684 0.102250
vt 0.005744 0.099622
vt 0.321368 0.084736
vt 0.005632 0.096073
vt 0.321280 0.080350
vt 0.005632 0.152098
vt 0.005744 0.148550
vt 0.321368 0.163435
vt 0.321280 0.167821
vt 0.005684 0.145921
vt 0.005516 0.143301
vt 0.005266 0.140691
vt 0.004966 0.138088
vt 0.004648 0.135486
vt 0.004352 0.132879
vt 0.004113 0.130262
vt 0.003959 0.127635
vt 0.003906 0.124086
vt 0.358496 0.006935
vt 0.356439 0.006752
vt 0.359062 0.004096
vt 0.358786 0.005518
vt 0.356223 0.005329
vt 0.355961 0.003906
vt 0.354377 0.007204
vt 0.353708 0.005937
vt 0.352972 0.004689
vt 0.352533 0.008270
vt 0.351498 0.007288
vt 0.350392 0.006353
vt 0.351092 0.009866
vt 0.349810 0.009257
vt 0.348471 0.008720
vt 0.350210 0.011850
vt 0.348812 0.011655
vt 0.347385 0.011545
vt 0.349991 0.014027
vt 0.348604 0.014249
vt 0.347216 0.014549
vt 0.350468 0.016177
vt 0.349207 0.016783
vt 0.347965 0.017450
vt 0.351584 0.018057
vt 0.350561 0.018998
vt 0.349559 0.019981
vt 0.354073 0.020046
vt 0.353338 0.021256
vt 0.352620 0.022438
vt 0.356987 0.021329
vt 0.356621 0.022677
vt 0.356211 0.024020
vt 0.359165 0.021446
vt 0.359209 0.022856
vt 0.359190 0.024268
vt 0.361284 0.020874
vt 0.361732 0.022222
vt 0.362107 0.023595
vt 0.363105 0.019677
vt 0.363934 0.020843
vt 0.364692 0.022061
vt 0.364451 0.017988
vt 0.365600 0.018856
vt 0.366696 0.019798
vt 0.365202 0.015984
vt 0.366569 0.016455
vt 0.367910 0.017007
vt 0.365303 0.013866
vt 0.366752 0.013876
vt 0.368201 0.013956
vt 0.364764 0.011834
vt 0.366139 0.011367
vt 0.367524 0.010946
vt 0.363667 0.010092
vt 0.364796 0.009178
vt 0.365933 0.008280
vt 0.361278 0.008193
vt 0.362044 0.006935
vt 0.362819 0.005662
vt 0.381623 0.021233
vt 0.383681 0.021397
vt 0.381081 0.024076
vt 0.381345 0.022652
vt 0.383909 0.022819
vt 0.384184 0.024239
vt 0.385739 0.020927
vt 0.386418 0.022189
vt 0.387165 0.023430
vt 0.387573 0.019845
vt 0.388617 0.020819
vt 0.389731 0.021744
vt 0.389001 0.018237
vt 0.390288 0.018835
vt 0.391631 0.019360
vt 0.389865 0.016246
vt 0.391265 0.016428
vt 0.392693 0.016526
vt 0.390066 0.014067
vt 0.391451 0.013833
vt 0.392836 0.013520
vt 0.389570 0.011921
vt 0.390826 0.011304
vt 0.392062 0.010626
vt 0.388437 0.010051
vt 0.389452 0.009101
vt 0.390445 0.008110
vt 0.385932 0.008083
vt 0.386656 0.006867
vt 0.387363 0.005679
vt 0.383006 0.006826
vt 0.383360 0.005475
vt 0.383759 0.004128
vt 0.380827 0.006728
vt 0.380771 0.005319
vt 0.380778 0.003906
vt 0.378713 0.007319
vt 0.378253 0.005974
vt 0.377867 0.004605
vt 0.376903 0.008531
vt 0.376064 0.007372
vt 0.375295 0.006160
vt 0.375571 0.010232
vt 0.374415 0.009374
vt 0.373311 0.008441
vt 0.374838 0.012242
vt 0.373467 0.011783
vt 0.372121 0.011242
vt 0.374756 0.014360
vt 0.373306 0.014363
vt 0.371857 0.014296
vt 0.375312 0.016388
vt 0.373941 0.016867
vt 0.372560 0.017300
vt 0.376424 0.018121
vt 0.375303 0.019044
vt 0.374174 0.019952
vt 0.378829 0.019999
vt 0.378075 0.021264
vt 0.377311 0.022543
vn -0.876502 0.138532 -0.461035
vn -0.982500 0.114551 -0.146876
vn -0.987896 0.019599 -0.153872
vn -0.891318 0.025878 -0.452640
vn -0.982500 0.114551 -0.146876
vn -0.982669 0.078560 0.167897
vn -0.987082 0.009829 0.159916
vn -0.987896 0.019599 -0.153872
vn -0.982669 0.078560 0.167897
vn -0.883880 0.032807 0.466562
vn -0.889108 -0.002460 0.457690
vn -0.987082 0.009829 0.159916
vn -0.883880 0.032807 0.466562
vn -0.696068 -0.017902 0.717752
vn -0.703914 -0.016045 0.710104
vn -0.889108 -0.002460 0.457690
vn -0.696068 -0.017902 0.717752
vn -0.439800 -0.068168 0.895505
vn -0.450077 -0.029584 0.892500
vn -0.703914 -0.016045 0.710104
vn -0.439800 -0.068168 0.895505
vn -0.143018 -0.112851 0.983265
vn -0.152796 -0.041753 0.987375
vn -0.450077 -0.029584 0.892500
vn -0.143018 -0.112851 0.983265
vn 0.156508 -0.152279 0.975867
vn -0.000002 -0.046657 0.998911
vn -0.152796 -0.041753 0.987375
vn 0.975867 -0.152279 0.156507
vn 0.983265 -0.112851 -0.143018
vn 0.987375 -0.041753 -0.152796
vn 0.998911 -0.046657 0.000001
vn 0.983265 -0.112851 -0.143018
vn 0.895504 -0.068168 -0.439802
vn 0.892499 -0.029584 -0.450078
vn 0.987375 -0.041753 -0.152796
vn 0.895504 -0.068168 -0.439802
vn 0.717754 -0.017902 -0.696067
vn 0.710103 -0.016044 -0.703915
vn 0.892499 -0.029584 -0.450078
vn 0.717754 -0.017902 -0.696067
vn 0.466560 0.032807 -0.883881
vn 0.457690 -0.002459 -0.889108
vn 0.710103 -0.016044 -0.703915
vn 0.466560 0.032807 -0.883881
vn 0.167898 0.078560 -0.982669
vn 0.159915 0.009829 -0.987082
vn 0.457690 -0.002459 -0.889108
vn 0.167898 0.078560 -0.982669
vn -0.146876 0.114551 -0.982500
vn -0.153874 0.019599 -0.987896
vn 0.159915 0.009829 -0.987082
vn -0.146876 0.114551 -0.982500
vn -0.461038 0.138532 -0.876501
vn -0.452639 0.025878 -0.891318
vn -0.153874 0.019599 -0.987896
vn -0.461038 0.138532 -0.876501
vn -0.699541 0.145890 -0.699542
vn -0.706828 0.028043 -0.706830
vn -0.452639 0.025878 -0.891318
vn -0.699541 0.145890 -0.699542
vn -0.876502 0.138532 -0.461035
vn -0.891318 0.025878 -0.452640
vn -0.706828 0.028043 -0.706830
vn 0.876500 0.138532 0.461039
vn 0.982500 0.114551 0.146874
vn 0.987897 0.019598 0.153871
vn 0.891318 0.025879 0.452640
vn 0.982500 0.114551 0.146874
vn 0.982669 0.078560 -0.167899
vn 0.987082 0.009828 -0.159916
vn 0.987897 0.019598 0.153871
vn 0.982669 0.078560 -0.167899
vn 0.883880 0.032807 -0.466561
vn 0.889108 -0.002460 -0.457691
vn 0.987082 0.009828 -0.159916
vn 0.883880 0.032807 -0.466561
vn 0.696068 -0.017902 -0.717753
vn 0.703916 -0.016045 -0.710102
vn 0.889108 -0.002460 -0.457691
vn 0.696068 -0.017902 -0.717753
vn 0.439803 -0.068168 -0.895504
vn 0.450078 -0.029584 -0.892499
vn 0.703916 -0.016045 -0.710102
vn 0.439803 -0.068168 -0.895504
vn 0.143020 -0.112851 -0.983265
vn 0.152797 -0.041753 -0.987375
vn 0.450078 -0.029584 -0.892499
vn 0.143020 -0.112851 -0.983265
vn -0.156507 -0.152279 -0.975867
vn 0.000003 -0.046656 -0.998911
vn 0.152797 -0.041753 -0.987375
vn -0.975868 -0.152278 -0.156503
vn -0.983265 -0.112851 0.143020
vn -0.987375 -0.041753 0.152795
vn -0.998911 -0.046657 0.000002
vn -0.983265 -0.112851 0.143020
vn -0.895506 -0.068168 0.439798
vn -0.892500 -0.029584 0.450076
vn -0.987375 -0.041753 0.152795
vn -0.895506 -0.068168 0.439798
vn -0.717754 -0.017902 0.696066
vn -0.710103 -0.016045 0.703915
vn -0.892500 -0.029584 0.450076
vn -0.717754 -0.017902 0.696066
vn -0.466560 0.032807 0.883881
vn -0.457690 -0.002460 0.889108
vn -0.710103 -0.016045 0.703915
vn -0.466560 0.032807 0.883881
vn -0.167899 0.078560 0.982669
vn -0.159915 0.009828 0.987082
vn -0.457690 -0.002460 0.889108
vn -0.167899 0.078560 0.982669
vn 0.146877 0.114550 0.982500
vn 0.153871 0.019598 0.987897
vn -0.159915 0.009828 0.987082
vn 0.146877 0.114550 0.982500
vn 0.461037 0.138532 0.876501
vn 0.452639 0.025878 0.891318
vn 0.153871 0.019598 0.987897
vn 0.461037 0.138532 0.876501
vn 0.699540 0.145890 0.699542
vn 0.706828 0.028043 0.706830
vn 0.452639 0.025878 0.891318
vn 0.699540 0.145890 0.699542
vn 0.876500 0.138532 0.461039
vn 0.891318 0.025879 0.452640
vn 0.706828 0.028043 0.706830
vn 0.019274 -0.998033 0.059649
vn 0.025060 -0.998249 0.053586
vn 0.025424 -0.998420 0.050117
vn 0.018445 -0.998182 0.057377
vn -0.673444 -0.008309 0.739192
vn -0.673444 -0.008309 0.739192
vn -0.682347 -0.007359 0.730991
vn -0.683198 -0.007267 0.730197
vn 0.025060 -0.998249 0.053586
vn 0.039134 -0.998467 0.039133
vn 0.037674 -0.998580 0.037673
vn 0.025424 -0.998420 0.050117
vn 0.039134 -0.998467 0.039133
vn 0.053587 -0.998249 0.025064
vn 0.050118 -0.998420 0.025426
vn 0.037674 -0.998580 0.037673
vn 0.053587 -0.998249 0.025064
vn 0.059650 -0.998033 0.019281
vn 0.057377 -0.998182 0.018450
vn 0.050118 -0.998420 0.025426
vn 0.739191 -0.008309 -0.673444
vn 0.739191 -0.008309 -0.673444
vn 0.730197 -0.007267 -0.683198
vn 0.730991 -0.007359 -0.682347
vn -0.019274 -0.998033 -0.059649
vn -0.025060 -0.998249 -0.053588
vn -0.025424 -0.998420 -0.050119
vn -0.018445 -0.998182 -0.057377
vn 0.673444 -0.008309 -0.739192
vn 0.673444 -0.008309 -0.739192
vn 0.682347 -0.007358 -0.730991
vn 0.683198 -0.007267 -0.730197
vn -0.025060 -0.998249 -0.053588
vn -0.039134 -0.998467 -0.039135
vn -0.037674 -0.998580 -0.037674
vn -0.025424 -0.998420 -0.050119
vn -0.039134 -0.998467 -0.039135
vn -0.053587 -0.998249 -0.025064
vn -0.050118 -0.998420 -0.025426
vn -0.037674 -0.998580 -0.037674
vn -0.053587 -0.998249 -0.025064
vn -0.059650 -0.998033 -0.019281
vn -0.057377 -0.998182 -0.018450
vn -0.050118 -0.998420 -0.025426
vn -0.739192 -0.008308 0.673444
vn -0.739191 -0.008308 0.673444
vn -0.730197 -0.007267 0.683198
vn -0.730991 -0.007358 0.682347
vn -0.707198 -0.004667 0.707000
vn -0.730991 -0.007358 0.682347
vn -0.730197 -0.007267 0.683198
vn -0.707196 -0.004667 0.707002
vn -0.707099 -0.004666 0.707099
vn -0.707198 -0.004667 0.707000
vn -0.707196 -0.004667 0.707002
vn -0.707099 -0.004666 0.707099
vn -0.682347 -0.007359 0.730991
vn -0.707000 -0.004667 0.707198
vn -0.707002 -0.004667 0.707197
vn -0.683198 -0.007267 0.730197
vn -0.707000 -0.004667 0.707198
vn -0.707099 -0.004666 0.707099
vn -0.707099 -0.004666 0.707099
vn -0.707002 -0.004667 0.707197
vn -0.057377 -0.998182 -0.018450
vn -0.035139 -0.999357 -0.007074
vn -0.030212 -0.999469 -0.012232
vn -0.050118 -0.998420 -0.025426
vn -0.035139 -0.999357 -0.007074
vn -0.011500 -0.999868 0.011510
vn -0.007368 -0.999946 0.007368
vn -0.030212 -0.999469 -0.012232
vn -0.011500 -0.999868 0.011510
vn 0.007081 -0.999357 0.035144
vn 0.012232 -0.999469 0.030212
vn -0.007368 -0.999946 0.007368
vn 0.007081 -0.999357 0.035144
vn 0.018445 -0.998182 0.057377
vn 0.025424 -0.998420 0.050117
vn 0.012232 -0.999469 0.030212
vn -0.050118 -0.998420 -0.025426
vn -0.030212 -0.999469 -0.012232
vn -0.021317 -0.999546 -0.021315
vn -0.037674 -0.998580 -0.037674
vn -0.030212 -0.999469 -0.012232
vn -0.007368 -0.999946 0.007368
vn 0.000000 -1.000000 0.000001
vn -0.021317 -0.999546 -0.021315
vn -0.007368 -0.999946 0.007368
vn 0.012232 -0.999469 0.030212
vn 0.021317 -0.999546 0.021319
vn 0.000000 -1.000000 0.000001
vn 0.012232 -0.999469 0.030212
vn 0.025424 -0.998420 0.050117
vn 0.037674 -0.998580 0.037673
vn 0.021317 -0.999546 0.021319
vn -0.037674 -0.998580 -0.037674
vn -0.021317 -0.999546 -0.021315
vn -0.012232 -0.999469 -0.030213
vn -0.025424 -0.998420 -0.050119
vn -0.021317 -0.999546 -0.021315
vn 0.000000 -1.000000 0.000001
vn 0.007368 -0.999946 -0.007367
vn -0.012232 -0.999469 -0.030213
vn 0.000000 -1.000000 0.000001
vn 0.021317 -0.999546 0.021319
vn 0.030212 -0.999469 0.012235
vn 0.007368 -0.999946 -0.007367
vn 0.021317 -0.999546 0.021319
vn 0.037674 -0.998580 0.037673
vn 0.050118 -0.998420 0.025426
vn 0.030212 -0.999469 0.012235
vn -0.025424 -0.998420 -0.050119
vn -0.012232 -0.999469 -0.030213
vn -0.007081 -0.999357 -0.035150
vn -0.018445 -0.998182 -0.057377
vn -0.012232 -0.999469 -0.030213
vn 0.007368 -0.999946 -0.007367
vn 0.011500 -0.999868 -0.011513
vn -0.007081 -0.999357 -0.035150
vn 0.007368 -0.999946 -0.007367
vn 0.030212 -0.999469 0.012235
vn 0.035139 -0.999357 0.007076
vn 0.011500 -0.999868 -0.011513
vn 0.030212 -0.999469 0.012235
vn 0.050118 -0.998420 0.025426
vn 0.057377 -0.998182 0.018450
vn 0.035139 -0.999357 0.007076
vn 0.682347 -0.007358 -0.730991
vn 0.707000 -0.004667 -0.707198
vn 0.707002 -0.004667 -0.707197
vn 0.683198 -0.007267 -0.730197
vn 0.707000 -0.004667 -0.707198
vn 0.707099 -0.004666 -0.707099
vn 0.707099 -0.004666 -0.707099
vn 0.707002 -0.004667 -0.707197
vn 0.707099 -0.004666 -0.707099
vn 0.707198 -0.004667 -0.707000
vn 0.707197 -0.004667 -0.707002
vn 0.707099 -0.004666 -0.707099
vn 0.707198 -0.004667 -0.707000
vn 0.730991 -0.007359 -0.682347
vn 0.730197 -0.007267 -0.683198
vn 0.707197 -0.004667 -0.707002
vn -0.111126 -0.993562 -0.022050
vn -0.103739 -0.992565 -0.063669
vn 0.000000 -1.000000 0.000000
vn -0.106910 -0.994204 0.011339
vn -0.111126 -0.993562 -0.022050
vn 0.000000 -1.000000 0.000000
vn -0.093438 -0.994773 0.041179
vn -0.106910 -0.994204 0.011339
vn 0.000000 -1.000000 0.000000
vn -0.072366 -0.995264 0.064907
vn -0.093438 -0.994773 0.041179
vn 0.000000 -1.000000 0.000000
vn -0.046140 -0.995660 0.080827
vn -0.072366 -0.995264 0.064907
vn 0.000000 -1.000000 0.000000
vn -0.017441 -0.995921 0.088525
vn -0.046140 -0.995660 0.080827
vn 0.000000 -1.000000 0.000000
vn 0.011536 -0.996024 0.088330
vn -0.017441 -0.995921 0.088525
vn 0.000000 -1.000000 0.000000
vn 0.045201 -0.995827 0.079281
vn 0.011536 -0.996024 0.088330
vn 0.000000 -1.000000 0.000000
vn 0.061134 -0.996280 0.060742
vn 0.045201 -0.995827 0.079281
vn 0.000000 -1.000000 0.000000
vn 0.079503 -0.995837 0.044577
vn 0.061134 -0.996280 0.060742
vn 0.000000 -1.000000 0.000000
vn 0.088371 -0.996028 0.010857
vn 0.079503 -0.995837 0.044577
vn 0.000000 -1.000000 0.000000
vn 0.088345 -0.995928 -0.017984
vn 0.088371 -0.996028 0.010857
vn 0.000000 -1.000000 0.000000
vn 0.080562 -0.995668 -0.046429
vn 0.088345 -0.995928 -0.017984
vn 0.000000 -1.000000 0.000000
vn 0.064738 -0.995275 -0.072362
vn 0.080562 -0.995668 -0.046429
vn 0.000000 -1.000000 0.000000
vn 0.041303 -0.994789 -0.093209
vn 0.064738 -0.995275 -0.072362
vn 0.000000 -1.000000 0.000000
vn 0.011895 -0.994226 -0.106650
vn 0.041303 -0.994789 -0.093209
vn 0.000000 -1.000000 0.000000
vn -0.021110 -0.993582 -0.111125
vn 0.011895 -0.994226 -0.106650
vn 0.000000 -1.000000 0.000000
vn -0.062745 -0.992588 -0.104083
vn -0.021110 -0.993582 -0.111125
vn 0.000000 -1.000000 0.000000
vn -0.081599 -0.993271 -0.082181
vn -0.062745 -0.992588 -0.104083
vn 0.000000 -1.000000 0.000000
vn -0.103739 -0.992565 -0.063669
vn -0.081599 -0.993271 -0.082181
vn 0.000000 -1.000000 0.000000
vn -0.870232 0.148522 -0.469720
vn -0.978602 0.124972 -0.163463
vn -0.982500 0.114551 -0.146876
vn -0.876502 0.138532 -0.461035
vn -0.978602 0.124972 -0.163463
vn -0.985601 0.088172 0.144279
vn -0.982669 0.078560 0.167897
vn -0.982500 0.114551 -0.146876
vn -0.985601 0.088172 0.144279
vn -0.896433 0.040532 0.441322
vn -0.883880 0.032807 0.466562
vn -0.982669 0.078560 0.167897
vn -0.896433 0.040532 0.441322
vn -0.717111 -0.013392 0.696830
vn -0.696068 -0.017902 0.717752
vn -0.883880 0.032807 0.466562
vn -0.717111 -0.013392 0.696830
vn -0.464938 -0.067971 0.882730
vn -0.439800 -0.068168 0.895505
vn -0.696068 -0.017902 0.717752
vn -0.464938 -0.067971 0.882730
vn -0.166639 -0.117386 0.979006
vn -0.143018 -0.112851 0.983265
vn -0.439800 -0.068168 0.895505
vn -0.166639 -0.117386 0.979006
vn 0.146282 -0.156592 0.976771
vn 0.156508 -0.152279 0.975867
vn -0.143018 -0.112851 0.983265
vn 0.146282 -0.156592 0.976771
vn 0.459444 -0.183166 0.869116
vn 0.468464 -0.182923 0.864338
vn 0.156508 -0.152279 0.975867
vn 0.459444 -0.183166 0.869116
vn 0.694075 -0.191108 0.694073
vn 0.694191 -0.190259 0.694191
vn 0.468464 -0.182923 0.864338
vn 0.694075 -0.191108 0.694073
vn 0.869115 -0.183172 0.459442
vn 0.864338 -0.182922 0.468464
vn 0.694191 -0.190259 0.694191
vn 0.869115 -0.183172 0.459442
vn 0.976769 -0.156603 0.146280
vn 0.975867 -0.152279 0.156507
vn 0.864338 -0.182922 0.468464
vn 0.976769 -0.156603 0.146280
vn 0.979003 -0.117401 -0.166641
vn 0.983265 -0.112851 -0.143018
vn 0.975867 -0.152279 0.156507
vn 0.979003 -0.117401 -0.166641
vn 0.882728 -0.067990 -0.464940
vn 0.895504 -0.068168 -0.439802
vn 0.983265 -0.112851 -0.143018
vn 0.882728 -0.067990 -0.464940
vn 0.696830 -0.013414 -0.717111
vn 0.717754 -0.017902 -0.696067
vn 0.895504 -0.068168 -0.439802
vn 0.696830 -0.013414 -0.717111
vn 0.441320 0.040511 -0.896435
vn 0.466560 0.032807 -0.883881
vn 0.717754 -0.017902 -0.696067
vn 0.441320 0.040511 -0.896435
vn 0.144281 0.088153 -0.985602
vn 0.167898 0.078560 -0.982669
vn 0.466560 0.032807 -0.883881
vn 0.144281 0.088153 -0.985602
vn -0.163463 0.124958 -0.978604
vn -0.146876 0.114551 -0.982500
vn 0.167898 0.078560 -0.982669
vn -0.163463 0.124958 -0.978604
vn -0.469721 0.148514 -0.870233
vn -0.461038 0.138532 -0.876501
vn -0.146876 0.114551 -0.982500
vn -0.469721 0.148514 -0.870233
vn -0.698549 0.155093 -0.698552
vn -0.699541 0.145890 -0.699542
vn -0.461038 0.138532 -0.876501
vn -0.698549 0.155093 -0.698552
vn -0.870232 0.148522 -0.469720
vn -0.876502 0.138532 -0.461035
vn -0.699541 0.145890 -0.699542
vn 0.111128 -0.993562 0.022051
vn 0.103739 -0.992565 0.063670
vn 0.000000 -1.000000 0.000000
vn 0.106910 -0.994204 -0.011340
vn 0.111128 -0.993562 0.022051
vn 0.000000 -1.000000 0.000000
vn 0.093437 -0.994773 -0.041179
vn 0.106910 -0.994204 -0.011340
vn 0.000000 -1.000000 0.000000
vn 0.072365 -0.995264 -0.064907
vn 0.093437 -0.994773 -0.041179
vn 0.000000 -1.000000 0.000000
vn 0.046139 -0.995660 -0.080827
vn 0.072365 -0.995264 -0.064907
vn 0.000000 -1.000000 0.000000
vn 0.017442 -0.995921 -0.088525
vn 0.046139 -0.995660 -0.080827
vn 0.000000 -1.000000 0.000000
vn -0.011535 -0.996024 -0.088331
vn 0.017442 -0.995921 -0.088525
vn 0.000000 -1.000000 0.000000
vn -0.045201 -0.995827 -0.079282
vn -0.011535 -0.996024 -0.088331
vn 0.000000 -1.000000 0.000000
vn -0.061133 -0.996280 -0.060741
vn -0.045201 -0.995827 -0.079282
vn 0.000000 -1.000000 0.000000
vn -0.079504 -0.995837 -0.044578
vn -0.061133 -0.996280 -0.060741
vn 0.000000 -1.000000 0.000000
vn -0.088371 -0.996029 -0.010857
vn -0.079504 -0.995837 -0.044578
vn 0.000000 -1.000000 0.000000
vn -0.088345 -0.995928 0.017984
vn -0.088371 -0.996029 -0.010857
vn 0.000000 -1.000000 0.000000
vn -0.080562 -0.995668 0.046428
vn -0.088345 -0.995928 0.017984
vn 0.000000 -1.000000 0.000000
vn -0.064739 -0.995275 0.072363
vn -0.080562 -0.995668 0.046428
vn 0.000000 -1.000000 0.000000
vn -0.041303 -0.994789 0.093210
vn -0.064739 -0.995275 0.072363
vn 0.000000 -1.000000 0.000000
vn -0.011894 -0.994226 0.106650
vn -0.041303 -0.994789 0.093210
vn 0.000000 -1.000000 0.000000
vn 0.021110 -0.993582 0.111124
vn -0.011894 -0.994226 0.106650
vn 0.000000 -1.000000 0.000000
vn 0.062744 -0.992588 0.104083
vn 0.021110 -0.993582 0.111124
vn 0.000000 -1.000000 0.000000
vn 0.081599 -0.993271 0.082181
vn 0.062744 -0.992588 0.104083
vn 0.000000 -1.000000 0.000000
vn 0.103739 -0.992565 0.063670
vn 0.081599 -0.993271 0.082181
vn 0.000000 -1.000000 0.000000
vn 0.870230 0.148522 0.469724
vn 0.978602 0.124971 0.163461
vn 0.982500 0.114551 0.146874
vn 0.876500 0.138532 0.461039
vn 0.978602 0.124971 0.163461
vn 0.985601 0.088171 -0.144281
vn 0.982669 0.078560 -0.167899
vn 0.982500 0.114551 0.146874
vn 0.985601 0.088171 -0.144281
vn 0.896433 0.040532 -0.441321
vn 0.883880 0.032807 -0.466561
vn 0.982669 0.078560 -0.167899
vn 0.896433 0.040532 -0.441321
vn 0.717111 -0.013392 -0.696831
vn 0.696068 -0.017902 -0.717753
vn 0.883880 0.032807 -0.466561
vn 0.717111 -0.013392 -0.696831
vn 0.464940 -0.067971 -0.882729
vn 0.439803 -0.068168 -0.895504
vn 0.696068 -0.017902 -0.717753
vn 0.464940 -0.067971 -0.882729
vn 0.166642 -0.117385 -0.979005
vn 0.143020 -0.112851 -0.983265
vn 0.439803 -0.068168 -0.895504
vn 0.166642 -0.117385 -0.979005
vn -0.146282 -0.156592 -0.976771
vn -0.156507 -0.152279 -0.975867
vn 0.143020 -0.112851 -0.983265
vn -0.146282 -0.156592 -0.976771
vn -0.459443 -0.183166 -0.869116
vn -0.468464 -0.182922 -0.864339
vn -0.156507 -0.152279 -0.975867
vn -0.459443 -0.183166 -0.869116
vn -0.694075 -0.191108 -0.694074
vn -0.694191 -0.190258 -0.694191
vn -0.468464 -0.182922 -0.864339
vn -0.694075 -0.191108 -0.694074
vn -0.869116 -0.183172 -0.459440
vn -0.864339 -0.182923 -0.468463
vn -0.694191 -0.190258 -0.694191
vn -0.869116 -0.183172 -0.459440
vn -0.976770 -0.156602 -0.146275
vn -0.975868 -0.152278 -0.156503
vn -0.864339 -0.182923 -0.468463
vn -0.976770 -0.156602 -0.146275
vn -0.979003 -0.117401 0.166642
vn -0.983265 -0.112851 0.143020
vn -0.975868 -0.152278 -0.156503
vn -0.979003 -0.117401 0.166642
vn -0.882730 -0.067991 0.464936
vn -0.895506 -0.068168 0.439798
vn -0.983265 -0.112851 0.143020
vn -0.882730 -0.067991 0.464936
vn -0.696831 -0.013414 0.717110
vn -0.717754 -0.017902 0.696066
vn -0.895506 -0.068168 0.439798
vn -0.696831 -0.013414 0.717110
vn -0.441321 0.040511 0.896435
vn -0.466560 0.032807 0.883881
vn -0.717754 -0.017902 0.696066
vn -0.441321 0.040511 0.896435
vn -0.144281 0.088152 0.985602
vn -0.167899 0.078560 0.982669
vn -0.466560 0.032807 0.883881
vn -0.144281 0.088152 0.985602
vn 0.163463 0.124957 0.978604
vn 0.146877 0.114550 0.982500
vn -0.167899 0.078560 0.982669
vn 0.163463 0.124957 0.978604
vn 0.469721 0.148514 0.870233
vn 0.461037 0.138532 0.876501
vn 0.146877 0.114550 0.982500
vn 0.469721 0.148514 0.870233
vn 0.698549 0.155093 0.698552
vn 0.699540 0.145890 0.699542
vn 0.461037 0.138532 0.876501
vn 0.698549 0.155093 0.698552
vn 0.870230 0.148522 0.469724
vn 0.876500 0.138532 0.461039
vn 0.699540 0.145890 0.699542
vn -0.498387 -0.814244 -0.297685
vn -0.103739 -0.992565 -0.063669
vn -0.111126 -0.993562 -0.022050
vn -0.567300 -0.816679 -0.105859
vn -0.870232 0.148522 -0.469720
vn -0.795921 -0.389036 -0.463854
vn -0.902277 -0.402017 -0.155813
vn -0.978602 0.124972 -0.163463
vn -0.795921 -0.389036 -0.463854
vn -0.498387 -0.814244 -0.297685
vn -0.567300 -0.816679 -0.105859
vn -0.902277 -0.402017 -0.155813
vn -0.567300 -0.816679 -0.105859
vn -0.111126 -0.993562 -0.022050
vn -0.106910 -0.994204 0.011339
vn -0.562253 -0.824163 0.068022
vn -0.978602 0.124972 -0.163463
vn -0.902277 -0.402017 -0.155813
vn -0.897019 -0.423992 0.124853
vn -0.985601 0.088172 0.144279
vn -0.902277 -0.402017 -0.155813
vn -0.567300 -0.816679 -0.105859
vn -0.562253 -0.824163 0.068022
vn -0.897019 -0.423992 0.124853
vn -0.562253 -0.824163 0.068022
vn -0.106910 -0.994204 0.011339
vn -0.093438 -0.994773 0.041179
vn -0.502400 -0.833320 0.230590
vn -0.985601 0.088172 0.144279
vn -0.897019 -0.423992 0.124853
vn -0.803161 -0.452231 0.387840
vn -0.896433 0.040532 0.441322
vn -0.897019 -0.423992 0.124853
vn -0.562253 -0.824163 0.068022
vn -0.502400 -0.833320 0.230590
vn -0.803161 -0.452231 0.387840
vn -0.502400 -0.833320 0.230590
vn -0.093438 -0.994773 0.041179
vn -0.072366 -0.995264 0.064907
vn -0.394460 -0.843963 0.363494
vn -0.896433 0.040532 0.441322
vn -0.803161 -0.452231 0.387840
vn -0.631994 -0.484454 0.604887
vn -0.717111 -0.013392 0.696830
vn -0.803161 -0.452231 0.387840
vn -0.502400 -0.833320 0.230590
vn -0.394460 -0.843963 0.363494
vn -0.631994 -0.484454 0.604887
vn -0.394460 -0.843963 0.363494
vn -0.072366 -0.995264 0.064907
vn -0.046140 -0.995660 0.080827
vn -0.252330 -0.855005 0.453096
vn -0.717111 -0.013392 0.696830
vn -0.631994 -0.484454 0.604887
vn -0.403964 -0.517329 0.754443
vn -0.464938 -0.067971 0.882730
vn -0.631994 -0.484454 0.604887
vn -0.394460 -0.843963 0.363494
vn -0.252330 -0.855005 0.453096
vn -0.403964 -0.517329 0.754443
vn -0.252330 -0.855005 0.453096
vn -0.046140 -0.995660 0.080827
vn -0.017441 -0.995921 0.088525
vn -0.093287 -0.864961 0.493093
vn -0.464938 -0.067971 0.882730
vn -0.403964 -0.517329 0.754443
vn -0.144904 -0.546898 0.824564
vn -0.166639 -0.117386 0.979006
vn -0.403964 -0.517329 0.754443
vn -0.252330 -0.855005 0.453096
vn -0.093287 -0.864961 0.493093
vn -0.144904 -0.546898 0.824564
vn -0.093287 -0.864961 0.493093
vn -0.017441 -0.995921 0.088525
vn 0.011536 -0.996024 0.088330
vn 0.065971 -0.872346 0.484418
vn -0.166639 -0.117386 0.979006
vn -0.144904 -0.546898 0.824564
vn 0.118551 -0.569753 0.813221
vn 0.146282 -0.156592 0.976771
vn -0.144904 -0.546898 0.824564
vn -0.093287 -0.864961 0.493093
vn 0.065971 -0.872346 0.484418
vn 0.118551 -0.569753 0.813221
vn 0.065971 -0.872346 0.484418
vn 0.011536 -0.996024 0.088330
vn 0.045201 -0.995827 0.079281
vn 0.234082 -0.879455 0.414444
vn 0.146282 -0.156592 0.976771
vn 0.118551 -0.569753 0.813221
vn 0.398075 -0.588082 0.704057
vn 0.459444 -0.183166 0.869116
vn 0.118551 -0.569753 0.813221
vn 0.065971 -0.872346 0.484418
vn 0.234082 -0.879455 0.414444
vn 0.398075 -0.588082 0.704057
vn 0.234082 -0.879455 0.414444
vn 0.045201 -0.995827 0.079281
vn 0.061134 -0.996280 0.060742
vn 0.330184 -0.884659 0.329175
vn 0.459444 -0.183166 0.869116
vn 0.398075 -0.588082 0.704057
vn 0.568612 -0.595026 0.568000
vn 0.694075 -0.191108 0.694073
vn 0.398075 -0.588082 0.704057
vn 0.234082 -0.879455 0.414444
vn 0.330184 -0.884659 0.329175
vn 0.568612 -0.595026 0.568000
vn 0.330184 -0.884659 0.329175
vn 0.061134 -0.996280 0.060742
vn 0.079503 -0.995837 0.044577
vn 0.412957 -0.880836 0.231504
vn 0.694075 -0.191108 0.694073
vn 0.568612 -0.595026 0.568000
vn 0.703096 -0.590285 0.396509
vn 0.869115 -0.183172 0.459442
vn 0.568612 -0.595026 0.568000
vn 0.330184 -0.884659 0.329175
vn 0.412957 -0.880836 0.231504
vn 0.703096 -0.590285 0.396509
vn 0.412957 -0.880836 0.231504
vn 0.079503 -0.995837 0.044577
vn 0.088371 -0.996028 0.010857
vn 0.479601 -0.875175 0.063649
vn 0.869115 -0.183172 0.459442
vn 0.703096 -0.590285 0.396509
vn 0.810233 -0.574289 0.117112
vn 0.976769 -0.156603 0.146280
vn 0.703096 -0.590285 0.396509
vn 0.412957 -0.880836 0.231504
vn 0.479601 -0.875175 0.063649
vn 0.810233 -0.574289 0.117112
vn 0.479601 -0.875175 0.063649
vn 0.088371 -0.996028 0.010857
vn 0.088345 -0.995928 -0.017984
vn 0.485814 -0.869060 -0.093378
vn 0.976769 -0.156603 0.146280
vn 0.810233 -0.574289 0.117112
vn 0.820171 -0.553418 -0.145081
vn 0.979003 -0.117401 -0.166641
vn 0.810233 -0.574289 0.117112
vn 0.479601 -0.875175 0.063649
vn 0.485814 -0.869060 -0.093378
vn 0.820171 -0.553418 -0.145081
vn 0.485814 -0.869060 -0.093378
vn 0.088345 -0.995928 -0.017984
vn 0.080562 -0.995668 -0.046429
vn 0.445014 -0.860209 -0.249004
vn 0.979003 -0.117401 -0.166641
vn 0.820171 -0.553418 -0.145081
vn 0.749674 -0.525525 -0.402260
vn 0.882728 -0.067990 -0.464940
vn 0.820171 -0.553418 -0.145081
vn 0.485814 -0.869060 -0.093378
vn 0.445014 -0.860209 -0.249004
vn 0.749674 -0.525525 -0.402260
vn 0.445014 -0.860209 -0.249004
vn 0.080562 -0.995668 -0.046429
vn 0.064738 -0.995275 -0.072362
vn 0.356780 -0.849905 -0.387774
vn 0.882728 -0.067990 -0.464940
vn 0.749674 -0.525525 -0.402260
vn 0.600998 -0.493707 -0.628534
vn 0.696830 -0.013414 -0.717111
vn 0.749674 -0.525525 -0.402260
vn 0.445014 -0.860209 -0.249004
vn 0.356780 -0.849905 -0.387774
vn 0.600998 -0.493707 -0.628534
vn 0.356780 -0.849905 -0.387774
vn 0.064738 -0.995275 -0.072362
vn 0.041303 -0.994789 -0.093209
vn 0.227059 -0.839420 -0.493779
vn 0.696830 -0.013414 -0.717111
vn 0.600998 -0.493707 -0.628534
vn 0.385779 -0.461637 -0.798790
vn 0.441320 0.040511 -0.896435
vn 0.600998 -0.493707 -0.628534
vn 0.356780 -0.849905 -0.387774
vn 0.227059 -0.839420 -0.493779
vn 0.385779 -0.461637 -0.798790
vn 0.227059 -0.839420 -0.493779
vn 0.041303 -0.994789 -0.093209
vn 0.011895 -0.994226 -0.106650
vn 0.068314 -0.829684 -0.554037
vn 0.441320 0.040511 -0.896435
vn 0.385779 -0.461637 -0.798790
vn 0.124887 -0.432445 -0.892970
vn 0.144281 0.088153 -0.985602
vn 0.385779 -0.461637 -0.798790
vn 0.227059 -0.839420 -0.493779
vn 0.068314 -0.829684 -0.554037
vn 0.124887 -0.432445 -0.892970
vn 0.068314 -0.829684 -0.554037
vn 0.011895 -0.994226 -0.106650
vn -0.021110 -0.993582 -0.111125
vn -0.102771 -0.820879 -0.561779
vn 0.144281 0.088153 -0.985602
vn 0.124887 -0.432445 -0.892970
vn -0.154286 -0.408416 -0.899662
vn -0.163463 0.124958 -0.978604
vn 0.124887 -0.432445 -0.892970
vn 0.068314 -0.829684 -0.554037
vn -0.102771 -0.820879 -0.561779
vn -0.154286 -0.408416 -0.899662
vn -0.102771 -0.820879 -0.561779
vn -0.021110 -0.993582 -0.111125
vn -0.062745 -0.992588 -0.104083
vn -0.294344 -0.816382 -0.496872
vn -0.163463 0.124958 -0.978604
vn -0.154286 -0.408416 -0.899662
vn -0.462156 -0.392250 -0.795331
vn -0.469721 0.148514 -0.870233
vn -0.154286 -0.408416 -0.899662
vn -0.102771 -0.820879 -0.561779
vn -0.294344 -0.816382 -0.496872
vn -0.462156 -0.392250 -0.795331
vn -0.294344 -0.816382 -0.496872
vn -0.062745 -0.992588 -0.104083
vn -0.081599 -0.993271 -0.082181
vn -0.403470 -0.820541 -0.404877
vn -0.469721 0.148514 -0.870233
vn -0.462156 -0.392250 -0.795331
vn -0.650202 -0.391641 -0.651041
vn -0.698549 0.155093 -0.698552
vn -0.462156 -0.392250 -0.795331
vn -0.294344 -0.816382 -0.496872
vn -0.403470 -0.820541 -0.404877
vn -0.650202 -0.391641 -0.651041
vn -0.103739 -0.992565 -0.063669
vn -0.498387 -0.814244 -0.297685
vn -0.403470 -0.820541 -0.404877
vn -0.081599 -0.993271 -0.082181
vn -0.498387 -0.814244 -0.297685
vn -0.795921 -0.389036 -0.463854
vn -0.650202 -0.391641 -0.651041
vn -0.403470 -0.820541 -0.404877
vn -0.795921 -0.389036 -0.463854
vn -0.870232 0.148522 -0.469720
vn -0.698549 0.155093 -0.698552
vn -0.650202 -0.391641 -0.651041
vn 0.498382 -0.814246 0.297689
vn 0.103739 -0.992565 0.063670
vn 0.111128 -0.993562 0.022051
vn 0.567306 -0.816675 0.105861
vn 0.870230 0.148522 0.469724
vn 0.795916 -0.389036 0.463862
vn 0.902277 -0.402017 0.155817
vn 0.978602 0.124971 0.163461
vn 0.795916 -0.389036 0.463862
vn 0.498382 -0.814246 0.297689
vn 0.567306 -0.816675 0.105861
vn 0.902277 -0.402017 0.155817
vn 0.567306 -0.816675 0.105861
vn 0.111128 -0.993562 0.022051
vn 0.106910 -0.994204 -0.011340
vn 0.562255 -0.824161 -0.068027
vn 0.978602 0.124971 0.163461
vn 0.902277 -0.402017 0.155817
vn 0.897019 -0.423990 -0.124859
vn 0.985601 0.088171 -0.144281
vn 0.902277 -0.402017 0.155817
vn 0.567306 -0.816675 0.105861
vn 0.562255 -0.824161 -0.068027
vn 0.897019 -0.423990 -0.124859
vn 0.562255 -0.824161 -0.068027
vn 0.106910 -0.994204 -0.011340
vn 0.093437 -0.994773 -0.041179
vn 0.502401 -0.833320 -0.230589
vn 0.985601 0.088171 -0.144281
vn 0.897019 -0.423990 -0.124859
vn 0.803162 -0.452229 -0.387839
vn 0.896433 0.040532 -0.441321
vn 0.897019 -0.423990 -0.124859
vn 0.562255 -0.824161 -0.068027
vn 0.502401 -0.833320 -0.230589
vn 0.803162 -0.452229 -0.387839
vn 0.502401 -0.833320 -0.230589
vn 0.093437 -0.994773 -0.041179
vn 0.072365 -0.995264 -0.064907
vn 0.394457 -0.843965 -0.363492
vn 0.896433 0.040532 -0.441321
vn 0.803162 -0.452229 -0.387839
vn 0.631991 -0.484460 -0.604885
vn 0.717111 -0.013392 -0.696831
vn 0.803162 -0.452229 -0.387839
vn 0.502401 -0.833320 -0.230589
vn 0.394457 -0.843965 -0.363492
vn 0.631991 -0.484460 -0.604885
vn 0.394457 -0.843965 -0.363492
vn 0.072365 -0.995264 -0.064907
vn 0.046139 -0.995660 -0.080827
vn 0.252325 -0.855008 -0.453093
vn 0.717111 -0.013392 -0.696831
vn 0.631991 -0.484460 -0.604885
vn 0.403962 -0.517334 -0.754440
vn 0.464940 -0.067971 -0.882729
vn 0.631991 -0.484460 -0.604885
vn 0.394457 -0.843965 -0.363492
vn 0.252325 -0.855008 -0.453093
vn 0.403962 -0.517334 -0.754440
vn 0.252325 -0.855008 -0.453093
vn 0.046139 -0.995660 -0.080827
vn 0.017442 -0.995921 -0.088525
vn 0.093289 -0.864961 -0.493092
vn 0.464940 -0.067971 -0.882729
vn 0.403962 -0.517334 -0.754440
vn 0.144908 -0.546899 -0.824562
vn 0.166642 -0.117385 -0.979005
vn 0.403962 -0.517334 -0.754440
vn 0.252325 -0.855008 -0.453093
vn 0.093289 -0.864961 -0.493092
vn 0.144908 -0.546899 -0.824562
vn 0.093289 -0.864961 -0.493092
vn 0.017442 -0.995921 -0.088525
vn -0.011535 -0.996024 -0.088331
vn -0.065967 -0.872345 -0.484421
vn 0.166642 -0.117385 -0.979005
vn 0.144908 -0.546899 -0.824562
vn -0.118546 -0.569750 -0.813223
vn -0.146282 -0.156592 -0.976771
vn 0.144908 -0.546899 -0.824562
vn 0.093289 -0.864961 -0.493092
vn -0.065967 -0.872345 -0.484421
vn -0.118546 -0.569750 -0.813223
vn -0.065967 -0.872345 -0.484421
vn -0.011535 -0.996024 -0.088331
vn -0.045201 -0.995827 -0.079282
vn -0.234082 -0.879455 -0.414445
vn -0.146282 -0.156592 -0.976771
vn -0.118546 -0.569750 -0.813223
vn -0.398074 -0.588081 -0.704058
vn -0.459443 -0.183166 -0.869116
vn -0.118546 -0.569750 -0.813223
vn -0.065967 -0.872345 -0.484421
vn -0.234082 -0.879455 -0.414445
vn -0.398074 -0.588081 -0.704058
vn -0.234082 -0.879455 -0.414445
vn -0.045201 -0.995827 -0.079282
vn -0.061133 -0.996280 -0.060741
vn -0.330182 -0.884661 -0.329174
vn -0.459443 -0.183166 -0.869116
vn -0.398074 -0.588081 -0.704058
vn -0.568609 -0.595029 -0.568000
vn -0.694075 -0.191108 -0.694074
vn -0.398074 -0.588081 -0.704058
vn -0.234082 -0.879455 -0.414445
vn -0.330182 -0.884661 -0.329174
vn -0.568609 -0.595029 -0.568000
vn -0.330182 -0.884661 -0.329174
vn -0.061133 -0.996280 -0.060741
vn -0.079504 -0.995837 -0.044578
vn -0.412960 -0.880835 -0.231505
vn -0.694075 -0.191108 -0.694074
vn -0.568609 -0.595029 -0.568000
vn -0.703098 -0.590282 -0.396509
vn -0.869116 -0.183172 -0.459440
vn -0.568609 -0.595029 -0.568000
vn -0.330182 -0.884661 -0.329174
vn -0.412960 -0.880835 -0.231505
vn -0.703098 -0.590282 -0.396509
vn -0.412960 -0.880835 -0.231505
vn -0.079504 -0.995837 -0.044578
vn -0.088371 -0.996029 -0.010857
vn -0.479601 -0.875176 -0.063646
vn -0.869116 -0.183172 -0.459440
vn -0.703098 -0.590282 -0.396509
vn -0.810235 -0.574287 -0.117107
vn -0.976770 -0.156602 -0.146275
vn -0.703098 -0.590282 -0.396509
vn -0.412960 -0.880835 -0.231505
vn -0.479601 -0.875176 -0.063646
vn -0.810235 -0.574287 -0.117107
vn -0.479601 -0.875176 -0.063646
vn -0.088371 -0.996029 -0.010857
vn -0.088345 -0.995928 0.017984
vn -0.485814 -0.869060 0.093378
vn -0.976770 -0.156602 -0.146275
vn -0.810235 -0.574287 -0.117107
vn -0.820167 -0.553423 0.145083
vn -0.979003 -0.117401 0.166642
vn -0.810235 -0.574287 -0.117107
vn -0.479601 -0.875176 -0.063646
vn -0.485814 -0.869060 0.093378
vn -0.820167 -0.553423 0.145083
vn -0.485814 -0.869060 0.093378
vn -0.088345 -0.995928 0.017984
vn -0.080562 -0.995668 0.046428
vn -0.445015 -0.860210 0.248999
vn -0.979003 -0.117401 0.166642
vn -0.820167 -0.553423 0.145083
vn -0.749674 -0.525528 0.402255
vn -0.882730 -0.067991 0.464936
vn -0.820167 -0.553423 0.145083
vn -0.485814 -0.869060 0.093378
vn -0.445015 -0.860210 0.248999
vn -0.749674 -0.525528 0.402255
vn -0.445015 -0.860210 0.248999
vn -0.080562 -0.995668 0.046428
vn -0.064739 -0.995275 0.072363
vn -0.356782 -0.849905 0.387773
vn -0.882730 -0.067991 0.464936
vn -0.749674 -0.525528 0.402255
vn -0.601001 -0.493708 0.628530
vn -0.696831 -0.013414 0.717110
vn -0.749674 -0.525528 0.402255
vn -0.445015 -0.860210 0.248999
vn -0.356782 -0.849905 0.387773
vn -0.601001 -0.493708 0.628530
vn -0.356782 -0.849905 0.387773
vn -0.064739 -0.995275 0.072363
vn -0.041303 -0.994789 0.093210
vn -0.227057 -0.839419 0.493783
vn -0.696831 -0.013414 0.717110
vn -0.601001 -0.493708 0.628530
vn -0.385778 -0.461635 0.798792
vn -0.441321 0.040511 0.896435
vn -0.601001 -0.493708 0.628530
vn -0.356782 -0.849905 0.387773
vn -0.227057 -0.839419 0.493783
vn -0.385778 -0.461635 0.798792
vn -0.227057 -0.839419 0.493783
vn -0.041303 -0.994789 0.093210
vn -0.011894 -0.994226 0.106650
vn -0.068314 -0.829684 0.554038
vn -0.441321 0.040511 0.896435
vn -0.385778 -0.461635 0.798792
vn -0.124887 -0.432444 0.892970
vn -0.144281 0.088152 0.985602
vn -0.385778 -0.461635 0.798792
vn -0.227057 -0.839419 0.493783
vn -0.068314 -0.829684 0.554038
vn -0.124887 -0.432444 0.892970
vn -0.068314 -0.829684 0.554038
vn -0.011894 -0.994226 0.106650
vn 0.021110 -0.993582 0.111124
vn 0.102772 -0.820880 0.561778
vn -0.144281 0.088152 0.985602
vn -0.124887 -0.432444 0.892970
vn 0.154289 -0.408417 0.899661
vn 0.163463 0.124957 0.978604
vn -0.124887 -0.432444 0.892970
vn -0.068314 -0.829684 0.554038
vn 0.102772 -0.820880 0.561778
vn 0.154289 -0.408417 0.899661
vn 0.102772 -0.820880 0.561778
vn 0.021110 -0.993582 0.111124
vn 0.062744 -0.992588 0.104083
vn 0.294344 -0.816383 0.496871
vn 0.163463 0.124957 0.978604
vn 0.154289 -0.408417 0.899661
vn 0.462156 -0.392254 0.795330
vn 0.469721 0.148514 0.870233
vn 0.154289 -0.408417 0.899661
vn 0.102772 -0.820880 0.561778
vn 0.294344 -0.816383 0.496871
vn 0.462156 -0.392254 0.795330
vn 0.294344 -0.816383 0.496871
vn 0.062744 -0.992588 0.104083
vn 0.081599 -0.993271 0.082181
vn 0.403469 -0.820542 0.404875
vn 0.469721 0.148514 0.870233
vn 0.462156 -0.392254 0.795330
vn 0.650201 -0.391645 0.651040
vn 0.698549 0.155093 0.698552
vn 0.462156 -0.392254 0.795330
vn 0.294344 -0.816383 0.496871
vn 0.403469 -0.820542 0.404875
vn 0.650201 -0.391645 0.651040
vn 0.103739 -0.992565 0.063670
vn 0.498382 -0.814246 0.297689
vn 0.403469 -0.820542 0.404875
vn 0.081599 -0.993271 0.082181
vn 0.498382 -0.814246 0.297689
vn 0.795916 -0.389036 0.463862
vn 0.650201 -0.391645 0.651040
vn 0.403469 -0.820542 0.404875
vn 0.795916 -0.389036 0.463862
vn 0.870230 0.148522 0.469724
vn 0.698549 0.155093 0.698552
vn 0.650201 -0.391645 0.651040
vn 0.461036 0.138532 -0.876502
vn 0.146876 0.114551 -0.982500
vn 0.153871 0.019599 -0.987897
vn 0.452639 0.025878 -0.891318
vn 0.146876 0.114551 -0.982500
vn -0.167897 0.078560 -0.982669
vn -0.159915 0.009829 -0.987082
vn 0.153871 0.019599 -0.987897
vn -0.167897 0.078560 -0.982669
vn -0.466563 0.032807 -0.883879
vn -0.457689 -0.002460 -0.889109
vn -0.159915 0.009829 -0.987082
vn -0.466563 0.032807 -0.883879
vn -0.717753 -0.017902 -0.696068
vn -0.710104 -0.016045 -0.703914
vn -0.457689 -0.002460 -0.889109
vn -0.717753 -0.017902 -0.696068
vn -0.895505 -0.068168 -0.439800
vn -0.892499 -0.029584 -0.450077
vn -0.710104 -0.016045 -0.703914
vn -0.895505 -0.068168 -0.439800
vn -0.983265 -0.112851 -0.143018
vn -0.987375 -0.041753 -0.152797
vn -0.892499 -0.029584 -0.450077
vn -0.983265 -0.112851 -0.143018
vn -0.975867 -0.152279 0.156507
vn -0.998911 -0.046657 -0.000003
vn -0.987375 -0.041753 -0.152797
vn -0.156507 -0.152279 0.975867
vn 0.143018 -0.112851 0.983265
vn 0.152796 -0.041753 0.987375
vn -0.000002 -0.046657 0.998911
vn 0.143018 -0.112851 0.983265
vn 0.439801 -0.068168 0.895505
vn 0.450078 -0.029584 0.892499
vn 0.152796 -0.041753 0.987375
vn 0.439801 -0.068168 0.895505
vn 0.696067 -0.017902 0.717754
vn 0.703915 -0.016044 0.710103
vn 0.450078 -0.029584 0.892499
vn 0.696067 -0.017902 0.717754
vn 0.883881 0.032807 0.466560
vn 0.889109 -0.002459 0.457690
vn 0.703915 -0.016044 0.710103
vn 0.883881 0.032807 0.466560
vn 0.982669 0.078560 0.167898
vn 0.987082 0.009829 0.159915
vn 0.889109 -0.002459 0.457690
vn 0.982669 0.078560 0.167898
vn 0.982500 0.114551 -0.146876
vn 0.987896 0.019599 -0.153873
vn 0.987082 0.009829 0.159915
vn 0.982500 0.114551 -0.146876
vn 0.876501 0.138532 -0.461036
vn 0.891319 0.025878 -0.452638
vn 0.987896 0.019599 -0.153873
vn 0.876501 0.138532 -0.461036
vn 0.699542 0.145890 -0.699541
vn 0.706830 0.028043 -0.706828
vn 0.891319 0.025878 -0.452638
vn 0.699542 0.145890 -0.699541
vn 0.461036 0.138532 -0.876502
vn 0.452639 0.025878 -0.891318
vn 0.706830 0.028043 -0.706828
vn -0.461039 0.138533 0.876500
vn -0.146875 0.114551 0.982500
vn -0.153871 0.019599 0.987897
vn -0.452640 0.025879 0.891318
vn -0.146875 0.114551 0.982500
vn 0.167898 0.078560 0.982669
vn 0.159917 0.009828 0.987082
vn -0.153871 0.019599 0.987897
vn 0.167898 0.078560 0.982669
vn 0.466562 0.032807 0.883880
vn 0.457691 -0.002460 0.889108
vn 0.159917 0.009828 0.987082
vn 0.466562 0.032807 0.883880
vn 0.717754 -0.017902 0.696067
vn 0.710101 -0.016045 0.703916
vn 0.457691 -0.002460 0.889108
vn 0.717754 -0.017902 0.696067
vn 0.895504 -0.068168 0.439801
vn 0.892499 -0.029584 0.450078
vn 0.710101 -0.016045 0.703916
vn 0.895504 -0.068168 0.439801
vn 0.983265 -0.112851 0.143021
vn 0.987375 -0.041753 0.152797
vn 0.892499 -0.029584 0.450078
vn 0.983265 -0.112851 0.143021
vn 0.975868 -0.152278 -0.156505
vn 0.998911 -0.046656 0.000003
vn 0.987375 -0.041753 0.152797
vn 0.156505 -0.152278 -0.975868
vn -0.143019 -0.112851 -0.983265
vn -0.152794 -0.041753 -0.987376
vn -0.000003 -0.046657 -0.998911
vn -0.143019 -0.112851 -0.983265
vn -0.439799 -0.068169 -0.895505
vn -0.450076 -0.029584 -0.892500
vn -0.152794 -0.041753 -0.987376
vn -0.439799 -0.068169 -0.895505
vn -0.696067 -0.017903 -0.717754
vn -0.703916 -0.016045 -0.710102
vn -0.450076 -0.029584 -0.892500
vn -0.696067 -0.017903 -0.717754
vn -0.883881 0.032807 -0.466560
vn -0.889108 -0.002460 -0.457690
vn -0.703916 -0.016045 -0.710102
vn -0.883881 0.032807 -0.466560
vn -0.982669 0.078560 -0.167899
vn -0.987082 0.009828 -0.159915
vn -0.889108 -0.002460 -0.457690
vn -0.982669 0.078560 -0.167899
vn -0.982500 0.114551 0.146875
vn -0.987897 0.019598 0.153870
vn -0.987082 0.009828 -0.159915
vn -0.982500 0.114551 0.146875
vn -0.876501 0.138532 0.461036
vn -0.891318 0.025878 0.452639
vn -0.987897 0.019598 0.153870
vn -0.876501 0.138532 0.461036
vn -0.699542 0.145890 0.699540
vn -0.706829 0.028043 0.706828
vn -0.891318 0.025878 0.452639
vn -0.699542 0.145890 0.699540
vn -0.461039 0.138533 0.876500
vn -0.452640 0.025879 0.891318
vn -0.706829 0.028043 0.706828
vn -0.059650 -0.998033 0.019281
vn -0.053587 -0.998249 0.025064
vn -0.050118 -0.998420 0.025426
vn -0.057377 -0.998182 0.018450
vn -0.739191 -0.008309 -0.673444
vn -0.739191 -0.008309 -0.673444
vn -0.730991 -0.007358 -0.682347
vn -0.730197 -0.007267 -0.683198
vn -0.053587 -0.998249 0.025064
vn -0.039134 -0.998467 0.039135
vn -0.037674 -0.998580 0.037675
vn -0.050118 -0.998420 0.025426
vn -0.039134 -0.998467 0.039135
vn -0.025060 -0.998249 0.053588
vn -0.025424 -0.998420 0.050119
vn -0.037674 -0.998580 0.037675
vn -0.025060 -0.998249 0.053588
vn -0.019274 -0.998033 0.059649
vn -0.018445 -0.998182 0.057377
vn -0.025424 -0.998420 0.050119
vn 0.673444 -0.008309 0.739191
vn 0.673444 -0.008309 0.739192
vn 0.683198 -0.007267 0.730197
vn 0.682347 -0.007358 0.730991
vn 0.059649 -0.998033 -0.019281
vn 0.053587 -0.998249 -0.025064
vn 0.050118 -0.998420 -0.025426
vn 0.057376 -0.998182 -0.018450
vn 0.739191 -0.008309 0.673444
vn 0.739191 -0.008309 0.673444
vn 0.730991 -0.007358 0.682347
vn 0.730197 -0.007267 0.683198
vn 0.053587 -0.998249 -0.025064
vn 0.039134 -0.998467 -0.039135
vn 0.037674 -0.998580 -0.037674
vn 0.050118 -0.998420 -0.025426
vn 0.039134 -0.998467 -0.039135
vn 0.025060 -0.998249 -0.053588
vn 0.025424 -0.998420 -0.050119
vn 0.037674 -0.998580 -0.037674
vn 0.025060 -0.998249 -0.053588
vn 0.019274 -0.998033 -0.059650
vn 0.018445 -0.998182 -0.057378
vn 0.025424 -0.998420 -0.050119
vn -0.673444 -0.008308 -0.739191
vn -0.673444 -0.008308 -0.739192
vn -0.683198 -0.007267 -0.730197
vn -0.682347 -0.007358 -0.730991
vn -0.707000 -0.004667 -0.707198
vn -0.682347 -0.007358 -0.730991
vn -0.683198 -0.007267 -0.730197
vn -0.707002 -0.004667 -0.707197
vn -0.707099 -0.004666 -0.707099
vn -0.707000 -0.004667 -0.707198
vn -0.707002 -0.004667 -0.707197
vn -0.707099 -0.004666 -0.707099
vn -0.730991 -0.007358 -0.682347
vn -0.707198 -0.004667 -0.707000
vn -0.707196 -0.004667 -0.707002
vn -0.730197 -0.007267 -0.683198
vn -0.707198 -0.004667 -0.707000
vn -0.707099 -0.004666 -0.707099
vn -0.707099 -0.004666 -0.707099
vn -0.707196 -0.004667 -0.707002
vn 0.018445 -0.998182 -0.057378
vn 0.007081 -0.999357 -0.035145
vn 0.012232 -0.999469 -0.030210
vn 0.025424 -0.998420 -0.050119
vn 0.007081 -0.999357 -0.035145
vn -0.011500 -0.999868 -0.011509
vn -0.007368 -0.999946 -0.007365
vn 0.012232 -0.999469 -0.030210
vn -0.011500 -0.999868 -0.011509
vn -0.035139 -0.999357 0.007075
vn -0.030212 -0.999469 0.012234
vn -0.007368 -0.999946 -0.007365
vn -0.035139 -0.999357 0.007075
vn -0.057377 -0.998182 0.018450
vn -0.050118 -0.998420 0.025426
vn -0.030212 -0.999469 0.012234
vn 0.025424 -0.998420 -0.050119
vn 0.012232 -0.999469 -0.030210
vn 0.021317 -0.999546 -0.021315
vn 0.037674 -0.998580 -0.037674
vn 0.012232 -0.999469 -0.030210
vn -0.007368 -0.999946 -0.007365
vn -0.000000 -1.000000 0.000001
vn 0.021317 -0.999546 -0.021315
vn -0.007368 -0.999946 -0.007365
vn -0.030212 -0.999469 0.012234
vn -0.021317 -0.999546 0.021319
vn -0.000000 -1.000000 0.000001
vn -0.030212 -0.999469 0.012234
vn -0.050118 -0.998420 0.025426
vn -0.037674 -0.998580 0.037675
vn -0.021317 -0.999546 0.021319
vn 0.037674 -0.998580 -0.037674
vn 0.021317 -0.999546 -0.021315
vn 0.030212 -0.999469 -0.012232
vn 0.050118 -0.998420 -0.025426
vn 0.021317 -0.999546 -0.021315
vn -0.000000 -1.000000 0.000001
vn 0.007368 -0.999946 0.007366
vn 0.030212 -0.999469 -0.012232
vn -0.000000 -1.000000 0.000001
vn -0.021317 -0.999546 0.021319
vn -0.012232 -0.999469 0.030210
vn 0.007368 -0.999946 0.007366
vn -0.021317 -0.999546 0.021319
vn -0.037674 -0.998580 0.037675
vn -0.025424 -0.998420 0.050119
vn -0.012232 -0.999469 0.030210
vn 0.050118 -0.998420 -0.025426
vn 0.030212 -0.999469 -0.012232
vn 0.035139 -0.999357 -0.007075
vn 0.057376 -0.998182 -0.018450
vn 0.030212 -0.999469 -0.012232
vn 0.007368 -0.999946 0.007366
vn 0.011500 -0.999868 0.011508
vn 0.035139 -0.999357 -0.007075
vn 0.007368 -0.999946 0.007366
vn -0.012232 -0.999469 0.030210
vn -0.007081 -0.999357 0.035142
vn 0.011500 -0.999868 0.011508
vn -0.012232 -0.999469 0.030210
vn -0.025424 -0.998420 0.050119
vn -0.018445 -0.998182 0.057377
vn -0.007081 -0.999357 0.035142
vn 0.730991 -0.007358 0.682347
vn 0.707199 -0.004667 0.707000
vn 0.707197 -0.004667 0.707002
vn 0.730197 -0.007267 0.683198
vn 0.707199 -0.004667 0.707000
vn 0.707099 -0.004666 0.707099
vn 0.707099 -0.004666 0.707099
vn 0.707197 -0.004667 0.707002
vn 0.707099 -0.004666 0.707099
vn 0.706999 -0.004667 0.707199
vn 0.707001 -0.004667 0.707197
vn 0.707099 -0.004666 0.707099
vn 0.706999 -0.004667 0.707199
vn 0.682347 -0.007358 0.730991
vn 0.683198 -0.007267 0.730197
vn 0.707001 -0.004667 0.707197
vn 0.022050 -0.993562 -0.111127
vn 0.063669 -0.992565 -0.103739
vn 0.000000 -1.000000 0.000000
vn -0.011339 -0.994204 -0.106911
vn 0.022050 -0.993562 -0.111127
vn 0.000000 -1.000000 0.000000
vn -0.041179 -0.994773 -0.093437
vn -0.011339 -0.994204 -0.106911
vn 0.000000 -1.000000 0.000000
vn -0.064907 -0.995264 -0.072365
vn -0.041179 -0.994773 -0.093437
vn 0.000000 -1.000000 0.000000
vn -0.080828 -0.995660 -0.046140
vn -0.064907 -0.995264 -0.072365
vn 0.000000 -1.000000 0.000000
vn -0.088525 -0.995921 -0.017442
vn -0.080828 -0.995660 -0.046140
vn 0.000000 -1.000000 0.000000
vn -0.088330 -0.996024 0.011536
vn -0.088525 -0.995921 -0.017442
vn 0.000000 -1.000000 0.000000
vn -0.079281 -0.995827 0.045201
vn -0.088330 -0.996024 0.011536
vn 0.000000 -1.000000 0.000000
vn -0.060742 -0.996280 0.061134
vn -0.079281 -0.995827 0.045201
vn 0.000000 -1.000000 0.000000
vn -0.044577 -0.995837 0.079503
vn -0.060742 -0.996280 0.061134
vn 0.000000 -1.000000 0.000000
vn -0.010857 -0.996028 0.088371
vn -0.044577 -0.995837 0.079503
vn 0.000000 -1.000000 0.000000
vn 0.017984 -0.995928 0.088345
vn -0.010857 -0.996028 0.088371
vn 0.000000 -1.000000 0.000000
vn 0.046429 -0.995668 0.080562
vn 0.017984 -0.995928 0.088345
vn 0.000000 -1.000000 0.000000
vn 0.072362 -0.995275 0.064737
vn 0.046429 -0.995668 0.080562
vn 0.000000 -1.000000 0.000000
vn 0.093209 -0.994789 0.041303
vn 0.072362 -0.995275 0.064737
vn 0.000000 -1.000000 0.000000
vn 0.106651 -0.994225 0.011895
vn 0.093209 -0.994789 0.041303
vn 0.000000 -1.000000 0.000000
vn 0.111125 -0.993582 -0.021110
vn 0.106651 -0.994225 0.011895
vn 0.000000 -1.000000 0.000000
vn 0.104082 -0.992588 -0.062744
vn 0.111125 -0.993582 -0.021110
vn 0.000000 -1.000000 0.000000
vn 0.082181 -0.993271 -0.081599
vn 0.104082 -0.992588 -0.062744
vn 0.000000 -1.000000 0.000000
vn 0.063669 -0.992565 -0.103739
vn 0.082181 -0.993271 -0.081599
vn 0.000000 -1.000000 0.000000
vn 0.469721 0.148522 -0.870232
vn 0.163464 0.124972 -0.978602
vn 0.146876 0.114551 -0.982500
vn 0.461036 0.138532 -0.876502
vn 0.163464 0.124972 -0.978602
vn -0.144279 0.088172 -0.985601
vn -0.167897 0.078560 -0.982669
vn 0.146876 0.114551 -0.982500
vn -0.144279 0.088172 -0.985601
vn -0.441323 0.040532 -0.896432
vn -0.466563 0.032807 -0.883879
vn -0.167897 0.078560 -0.982669
vn -0.441323 0.040532 -0.896432
vn -0.696831 -0.013392 -0.717111
vn -0.717753 -0.017902 -0.696068
vn -0.466563 0.032807 -0.883879
vn -0.696831 -0.013392 -0.717111
vn -0.882730 -0.067971 -0.464938
vn -0.895505 -0.068168 -0.439800
vn -0.717753 -0.017902 -0.696068
vn -0.882730 -0.067971 -0.464938
vn -0.979006 -0.117386 -0.166639
vn -0.983265 -0.112851 -0.143018
vn -0.895505 -0.068168 -0.439800
vn -0.979006 -0.117386 -0.166639
vn -0.976771 -0.156592 0.146281
vn -0.975867 -0.152279 0.156507
vn -0.983265 -0.112851 -0.143018
vn -0.976771 -0.156592 0.146281
vn -0.869115 -0.183166 0.459444
vn -0.864338 -0.182923 0.468465
vn -0.975867 -0.152279 0.156507
vn -0.869115 -0.183166 0.459444
vn -0.694073 -0.191108 0.694075
vn -0.694191 -0.190259 0.694191
vn -0.864338 -0.182923 0.468465
vn -0.694073 -0.191108 0.694075
vn -0.459443 -0.183172 0.869115
vn -0.468465 -0.182923 0.864338
vn -0.694191 -0.190259 0.694191
vn -0.459443 -0.183172 0.869115
vn -0.146279 -0.156603 0.976769
vn -0.156507 -0.152279 0.975867
vn -0.468465 -0.182923 0.864338
vn -0.146279 -0.156603 0.976769
vn 0.166640 -0.117401 0.979004
vn 0.143018 -0.112851 0.983265
vn -0.156507 -0.152279 0.975867
vn 0.166640 -0.117401 0.979004
vn 0.464939 -0.067990 0.882728
vn 0.439801 -0.068168 0.895505
vn 0.143018 -0.112851 0.983265
vn 0.464939 -0.067990 0.882728
vn 0.717111 -0.013414 0.696830
vn 0.696067 -0.017902 0.717754
vn 0.439801 -0.068168 0.895505
vn 0.717111 -0.013414 0.696830
vn 0.896435 0.040511 0.441320
vn 0.883881 0.032807 0.466560
vn 0.696067 -0.017902 0.717754
vn 0.896435 0.040511 0.441320
vn 0.985602 0.088152 0.144281
vn 0.982669 0.078560 0.167898
vn 0.883881 0.032807 0.466560
vn 0.985602 0.088152 0.144281
vn 0.978604 0.124958 -0.163463
vn 0.982500 0.114551 -0.146876
vn 0.982669 0.078560 0.167898
vn 0.978604 0.124958 -0.163463
vn 0.870234 0.148514 -0.469719
vn 0.876501 0.138532 -0.461036
vn 0.982500 0.114551 -0.146876
vn 0.870234 0.148514 -0.469719
vn 0.698552 0.155093 -0.698550
vn 0.699542 0.145890 -0.699541
vn 0.876501 0.138532 -0.461036
vn 0.698552 0.155093 -0.698550
vn 0.469721 0.148522 -0.870232
vn 0.461036 0.138532 -0.876502
vn 0.699542 0.145890 -0.699541
vn -0.022051 -0.993561 0.111129
vn -0.063670 -0.992565 0.103739
vn 0.000000 -1.000000 0.000000
vn 0.011340 -0.994204 0.106910
vn -0.022051 -0.993561 0.111129
vn 0.000000 -1.000000 0.000000
vn 0.041178 -0.994773 0.093437
vn 0.011340 -0.994204 0.106910
vn 0.000000 -1.000000 0.000000
vn 0.064907 -0.995264 0.072365
vn 0.041178 -0.994773 0.093437
vn 0.000000 -1.000000 0.000000
vn 0.080828 -0.995660 0.046139
vn 0.064907 -0.995264 0.072365
vn 0.000000 -1.000000 0.000000
vn 0.088526 -0.995921 0.017442
vn 0.080828 -0.995660 0.046139
vn 0.000000 -1.000000 0.000000
vn 0.088330 -0.996024 -0.011535
vn 0.088526 -0.995921 0.017442
vn 0.000000 -1.000000 0.000000
vn 0.079282 -0.995827 -0.045202
vn 0.088330 -0.996024 -0.011535
vn 0.000000 -1.000000 0.000000
vn 0.060741 -0.996280 -0.061134
vn 0.079282 -0.995827 -0.045202
vn 0.000000 -1.000000 0.000000
vn 0.044578 -0.995837 -0.079504
vn 0.060741 -0.996280 -0.061134
vn 0.000000 -1.000000 0.000000
vn 0.010857 -0.996029 -0.088371
vn 0.044578 -0.995837 -0.079504
vn 0.000000 -1.000000 0.000000
vn -0.017984 -0.995928 -0.088344
vn 0.010857 -0.996029 -0.088371
vn 0.000000 -1.000000 0.000000
vn -0.046428 -0.995668 -0.080561
vn -0.017984 -0.995928 -0.088344
vn 0.000000 -1.000000 0.000000
vn -0.072362 -0.995275 -0.064738
vn -0.046428 -0.995668 -0.080561
vn 0.000000 -1.000000 0.000000
vn -0.093209 -0.994790 -0.041302
vn -0.072362 -0.995275 -0.064738
vn 0.000000 -1.000000 0.000000
vn -0.106650 -0.994226 -0.011894
vn -0.093209 -0.994790 -0.041302
vn 0.000000 -1.000000 0.000000
vn -0.111125 -0.993582 0.021110
vn -0.106650 -0.994226 -0.011894
vn 0.000000 -1.000000 0.000000
vn -0.104083 -0.992588 0.062743
vn -0.111125 -0.993582 0.021110
vn 0.000000 -1.000000 0.000000
vn -0.082181 -0.993271 0.081599
vn -0.104083 -0.992588 0.062743
vn 0.000000 -1.000000 0.000000
vn -0.063670 -0.992565 0.103739
vn -0.082181 -0.993271 0.081599
vn 0.000000 -1.000000 0.000000
vn -0.469724 0.148522 0.870230
vn -0.163462 0.124972 0.978602
vn -0.146875 0.114551 0.982500
vn -0.461039 0.138533 0.876500
vn -0.163462 0.124972 0.978602
vn 0.144280 0.088171 0.985601
vn 0.167898 0.078560 0.982669
vn -0.146875 0.114551 0.982500
vn 0.144280 0.088171 0.985601
vn 0.441322 0.040532 0.896433
vn 0.466562 0.032807 0.883880
vn 0.167898 0.078560 0.982669
vn 0.441322 0.040532 0.896433
vn 0.696831 -0.013392 0.717110
vn 0.717754 -0.017902 0.696067
vn 0.466562 0.032807 0.883880
vn 0.696831 -0.013392 0.717110
vn 0.882730 -0.067971 0.464939
vn 0.895504 -0.068168 0.439801
vn 0.717754 -0.017902 0.696067
vn 0.882730 -0.067971 0.464939
vn 0.979005 -0.117385 0.166642
vn 0.983265 -0.112851 0.143021
vn 0.895504 -0.068168 0.439801
vn 0.979005 -0.117385 0.166642
vn 0.976771 -0.156591 -0.146279
vn 0.975868 -0.152278 -0.156505
vn 0.983265 -0.112851 0.143021
vn 0.976771 -0.156591 -0.146279
vn 0.869116 -0.183166 -0.459443
vn 0.864338 -0.182923 -0.468464
vn 0.975868 -0.152278 -0.156505
vn 0.869116 -0.183166 -0.459443
vn 0.694072 -0.191109 -0.694076
vn 0.694189 -0.190259 -0.694192
vn 0.864338 -0.182923 -0.468464
vn 0.694072 -0.191109 -0.694076
vn 0.459441 -0.183172 -0.869116
vn 0.468463 -0.182923 -0.864339
vn 0.694189 -0.190259 -0.694192
vn 0.459441 -0.183172 -0.869116
vn 0.146277 -0.156602 -0.976770
vn 0.156505 -0.152278 -0.975868
vn 0.468463 -0.182923 -0.864339
vn 0.146277 -0.156602 -0.976770
vn -0.166642 -0.117401 -0.979003
vn -0.143019 -0.112851 -0.983265
vn 0.156505 -0.152278 -0.975868
vn -0.166642 -0.117401 -0.979003
vn -0.464937 -0.067991 -0.882729
vn -0.439799 -0.068169 -0.895505
vn -0.143019 -0.112851 -0.983265
vn -0.464937 -0.067991 -0.882729
vn -0.717111 -0.013414 -0.696830
vn -0.696067 -0.017903 -0.717754
vn -0.439799 -0.068169 -0.895505
vn -0.717111 -0.013414 -0.696830
vn -0.896435 0.040511 -0.441321
vn -0.883881 0.032807 -0.466560
vn -0.696067 -0.017903 -0.717754
vn -0.896435 0.040511 -0.441321
vn -0.985602 0.088152 -0.144282
vn -0.982669 0.078560 -0.167899
vn -0.883881 0.032807 -0.466560
vn -0.985602 0.088152 -0.144282
vn -0.978604 0.124957 0.163461
vn -0.982500 0.114551 0.146875
vn -0.982669 0.078560 -0.167899
vn -0.978604 0.124957 0.163461
vn -0.870234 0.148514 0.469720
vn -0.876501 0.138532 0.461036
vn -0.982500 0.114551 0.146875
vn -0.870234 0.148514 0.469720
vn -0.698552 0.155093 0.698549
vn -0.699542 0.145890 0.699540
vn -0.876501 0.138532 0.461036
vn -0.698552 0.155093 0.698549
vn -0.469724 0.148522 0.870230
vn -0.461039 0.138533 0.876500
vn -0.699542 0.145890 0.699540
vn 0.297686 -0.814246 -0.498385
vn 0.063669 -0.992565 -0.103739
vn 0.022050 -0.993562 -0.111127
vn 0.105857 -0.816679 -0.567301
vn 0.469721 0.148522 -0.870232
vn 0.463855 -0.389037 -0.795920
vn 0.155815 -0.402018 -0.902277
vn 0.163464 0.124972 -0.978602
vn 0.463855 -0.389037 -0.795920
vn 0.297686 -0.814246 -0.498385
vn 0.105857 -0.816679 -0.567301
vn 0.155815 -0.402018 -0.902277
vn 0.105857 -0.816679 -0.567301
vn 0.022050 -0.993562 -0.111127
vn -0.011339 -0.994204 -0.106911
vn -0.068022 -0.824162 -0.562254
vn 0.163464 0.124972 -0.978602
vn 0.155815 -0.402018 -0.902277
vn -0.124853 -0.423991 -0.897019
vn -0.144279 0.088172 -0.985601
vn 0.155815 -0.402018 -0.902277
vn 0.105857 -0.816679 -0.567301
vn -0.068022 -0.824162 -0.562254
vn -0.124853 -0.423991 -0.897019
vn -0.068022 -0.824162 -0.562254
vn -0.011339 -0.994204 -0.106911
vn -0.041179 -0.994773 -0.093437
vn -0.230587 -0.833322 -0.502398
vn -0.144279 0.088172 -0.985601
vn -0.124853 -0.423991 -0.897019
vn -0.387843 -0.452231 -0.803159
vn -0.441323 0.040532 -0.896432
vn -0.124853 -0.423991 -0.897019
vn -0.068022 -0.824162 -0.562254
vn -0.230587 -0.833322 -0.502398
vn -0.387843 -0.452231 -0.803159
vn -0.230587 -0.833322 -0.502398
vn -0.041179 -0.994773 -0.093437
vn -0.064907 -0.995264 -0.072365
vn -0.363491 -0.843966 -0.394455
vn -0.441323 0.040532 -0.896432
vn -0.387843 -0.452231 -0.803159
vn -0.604886 -0.484459 -0.631991
vn -0.696831 -0.013392 -0.717111
vn -0.387843 -0.452231 -0.803159
vn -0.230587 -0.833322 -0.502398
vn -0.363491 -0.843966 -0.394455
vn -0.604886 -0.484459 -0.631991
vn -0.363491 -0.843966 -0.394455
vn -0.064907 -0.995264 -0.072365
vn -0.080828 -0.995660 -0.046140
vn -0.453093 -0.855007 -0.252328
vn -0.696831 -0.013392 -0.717111
vn -0.604886 -0.484459 -0.631991
vn -0.754441 -0.517331 -0.403964
vn -0.882730 -0.067971 -0.464938
vn -0.604886 -0.484459 -0.631991
vn -0.363491 -0.843966 -0.394455
vn -0.453093 -0.855007 -0.252328
vn -0.754441 -0.517331 -0.403964
vn -0.453093 -0.855007 -0.252328
vn -0.080828 -0.995660 -0.046140
vn -0.088525 -0.995921 -0.017442
vn -0.493094 -0.864960 -0.093288
vn -0.882730 -0.067971 -0.464938
vn -0.754441 -0.517331 -0.403964
vn -0.824564 -0.546898 -0.144904
vn -0.979006 -0.117386 -0.166639
vn -0.754441 -0.517331 -0.403964
vn -0.453093 -0.855007 -0.252328
vn -0.493094 -0.864960 -0.093288
vn -0.824564 -0.546898 -0.144904
vn -0.493094 -0.864960 -0.093288
vn -0.088525 -0.995921 -0.017442
vn -0.088330 -0.996024 0.011536
vn -0.484418 -0.872345 0.065970
vn -0.979006 -0.117386 -0.166639
vn -0.824564 -0.546898 -0.144904
vn -0.813221 -0.569752 0.118552
vn -0.976771 -0.156592 0.146281
vn -0.824564 -0.546898 -0.144904
vn -0.493094 -0.864960 -0.093288
vn -0.484418 -0.872345 0.065970
vn -0.813221 -0.569752 0.118552
vn -0.484418 -0.872345 0.065970
vn -0.088330 -0.996024 0.011536
vn -0.079281 -0.995827 0.045201
vn -0.414443 -0.879456 0.234081
vn -0.976771 -0.156592 0.146281
vn -0.813221 -0.569752 0.118552
vn -0.704056 -0.588084 0.398073
vn -0.869115 -0.183166 0.459444
vn -0.813221 -0.569752 0.118552
vn -0.484418 -0.872345 0.065970
vn -0.414443 -0.879456 0.234081
vn -0.704056 -0.588084 0.398073
vn -0.414443 -0.879456 0.234081
vn -0.079281 -0.995827 0.045201
vn -0.060742 -0.996280 0.061134
vn -0.329173 -0.884661 0.330183
vn -0.869115 -0.183166 0.459444
vn -0.704056 -0.588084 0.398073
vn -0.567998 -0.595029 0.568611
vn -0.694073 -0.191108 0.694075
vn -0.704056 -0.588084 0.398073
vn -0.414443 -0.879456 0.234081
vn -0.329173 -0.884661 0.330183
vn -0.567998 -0.595029 0.568611
vn -0.329173 -0.884661 0.330183
vn -0.060742 -0.996280 0.061134
vn -0.044577 -0.995837 0.079503
vn -0.231503 -0.880836 0.412957
vn -0.694073 -0.191108 0.694075
vn -0.567998 -0.595029 0.568611
vn -0.396508 -0.590283 0.703098
vn -0.459443 -0.183172 0.869115
vn -0.567998 -0.595029 0.568611
vn -0.329173 -0.884661 0.330183
vn -0.231503 -0.880836 0.412957
vn -0.396508 -0.590283 0.703098
vn -0.231503 -0.880836 0.412957
vn -0.044577 -0.995837 0.079503
vn -0.010857 -0.996028 0.088371
vn -0.063649 -0.875176 0.479600
vn -0.459443 -0.183172 0.869115
vn -0.396508 -0.590283 0.703098
vn -0.117112 -0.574290 0.810232
vn -0.146279 -0.156603 0.976769
vn -0.396508 -0.590283 0.703098
vn -0.231503 -0.880836 0.412957
vn -0.063649 -0.875176 0.479600
vn -0.117112 -0.574290 0.810232
vn -0.063649 -0.875176 0.479600
vn -0.010857 -0.996028 0.088371
vn 0.017984 -0.995928 0.088345
vn 0.093378 -0.869060 0.485815
vn -0.146279 -0.156603 0.976769
vn -0.117112 -0.574290 0.810232
vn 0.145082 -0.553420 0.820169
vn 0.166640 -0.117401 0.979004
vn -0.117112 -0.574290 0.810232
vn -0.063649 -0.875176 0.479600
vn 0.093378 -0.869060 0.485815
vn 0.145082 -0.553420 0.820169
vn 0.093378 -0.869060 0.485815
vn 0.017984 -0.995928 0.088345
vn 0.046429 -0.995668 0.080562
vn 0.249004 -0.860209 0.445015
vn 0.166640 -0.117401 0.979004
vn 0.145082 -0.553420 0.820169
vn 0.402260 -0.525520 0.749677
vn 0.464939 -0.067990 0.882728
vn 0.145082 -0.553420 0.820169
vn 0.093378 -0.869060 0.485815
vn 0.249004 -0.860209 0.445015
vn 0.402260 -0.525520 0.749677
vn 0.249004 -0.860209 0.445015
vn 0.046429 -0.995668 0.080562
vn 0.072362 -0.995275 0.064737
vn 0.387771 -0.849909 0.356776
vn 0.464939 -0.067990 0.882728
vn 0.402260 -0.525520 0.749677
vn 0.628534 -0.493706 0.600998
vn 0.717111 -0.013414 0.696830
vn 0.402260 -0.525520 0.749677
vn 0.249004 -0.860209 0.445015
vn 0.387771 -0.849909 0.356776
vn 0.628534 -0.493706 0.600998
vn 0.387771 -0.849909 0.356776
vn 0.072362 -0.995275 0.064737
vn 0.093209 -0.994789 0.041303
vn 0.493777 -0.839422 0.227056
vn 0.717111 -0.013414 0.696830
vn 0.628534 -0.493706 0.600998
vn 0.798790 -0.461637 0.385780
vn 0.896435 0.040511 0.441320
vn 0.628534 -0.493706 0.600998
vn 0.387771 -0.849909 0.356776
vn 0.493777 -0.839422 0.227056
vn 0.798790 -0.461637 0.385780
vn 0.493777 -0.839422 0.227056
vn 0.093209 -0.994789 0.041303
vn 0.106651 -0.994225 0.011895
vn 0.554035 -0.829686 0.068312
vn 0.896435 0.040511 0.441320
vn 0.798790 -0.461637 0.385780
vn 0.892970 -0.432445 0.124887
vn 0.985602 0.088152 0.144281
vn 0.798790 -0.461637 0.385780
vn 0.493777 -0.839422 0.227056
vn 0.554035 -0.829686 0.068312
vn 0.892970 -0.432445 0.124887
vn 0.554035 -0.829686 0.068312
vn 0.106651 -0.994225 0.011895
vn 0.111125 -0.993582 -0.021110
vn 0.561776 -0.820881 -0.102770
vn 0.985602 0.088152 0.144281
vn 0.892970 -0.432445 0.124887
vn 0.899660 -0.408420 -0.154288
vn 0.978604 0.124958 -0.163463
vn 0.892970 -0.432445 0.124887
vn 0.554035 -0.829686 0.068312
vn 0.561776 -0.820881 -0.102770
vn 0.899660 -0.408420 -0.154288
vn 0.561776 -0.820881 -0.102770
vn 0.111125 -0.993582 -0.021110
vn 0.104082 -0.992588 -0.062744
vn 0.496870 -0.816384 -0.294342
vn 0.978604 0.124958 -0.163463
vn 0.899660 -0.408420 -0.154288
vn 0.795330 -0.392254 -0.462156
vn 0.870234 0.148514 -0.469719
vn 0.899660 -0.408420 -0.154288
vn 0.561776 -0.820881 -0.102770
vn 0.496870 -0.816384 -0.294342
vn 0.795330 -0.392254 -0.462156
vn 0.496870 -0.816384 -0.294342
vn 0.104082 -0.992588 -0.062744
vn 0.082181 -0.993271 -0.081599
vn 0.404877 -0.820541 -0.403469
vn 0.870234 0.148514 -0.469719
vn 0.795330 -0.392254 -0.462156
vn 0.651041 -0.391643 -0.650201
vn 0.698552 0.155093 -0.698550
vn 0.795330 -0.392254 -0.462156
vn 0.496870 -0.816384 -0.294342
vn 0.404877 -0.820541 -0.403469
vn 0.651041 -0.391643 -0.650201
vn 0.063669 -0.992565 -0.103739
vn 0.297686 -0.814246 -0.498385
vn 0.404877 -0.820541 -0.403469
vn 0.082181 -0.993271 -0.081599
vn 0.297686 -0.814246 -0.498385
vn 0.463855 -0.389037 -0.795920
vn 0.651041 -0.391643 -0.650201
vn 0.404877 -0.820541 -0.403469
vn 0.463855 -0.389037 -0.795920
vn 0.469721 0.148522 -0.870232
vn 0.698552 0.155093 -0.698550
vn 0.651041 -0.391643 -0.650201
vn -0.297686 -0.814249 0.498379
vn -0.063670 -0.992565 0.103739
vn -0.022051 -0.993561 0.111129
vn -0.105859 -0.816678 0.567301
vn -0.469724 0.148522 0.870230
vn -0.463861 -0.389037 0.795917
vn -0.155816 -0.402016 0.902277
vn -0.163462 0.124972 0.978602
vn -0.463861 -0.389037 0.795917
vn -0.297686 -0.814249 0.498379
vn -0.105859 -0.816678 0.567301
vn -0.155816 -0.402016 0.902277
vn -0.105859 -0.816678 0.567301
vn -0.022051 -0.993561 0.111129
vn 0.011340 -0.994204 0.106910
vn 0.068027 -0.824162 0.562254
vn -0.163462 0.124972 0.978602
vn -0.155816 -0.402016 0.902277
vn 0.124857 -0.423991 0.897019
vn 0.144280 0.088171 0.985601
vn -0.155816 -0.402016 0.902277
vn -0.105859 -0.816678 0.567301
vn 0.068027 -0.824162 0.562254
vn 0.124857 -0.423991 0.897019
vn 0.068027 -0.824162 0.562254
vn 0.011340 -0.994204 0.106910
vn 0.041178 -0.994773 0.093437
vn 0.230586 -0.833321 0.502400
vn 0.144280 0.088171 0.985601
vn 0.124857 -0.423991 0.897019
vn 0.387837 -0.452230 0.803163
vn 0.441322 0.040532 0.896433
vn 0.124857 -0.423991 0.897019
vn 0.068027 -0.824162 0.562254
vn 0.230586 -0.833321 0.502400
vn 0.387837 -0.452230 0.803163
vn 0.230586 -0.833321 0.502400
vn 0.041178 -0.994773 0.093437
vn 0.064907 -0.995264 0.072365
vn 0.363493 -0.843965 0.394457
vn 0.441322 0.040532 0.896433
vn 0.387837 -0.452230 0.803163
vn 0.604886 -0.484459 0.631990
vn 0.696831 -0.013392 0.717110
vn 0.387837 -0.452230 0.803163
vn 0.230586 -0.833321 0.502400
vn 0.363493 -0.843965 0.394457
vn 0.604886 -0.484459 0.631990
vn 0.363493 -0.843965 0.394457
vn 0.064907 -0.995264 0.072365
vn 0.080828 -0.995660 0.046139
vn 0.453096 -0.855006 0.252326
vn 0.696831 -0.013392 0.717110
vn 0.604886 -0.484459 0.631990
vn 0.754441 -0.517333 0.403962
vn 0.882730 -0.067971 0.464939
vn 0.604886 -0.484459 0.631990
vn 0.363493 -0.843965 0.394457
vn 0.453096 -0.855006 0.252326
vn 0.754441 -0.517333 0.403962
vn 0.453096 -0.855006 0.252326
vn 0.080828 -0.995660 0.046139
vn 0.088526 -0.995921 0.017442
vn 0.493092 -0.864961 0.093290
vn 0.882730 -0.067971 0.464939
vn 0.754441 -0.517333 0.403962
vn 0.824564 -0.546897 0.144909
vn 0.979005 -0.117385 0.166642
vn 0.754441 -0.517333 0.403962
vn 0.453096 -0.855006 0.252326
vn 0.493092 -0.864961 0.093290
vn 0.824564 -0.546897 0.144909
vn 0.493092 -0.864961 0.093290
vn 0.088526 -0.995921 0.017442
vn 0.088330 -0.996024 -0.011535
vn 0.484418 -0.872346 -0.065966
vn 0.979005 -0.117385 0.166642
vn 0.824564 -0.546897 0.144909
vn 0.813223 -0.569751 -0.118546
vn 0.976771 -0.156591 -0.146279
vn 0.824564 -0.546897 0.144909
vn 0.493092 -0.864961 0.093290
vn 0.484418 -0.872346 -0.065966
vn 0.813223 -0.569751 -0.118546
vn 0.484418 -0.872346 -0.065966
vn 0.088330 -0.996024 -0.011535
vn 0.079282 -0.995827 -0.045202
vn 0.414444 -0.879455 -0.234084
vn 0.976771 -0.156591 -0.146279
vn 0.813223 -0.569751 -0.118546
vn 0.704057 -0.588082 -0.398075
vn 0.869116 -0.183166 -0.459443
vn 0.813223 -0.569751 -0.118546
vn 0.484418 -0.872346 -0.065966
vn 0.414444 -0.879455 -0.234084
vn 0.704057 -0.588082 -0.398075
vn 0.414444 -0.879455 -0.234084
vn 0.079282 -0.995827 -0.045202
vn 0.060741 -0.996280 -0.061134
vn 0.329173 -0.884661 -0.330182
vn 0.869116 -0.183166 -0.459443
vn 0.704057 -0.588082 -0.398075
vn 0.568000 -0.595028 -0.568611
vn 0.694072 -0.191109 -0.694076
vn 0.704057 -0.588082 -0.398075
vn 0.414444 -0.879455 -0.234084
vn 0.329173 -0.884661 -0.330182
vn 0.568000 -0.595028 -0.568611
vn 0.329173 -0.884661 -0.330182
vn 0.060741 -0.996280 -0.061134
vn 0.044578 -0.995837 -0.079504
vn 0.231506 -0.880835 -0.412958
vn 0.694072 -0.191109 -0.694076
vn 0.568000 -0.595028 -0.568611
vn 0.396509 -0.590282 -0.703099
vn 0.459441 -0.183172 -0.869116
vn 0.568000 -0.595028 -0.568611
vn 0.329173 -0.884661 -0.330182
vn 0.231506 -0.880835 -0.412958
vn 0.396509 -0.590282 -0.703099
vn 0.231506 -0.880835 -0.412958
vn 0.044578 -0.995837 -0.079504
vn 0.010857 -0.996029 -0.088371
vn 0.063647 -0.875175 -0.479602
vn 0.459441 -0.183172 -0.869116
vn 0.396509 -0.590282 -0.703099
vn 0.117107 -0.574288 -0.810234
vn 0.146277 -0.156602 -0.976770
vn 0.396509 -0.590282 -0.703099
vn 0.231506 -0.880835 -0.412958
vn 0.063647 -0.875175 -0.479602
vn 0.117107 -0.574288 -0.810234
vn 0.063647 -0.875175 -0.479602
vn 0.010857 -0.996029 -0.088371
vn -0.017984 -0.995928 -0.088344
vn -0.093380 -0.869060 -0.485815
vn 0.146277 -0.156602 -0.976770
vn 0.117107 -0.574288 -0.810234
vn -0.145084 -0.553418 -0.820170
vn -0.166642 -0.117401 -0.979003
vn 0.117107 -0.574288 -0.810234
vn 0.063647 -0.875175 -0.479602
vn -0.093380 -0.869060 -0.485815
vn -0.145084 -0.553418 -0.820170
vn -0.093380 -0.869060 -0.485815
vn -0.017984 -0.995928 -0.088344
vn -0.046428 -0.995668 -0.080561
vn -0.248999 -0.860210 -0.445014
vn -0.166642 -0.117401 -0.979003
vn -0.145084 -0.553418 -0.820170
vn -0.402256 -0.525522 -0.749678
vn -0.464937 -0.067991 -0.882729
vn -0.145084 -0.553418 -0.820170
vn -0.093380 -0.869060 -0.485815
vn -0.248999 -0.860210 -0.445014
vn -0.402256 -0.525522 -0.749678
vn -0.248999 -0.860210 -0.445014
vn -0.046428 -0.995668 -0.080561
vn -0.072362 -0.995275 -0.064738
vn -0.387771 -0.849907 -0.356779
vn -0.464937 -0.067991 -0.882729
vn -0.402256 -0.525522 -0.749678
vn -0.628533 -0.493705 -0.601000
vn -0.717111 -0.013414 -0.696830
vn -0.402256 -0.525522 -0.749678
vn -0.248999 -0.860210 -0.445014
vn -0.387771 -0.849907 -0.356779
vn -0.628533 -0.493705 -0.601000
vn -0.387771 -0.849907 -0.356779
vn -0.072362 -0.995275 -0.064738
vn -0.093209 -0.994790 -0.041302
vn -0.493780 -0.839421 -0.227055
vn -0.717111 -0.013414 -0.696830
vn -0.628533 -0.493705 -0.601000
vn -0.798792 -0.461635 -0.385777
vn -0.896435 0.040511 -0.441321
vn -0.628533 -0.493705 -0.601000
vn -0.387771 -0.849907 -0.356779
vn -0.493780 -0.839421 -0.227055
vn -0.798792 -0.461635 -0.385777
vn -0.493780 -0.839421 -0.227055
vn -0.093209 -0.994790 -0.041302
vn -0.106650 -0.994226 -0.011894
vn -0.554036 -0.829685 -0.068312
vn -0.896435 0.040511 -0.441321
vn -0.798792 -0.461635 -0.385777
vn -0.892968 -0.432447 -0.124887
vn -0.985602 0.088152 -0.144282
vn -0.798792 -0.461635 -0.385777
vn -0.493780 -0.839421 -0.227055
vn -0.554036 -0.829685 -0.068312
vn -0.892968 -0.432447 -0.124887
vn -0.554036 -0.829685 -0.068312
vn -0.106650 -0.994226 -0.011894
vn -0.111125 -0.993582 0.021110
vn -0.561779 -0.820879 0.102770
vn -0.985602 0.088152 -0.144282
vn -0.892968 -0.432447 -0.124887
vn -0.899661 -0.408419 0.154289
vn -0.978604 0.124957 0.163461
vn -0.892968 -0.432447 -0.124887
vn -0.554036 -0.829685 -0.068312
vn -0.561779 -0.820879 0.102770
vn -0.899661 -0.408419 0.154289
vn -0.561779 -0.820879 0.102770
vn -0.111125 -0.993582 0.021110
vn -0.104083 -0.992588 0.062743
vn -0.496871 -0.816383 0.294342
vn -0.978604 0.124957 0.163461
vn -0.899661 -0.408419 0.154289
vn -0.795331 -0.392252 0.462155
vn -0.870234 0.148514 0.469720
vn -0.899661 -0.408419 0.154289
vn -0.561779 -0.820879 0.102770
vn -0.496871 -0.816383 0.294342
vn -0.795331 -0.392252 0.462155
vn -0.496871 -0.816383 0.294342
vn -0.104083 -0.992588 0.062743
vn -0.082181 -0.993271 0.081599
vn -0.404873 -0.820543 0.403468
vn -0.870234 0.148514 0.469720
vn -0.795331 -0.392252 0.462155
vn -0.651041 -0.391643 0.650201
vn -0.698552 0.155093 0.698549
vn -0.795331 -0.392252 0.462155
vn -0.496871 -0.816383 0.294342
vn -0.404873 -0.820543 0.403468
vn -0.651041 -0.391643 0.650201
vn -0.063670 -0.992565 0.103739
vn -0.297686 -0.814249 0.498379
vn -0.404873 -0.820543 0.403468
vn -0.082181 -0.993271 0.081599
vn -0.297686 -0.814249 0.498379
vn -0.463861 -0.389037 0.795917
vn -0.651041 -0.391643 0.650201
vn -0.404873 -0.820543 0.403468
vn -0.463861 -0.389037 0.795917
vn -0.469724 0.148522 0.870230
vn -0.698552 0.155093 0.698549
vn -0.651041 -0.391643 0.650201
s off
g Chair Legs
usemtl SeatSG
f 1579/1849/6269 1580/1850/6270 1562/1851/6271 1561/1852/6272
f 1580/1850/6273 1581/1853/6274 1563/1854/6275 1562/1851/6276
f 1581/1853/6277 1582/1855/6278 1564/1856/6279 1563/1854/6280
f 1582/1855/6281 1583/1857/6282 1565/1858/6283 1564/1856/6284
f 1583/1857/6285 1584/1859/6286 1566/1860/6287 1565/1858/6288
f 1584/1859/6289 1585/1861/6290 1567/1862/6291 1566/1860/6292
f 1585/1861/6293 1586/1863/6294 1568/2177/6295 1567/1862/6296
f 1590/1865/6297 1591/1866/6298 1570/1867/6299 1569/1868/6300
f 1591/1866/6301 1592/1869/6302 1571/1870/6303 1570/1867/6304
f 1592/1869/6305 1593/1871/6306 1572/1872/6307 1571/1870/6308
f 1593/1871/6309 1594/1873/6310 1573/1874/6311 1572/1872/6312
f 1594/1873/6313 1595/1875/6314 1574/1876/6315 1573/1874/6316
f 1595/1875/6317 1596/1877/6318 1575/1878/6319 1574/1876/6320
f 1596/1877/6321 1597/1879/6322 1576/1880/6323 1575/1878/6324
f 1597/1879/6325 1598/1881/6326 1577/1882/6327 1576/1880/6328
f 1598/1881/6329 1579/1849/6330 1561/1852/6331 1577/1882/6332
f 1617/1883/6333 1618/1884/6334 1600/1885/6335 1599/1886/6336
f 1618/1884/6337 1619/1887/6338 1601/1888/6339 1600/1885/6340
f 1619/1887/6341 1620/1889/6342 1602/1890/6343 1601/1888/6344
f 1620/1889/6345 1621/1891/6346 1603/1892/6347 1602/1890/6348
f 1621/1891/6349 1622/1893/6350 1604/1894/6351 1603/1892/6352
f 1622/1893/6353 1623/1895/6354 1605/1896/6355 1604/1894/6356
f 1623/1895/6357 1624/1897/6358 1606/2171/6359 1605/1896/6360
f 1628/1899/6361 1629/1900/6362 1608/1901/6363 1607/1902/6364
f 1629/1900/6365 1630/1903/6366 1609/1904/6367 1608/1901/6368
f 1630/1903/6369 1631/1905/6370 1610/1906/6371 1609/1904/6372
f 1631/1905/6373 1632/1907/6374 1611/1908/6375 1610/1906/6376
f 1632/1907/6377 1633/1909/6378 1612/1910/6379 1611/1908/6380
f 1633/1909/6381 1634/1911/6382 1613/1912/6383 1612/1910/6384
f 1634/1911/6385 1635/1913/6386 1614/1914/6387 1613/1912/6388
f 1635/1913/6389 1636/1915/6390 1615/1916/6391 1614/1914/6392
f 1636/1915/6393 1617/1883/6394 1599/1886/6395 1615/1916/6396
f 1586/2175/6397 1587/2174/6398 1642/1918/6399 1637/1919/6400
f 1568/1864/6401 1586/2175/6402 1637/1919/6403 1647/1920/6404
f 1587/2174/6405 1588/2126/6406 1652/1922/6407 1642/1918/6408
f 1588/2180/6409 1589/2172/6410 1657/1924/6411 1652/2181/6412
f 1589/2172/6413 1590/2173/6414 1662/1925/6415 1657/1924/6416
f 1590/2173/6417 1569/2176/6418 1667/1926/6419 1662/1925/6420
f 1624/2169/6421 1625/2168/6422 1661/1928/6423 1666/1929/6424
f 1606/1898/6425 1624/2169/6426 1666/1929/6427 1671/1930/6428
f 1625/2168/6429 1626/2122/6430 1656/1932/6431 1661/1928/6432
f 1626/2178/6433 1627/2166/6434 1646/1934/6435 1656/2179/6436
f 1627/2166/6437 1628/2167/6438 1641/1935/6439 1646/1934/6440
f 1628/2167/6441 1607/2170/6442 1651/1936/6443 1641/1935/6444
f 1640/1937/6445 1641/1935/6446 1651/1936/6447 1650/1938/6448
f 1639/1939/6449 1640/1937/6450 1650/1938/6451 1649/1940/6452
f 1637/1919/6453 1638/1941/6454 1648/1942/6455 1647/1920/6456
f 1638/1941/6457 1639/1939/6458 1649/1940/6459 1648/1942/6460
f 1641/1935/6461 1640/1937/6462 1645/1943/6463 1646/1934/6464
f 1640/1937/6465 1639/1939/6466 1644/1944/6467 1645/1943/6468
f 1639/1939/6469 1638/1941/6470 1643/1945/6471 1644/1944/6472
f 1638/1941/6473 1637/1919/6474 1642/1918/6475 1643/1945/6476
f 1646/1934/6477 1645/1943/6478 1655/2184/6479 1656/2179/6480
f 1645/1943/6481 1644/1944/6482 1654/2183/6483 1655/2184/6484
f 1644/1944/6485 1643/1945/6486 1653/2182/6487 1654/2183/6488
f 1643/1945/6489 1642/1918/6490 1652/1922/6491 1653/2182/6492
f 1656/1932/6493 1655/1946/6494 1660/1949/6495 1661/1928/6496
f 1655/1946/6497 1654/1947/6498 1659/1950/6499 1660/1949/6500
f 1654/1947/6501 1653/1948/6502 1658/1951/6503 1659/1950/6504
f 1653/1948/6505 1652/2181/6506 1657/1924/6507 1658/1951/6508
f 1661/1928/6509 1660/1949/6510 1665/1952/6511 1666/1929/6512
f 1660/1949/6513 1659/1950/6514 1664/1953/6515 1665/1952/6516
f 1659/1950/6517 1658/1951/6518 1663/1954/6519 1664/1953/6520
f 1658/1951/6521 1657/1924/6522 1662/1925/6523 1663/1954/6524
f 1666/1929/6525 1665/1952/6526 1670/1955/6527 1671/1930/6528
f 1665/1952/6529 1664/1953/6530 1669/1956/6531 1670/1955/6532
f 1664/1953/6533 1663/1954/6534 1668/1957/6535 1669/1956/6536
f 1663/1954/6537 1662/1925/6538 1667/1926/6539 1668/1957/6540
f 1679/1958/6541 1675/1959/6542 1578/1960/6543
f 1683/1961/6544 1679/1958/6545 1578/1960/6546
f 1687/1962/6547 1683/1961/6548 1578/1960/6549
f 1691/1963/6550 1687/1962/6551 1578/1960/6552
f 1695/1964/6553 1691/1963/6554 1578/1960/6555
f 1699/1965/6556 1695/1964/6557 1578/1960/6558
f 1703/1966/6559 1699/1965/6560 1578/1960/6561
f 1707/1967/6562 1703/1966/6563 1578/1960/6564
f 1711/1968/6565 1707/1967/6566 1578/1960/6567
f 1715/1969/6568 1711/1968/6569 1578/1960/6570
f 1719/1970/6571 1715/1969/6572 1578/1960/6573
f 1723/1971/6574 1719/1970/6575 1578/1960/6576
f 1727/1972/6577 1723/1971/6578 1578/1960/6579
f 1731/1973/6580 1727/1972/6581 1578/1960/6582
f 1735/1974/6583 1731/1973/6584 1578/1960/6585
f 1739/1975/6586 1735/1974/6587 1578/1960/6588
f 1743/1976/6589 1739/1975/6590 1578/1960/6591
f 1747/1977/6592 1743/1976/6593 1578/1960/6594
f 1751/1978/6595 1747/1977/6596 1578/1960/6597
f 1675/1959/6598 1751/1978/6599 1578/1960/6600
f 1672/1979/6601 1676/1980/6602 1580/1850/6603 1579/1849/6604
f 1676/1980/6605 1680/1981/6606 1581/1853/6607 1580/1850/6608
f 1680/1981/6609 1684/1982/6610 1582/1855/6611 1581/1853/6612
f 1684/1982/6613 1688/1983/6614 1583/1857/6615 1582/1855/6616
f 1688/1983/6617 1692/1984/6618 1584/1859/6619 1583/1857/6620
f 1692/1984/6621 1696/1985/6622 1585/1861/6623 1584/1859/6624
f 1696/1985/6625 1700/1986/6626 1586/1863/6627 1585/1861/6628
f 1700/1986/6629 1704/1987/6630 1587/1917/6631 1586/1863/6632
f 1704/1987/6633 1708/2125/6634 1588/1921/6635 1587/1917/6636
f 1708/1988/6637 1712/1989/6638 1589/1923/6639 1588/2127/6640
f 1712/1989/6641 1716/1990/6642 1590/1865/6643 1589/1923/6644
f 1716/1990/6645 1720/1991/6646 1591/1866/6647 1590/1865/6648
f 1720/1991/6649 1724/1992/6650 1592/1869/6651 1591/1866/6652
f 1724/1992/6653 1728/1993/6654 1593/1871/6655 1592/1869/6656
f 1728/1993/6657 1732/1994/6658 1594/1873/6659 1593/1871/6660
f 1732/1994/6661 1736/1995/6662 1595/1875/6663 1594/1873/6664
f 1736/1995/6665 1740/1996/6666 1596/1877/6667 1595/1875/6668
f 1740/1996/6669 1744/1997/6670 1597/1879/6671 1596/1877/6672
f 1744/1997/6673 1748/1998/6674 1598/1881/6675 1597/1879/6676
f 1748/1998/6677 1672/1979/6678 1579/1849/6679 1598/1881/6680
f 1759/1999/6681 1755/2000/6682 1616/2001/6683
f 1763/2002/6684 1759/1999/6685 1616/2001/6686
f 1767/2003/6687 1763/2002/6688 1616/2001/6689
f 1771/2004/6690 1767/2003/6691 1616/2001/6692
f 1775/2005/6693 1771/2004/6694 1616/2001/6695
f 1779/2006/6696 1775/2005/6697 1616/2001/6698
f 1783/2007/6699 1779/2006/6700 1616/2001/6701
f 1787/2008/6702 1783/2007/6703 1616/2001/6704
f 1791/2009/6705 1787/2008/6706 1616/2001/6707
f 1795/2010/6708 1791/2009/6709 1616/2001/6710
f 1799/2011/6711 1795/2010/6712 1616/2001/6713
f 1803/2012/6714 1799/2011/6715 1616/2001/6716
f 1807/2013/6717 1803/2012/6718 1616/2001/6719
f 1811/2014/6720 1807/2013/6721 1616/2001/6722
f 1815/2015/6723 1811/2014/6724 1616/2001/6725
f 1819/2016/6726 1815/2015/6727 1616/2001/6728
f 1823/2017/6729 1819/2016/6730 1616/2001/6731
f 1827/2018/6732 1823/2017/6733 1616/2001/6734
f 1831/2019/6735 1827/2018/6736 1616/2001/6737
f 1755/2000/6738 1831/2019/6739 1616/2001/6740
f 1752/2020/6741 1756/2021/6742 1618/1884/6743 1617/1883/6744
f 1756/2021/6745 1760/2022/6746 1619/1887/6747 1618/1884/6748
f 1760/2022/6749 1764/2023/6750 1620/1889/6751 1619/1887/6752
f 1764/2023/6753 1768/2024/6754 1621/1891/6755 1620/1889/6756
f 1768/2024/6757 1772/2025/6758 1622/1893/6759 1621/1891/6760
f 1772/2025/6761 1776/2026/6762 1623/1895/6763 1622/1893/6764
f 1776/2026/6765 1780/2027/6766 1624/1897/6767 1623/1895/6768
f 1780/2027/6769 1784/2028/6770 1625/1927/6771 1624/1897/6772
f 1784/2028/6773 1788/2121/6774 1626/1931/6775 1625/1927/6776
f 1788/2029/6777 1792/2030/6778 1627/1933/6779 1626/2123/6780
f 1792/2030/6781 1796/2031/6782 1628/1899/6783 1627/1933/6784
f 1796/2031/6785 1800/2032/6786 1629/1900/6787 1628/1899/6788
f 1800/2032/6789 1804/2033/6790 1630/1903/6791 1629/1900/6792
f 1804/2033/6793 1808/2034/6794 1631/1905/6795 1630/1903/6796
f 1808/2034/6797 1812/2035/6798 1632/1907/6799 1631/1905/6800
f 1812/2035/6801 1816/2036/6802 1633/1909/6803 1632/1907/6804
f 1816/2036/6805 1820/2037/6806 1634/1911/6807 1633/1909/6808
f 1820/2037/6809 1824/2038/6810 1635/1913/6811 1634/1911/6812
f 1824/2038/6813 1828/2039/6814 1636/1915/6815 1635/1913/6816
f 1828/2039/6817 1752/2020/6818 1617/1883/6819 1636/1915/6820
f 1674/2040/6821 1675/1959/6822 1679/1958/6823 1678/2041/6824
f 1672/2165/6825 1673/2042/6826 1677/2043/6827 1676/2164/6828
f 1673/2042/6829 1674/2040/6830 1678/2041/6831 1677/2043/6832
f 1678/2041/6833 1679/1958/6834 1683/1961/6835 1682/2044/6836
f 1676/2164/6837 1677/2043/6838 1681/2045/6839 1680/2163/6840
f 1677/2043/6841 1678/2041/6842 1682/2044/6843 1681/2045/6844
f 1682/2044/6845 1683/1961/6846 1687/1962/6847 1686/2046/6848
f 1680/2163/6849 1681/2045/6850 1685/2047/6851 1684/2162/6852
f 1681/2045/6853 1682/2044/6854 1686/2046/6855 1685/2047/6856
f 1686/2046/6857 1687/1962/6858 1691/1963/6859 1690/2048/6860
f 1684/2162/6861 1685/2047/6862 1689/2049/6863 1688/2161/6864
f 1685/2047/6865 1686/2046/6866 1690/2048/6867 1689/2049/6868
f 1690/2048/6869 1691/1963/6870 1695/1964/6871 1694/2050/6872
f 1688/2161/6873 1689/2049/6874 1693/2051/6875 1692/2160/6876
f 1689/2049/6877 1690/2048/6878 1694/2050/6879 1693/2051/6880
f 1694/2050/6881 1695/1964/6882 1699/1965/6883 1698/2052/6884
f 1692/2160/6885 1693/2051/6886 1697/2053/6887 1696/2159/6888
f 1693/2051/6889 1694/2050/6890 1698/2052/6891 1697/2053/6892
f 1698/2052/6893 1699/1965/6894 1703/1966/6895 1702/2054/6896
f 1696/2159/6897 1697/2053/6898 1701/2055/6899 1700/2158/6900
f 1697/2053/6901 1698/2052/6902 1702/2054/6903 1701/2055/6904
f 1702/2054/6905 1703/1966/6906 1707/1967/6907 1706/2056/6908
f 1700/2158/6909 1701/2055/6910 1705/2057/6911 1704/2157/6912
f 1701/2055/6913 1702/2054/6914 1706/2056/6915 1705/2057/6916
f 1706/2056/6917 1707/1967/6918 1711/1968/6919 1710/2058/6920
f 1704/2157/6921 1705/2057/6922 1709/2059/6923 1708/2124/6924
f 1705/2057/6925 1706/2056/6926 1710/2058/6927 1709/2059/6928
f 1710/2058/6929 1711/1968/6930 1715/1969/6931 1714/2060/6932
f 1708/2124/6933 1709/2059/6934 1713/2061/6935 1712/2156/6936
f 1709/2059/6937 1710/2058/6938 1714/2060/6939 1713/2061/6940
f 1714/2060/6941 1715/1969/6942 1719/1970/6943 1718/2062/6944
f 1712/2156/6945 1713/2061/6946 1717/2063/6947 1716/2155/6948
f 1713/2061/6949 1714/2060/6950 1718/2062/6951 1717/2063/6952
f 1718/2062/6953 1719/1970/6954 1723/1971/6955 1722/2064/6956
f 1716/2155/6957 1717/2063/6958 1721/2065/6959 1720/2154/6960
f 1717/2063/6961 1718/2062/6962 1722/2064/6963 1721/2065/6964
f 1722/2064/6965 1723/1971/6966 1727/1972/6967 1726/2066/6968
f 1720/2154/6969 1721/2065/6970 1725/2067/6971 1724/2153/6972
f 1721/2065/6973 1722/2064/6974 1726/2066/6975 1725/2067/6976
f 1726/2066/6977 1727/1972/6978 1731/1973/6979 1730/2068/6980
f 1724/2153/6981 1725/2067/6982 1729/2069/6983 1728/2152/6984
f 1725/2067/6985 1726/2066/6986 1730/2068/6987 1729/2069/6988
f 1730/2068/6989 1731/1973/6990 1735/1974/6991 1734/2070/6992
f 1728/2152/6993 1729/2069/6994 1733/2071/6995 1732/2151/6996
f 1729/2069/6997 1730/2068/6998 1734/2070/6999 1733/2071/7000
f 1734/2070/7001 1735/1974/7002 1739/1975/7003 1738/2072/7004
f 1732/2151/7005 1733/2071/7006 1737/2073/7007 1736/2150/7008
f 1733/2071/7009 1734/2070/7010 1738/2072/7011 1737/2073/7012
f 1738/2072/7013 1739/1975/7014 1743/1976/7015 1742/2074/7016
f 1736/2150/7017 1737/2073/7018 1741/2075/7019 1740/2149/7020
f 1737/2073/7021 1738/2072/7022 1742/2074/7023 1741/2075/7024
f 1742/2074/7025 1743/1976/7026 1747/1977/7027 1746/2076/7028
f 1740/2149/7029 1741/2075/7030 1745/2077/7031 1744/2148/7032
f 1741/2075/7033 1742/2074/7034 1746/2076/7035 1745/2077/7036
f 1746/2076/7037 1747/1977/7038 1751/1978/7039 1750/2078/7040
f 1744/2148/7041 1745/2077/7042 1749/2079/7043 1748/2147/7044
f 1745/2077/7045 1746/2076/7046 1750/2078/7047 1749/2079/7048
f 1675/1959/7049 1674/2040/7050 1750/2078/7051 1751/1978/7052
f 1674/2040/7053 1673/2042/7054 1749/2079/7055 1750/2078/7056
f 1673/2042/7057 1672/2165/7058 1748/2147/7059 1749/2079/7060
f 1754/2080/7061 1755/2000/7062 1759/1999/7063 1758/2081/7064
f 1752/2146/7065 1753/2082/7066 1757/2083/7067 1756/2145/7068
f 1753/2082/7069 1754/2080/7070 1758/2081/7071 1757/2083/7072
f 1758/2081/7073 1759/1999/7074 1763/2002/7075 1762/2084/7076
f 1756/2145/7077 1757/2083/7078 1761/2085/7079 1760/2144/7080
f 1757/2083/7081 1758/2081/7082 1762/2084/7083 1761/2085/7084
f 1762/2084/7085 1763/2002/7086 1767/2003/7087 1766/2086/7088
f 1760/2144/7089 1761/2085/7090 1765/2087/7091 1764/2143/7092
f 1761/2085/7093 1762/2084/7094 1766/2086/7095 1765/2087/7096
f 1766/2086/7097 1767/2003/7098 1771/2004/7099 1770/2088/7100
f 1764/2143/7101 1765/2087/7102 1769/2089/7103 1768/2142/7104
f 1765/2087/7105 1766/2086/7106 1770/2088/7107 1769/2089/7108
f 1770/2088/7109 1771/2004/7110 1775/2005/7111 1774/2090/7112
f 1768/2142/7113 1769/2089/7114 1773/2091/7115 1772/2141/7116
f 1769/2089/7117 1770/2088/7118 1774/2090/7119 1773/2091/7120
f 1774/2090/7121 1775/2005/7122 1779/2006/7123 1778/2092/7124
f 1772/2141/7125 1773/2091/7126 1777/2093/7127 1776/2140/7128
f 1773/2091/7129 1774/2090/7130 1778/2092/7131 1777/2093/7132
f 1778/2092/7133 1779/2006/7134 1783/2007/7135 1782/2094/7136
f 1776/2140/7137 1777/2093/7138 1781/2095/7139 1780/2139/7140
f 1777/2093/7141 1778/2092/7142 1782/2094/7143 1781/2095/7144
f 1782/2094/7145 1783/2007/7146 1787/2008/7147 1786/2096/7148
f 1780/2139/7149 1781/2095/7150 1785/2097/7151 1784/2138/7152
f 1781/2095/7153 1782/2094/7154 1786/2096/7155 1785/2097/7156
f 1786/2096/7157 1787/2008/7158 1791/2009/7159 1790/2098/7160
f 1784/2138/7161 1785/2097/7162 1789/2099/7163 1788/2120/7164
f 1785/2097/7165 1786/2096/7166 1790/2098/7167 1789/2099/7168
f 1790/2098/7169 1791/2009/7170 1795/2010/7171 1794/2100/7172
f 1788/2120/7173 1789/2099/7174 1793/2101/7175 1792/2137/7176
f 1789/2099/7177 1790/2098/7178 1794/2100/7179 1793/2101/7180
f 1794/2100/7181 1795/2010/7182 1799/2011/7183 1798/2102/7184
f 1792/2137/7185 1793/2101/7186 1797/2103/7187 1796/2136/7188
f 1793/2101/7189 1794/2100/7190 1798/2102/7191 1797/2103/7192
f 1798/2102/7193 1799/2011/7194 1803/2012/7195 1802/2104/7196
f 1796/2136/7197 1797/2103/7198 1801/2105/7199 1800/2135/7200
f 1797/2103/7201 1798/2102/7202 1802/2104/7203 1801/2105/7204
f 1802/2104/7205 1803/2012/7206 1807/2013/7207 1806/2106/7208
f 1800/2135/7209 1801/2105/7210 1805/2107/7211 1804/2134/7212
f 1801/2105/7213 1802/2104/7214 1806/2106/7215 1805/2107/7216
f 1806/2106/7217 1807/2013/7218 1811/2014/7219 1810/2108/7220
f 1804/2134/7221 1805/2107/7222 1809/2109/7223 1808/2133/7224
f 1805/2107/7225 1806/2106/7226 1810/2108/7227 1809/2109/7228
f 1810/2108/7229 1811/2014/7230 1815/2015/7231 1814/2110/7232
f 1808/2133/7233 1809/2109/7234 1813/2111/7235 1812/2132/7236
f 1809/2109/7237 1810/2108/7238 1814/2110/7239 1813/2111/7240
f 1814/2110/7241 1815/2015/7242 1819/2016/7243 1818/2112/7244
f 1812/2132/7245 1813/2111/7246 1817/2113/7247 1816/2131/7248
f 1813/2111/7249 1814/2110/7250 1818/2112/7251 1817/2113/7252
f 1818/2112/7253 1819/2016/7254 1823/2017/7255 1822/2114/7256
f 1816/2131/7257 1817/2113/7258 1821/2115/7259 1820/2130/7260
f 1817/2113/7261 1818/2112/7262 1822/2114/7263 1821/2115/7264
f 1822/2114/7265 1823/2017/7266 1827/2018/7267 1826/2116/7268
f 1820/2130/7269 1821/2115/7270 1825/2117/7271 1824/2129/7272
f 1821/2115/7273 1822/2114/7274 1826/2116/7275 1825/2117/7276
f 1826/2116/7277 1827/2018/7278 1831/2019/7279 1830/2118/7280
f 1824/2129/7281 1825/2117/7282 1829/2119/7283 1828/2128/7284
f 1825/2117/7285 1826/2116/7286 1830/2118/7287 1829/2119/7288
f 1755/2000/7289 1754/2080/7290 1830/2118/7291 1831/2019/7292
f 1754/2080/7293 1753/2082/7294 1829/2119/7295 1830/2118/7296
f 1753/2082/7297 1752/2146/7298 1828/2128/7299 1829/2119/7300
f 1850/2185/7301 1851/2186/7302 1833/2187/7303 1832/2188/7304
f 1851/2186/7305 1852/2189/7306 1834/2190/7307 1833/2187/7308
f 1852/2189/7309 1853/2191/7310 1835/2192/7311 1834/2190/7312
f 1853/2191/7313 1854/2193/7314 1836/2194/7315 1835/2192/7316
f 1854/2193/7317 1855/2195/7318 1837/2196/7319 1836/2194/7320
f 1855/2195/7321 1856/2197/7322 1838/2198/7323 1837/2196/7324
f 1856/2197/7325 1857/2199/7326 1839/2200/7327 1838/2198/7328
f 1861/2201/7329 1862/2202/7330 1841/2203/7331 1840/2204/7332
f 1862/2202/7333 1863/2205/7334 1842/2206/7335 1841/2203/7336
f 1863/2205/7337 1864/2207/7338 1843/2208/7339 1842/2206/7340
f 1864/2207/7341 1865/2209/7342 1844/2210/7343 1843/2208/7344
f 1865/2209/7345 1866/2211/7346 1845/2212/7347 1844/2210/7348
f 1866/2211/7349 1867/2213/7350 1846/2214/7351 1845/2212/7352
f 1867/2213/7353 1868/2215/7354 1847/2216/7355 1846/2214/7356
f 1868/2215/7357 1869/2217/7358 1848/2218/7359 1847/2216/7360
f 1869/2217/7361 1850/2185/7362 1832/2188/7363 1848/2218/7364
f 1888/2219/7365 1889/2220/7366 1871/2221/7367 1870/2222/7368
f 1889/2220/7369 1890/2223/7370 1872/2224/7371 1871/2221/7372
f 1890/2223/7373 1891/2225/7374 1873/2226/7375 1872/2224/7376
f 1891/2225/7377 1892/2227/7378 1874/2228/7379 1873/2226/7380
f 1892/2227/7381 1893/2229/7382 1875/2230/7383 1874/2228/7384
f 1893/2229/7385 1894/2231/7386 1876/2232/7387 1875/2230/7388
f 1894/2231/7389 1895/2233/7390 1877/2234/7391 1876/2232/7392
f 1899/2235/7393 1900/2236/7394 1879/2237/7395 1878/2238/7396
f 1900/2236/7397 1901/2239/7398 1880/2240/7399 1879/2237/7400
f 1901/2239/7401 1902/2241/7402 1881/2242/7403 1880/2240/7404
f 1902/2241/7405 1903/2243/7406 1882/2244/7407 1881/2242/7408
f 1903/2243/7409 1904/2245/7410 1883/2246/7411 1882/2244/7412
f 1904/2245/7413 1905/2247/7414 1884/2248/7415 1883/2246/7416
f 1905/2247/7417 1906/2249/7418 1885/2250/7419 1884/2248/7420
f 1906/2249/7421 1907/2251/7422 1886/2252/7423 1885/2250/7424
f 1907/2251/7425 1888/2219/7426 1870/2222/7427 1886/2252/7428
f 1857/2253/7429 1858/2254/7430 1913/2255/7431 1908/2256/7432
f 1839/2257/7433 1857/2253/7434 1908/2256/7435 1918/2258/7436
f 1858/2254/7437 1859/2259/7438 1923/2260/7439 1913/2255/7440
f 1859/2261/7441 1860/2262/7442 1928/2263/7443 1923/2264/7444
f 1860/2262/7445 1861/2265/7446 1933/2266/7447 1928/2263/7448
f 1861/2265/7449 1840/2267/7450 1938/2268/7451 1933/2266/7452
f 1895/2269/7453 1896/2270/7454 1932/2271/7455 1937/2272/7456
f 1877/2273/7457 1895/2269/7458 1937/2272/7459 1942/2274/7460
f 1896/2270/7461 1897/2275/7462 1927/2276/7463 1932/2271/7464
f 1897/2277/7465 1898/2278/7466 1917/2279/7467 1927/2280/7468
f 1898/2278/7469 1899/2281/7470 1912/2282/7471 1917/2279/7472
f 1899/2281/7473 1878/2283/7474 1922/2284/7475 1912/2282/7476
f 1911/2285/7477 1912/2282/7478 1922/2284/7479 1921/2286/7480
f 1910/2287/7481 1911/2285/7482 1921/2286/7483 1920/2288/7484
f 1908/2256/7485 1909/2289/7486 1919/2290/7487 1918/2258/7488
f 1909/2289/7489 1910/2287/7490 1920/2288/7491 1919/2290/7492
f 1912/2282/7493 1911/2285/7494 1916/2291/7495 1917/2279/7496
f 1911/2285/7497 1910/2287/7498 1915/2292/7499 1916/2291/7500
f 1910/2287/7501 1909/2289/7502 1914/2293/7503 1915/2292/7504
f 1909/2289/7505 1908/2256/7506 1913/2255/7507 1914/2293/7508
f 1917/2279/7509 1916/2291/7510 1926/2294/7511 1927/2280/7512
f 1916/2291/7513 1915/2292/7514 1925/2295/7515 1926/2294/7516
f 1915/2292/7517 1914/2293/7518 1924/2296/7519 1925/2295/7520
f 1914/2293/7521 1913/2255/7522 1923/2260/7523 1924/2296/7524
f 1927/2276/7525 1926/2297/7526 1931/2298/7527 1932/2271/7528
f 1926/2297/7529 1925/2299/7530 1930/2300/7531 1931/2298/7532
f 1925/2299/7533 1924/2301/7534 1929/2302/7535 1930/2300/7536
f 1924/2301/7537 1923/2264/7538 1928/2263/7539 1929/2302/7540
f 1932/2271/7541 1931/2298/7542 1936/2303/7543 1937/2272/7544
f 1931/2298/7545 1930/2300/7546 1935/2304/7547 1936/2303/7548
f 1930/2300/7549 1929/2302/7550 1934/2305/7551 1935/2304/7552
f 1929/2302/7553 1928/2263/7554 1933/2266/7555 1934/2305/7556
f 1937/2272/7557 1936/2303/7558 1941/2306/7559 1942/2274/7560
f 1936/2303/7561 1935/2304/7562 1940/2307/7563 1941/2306/7564
f 1935/2304/7565 1934/2305/7566 1939/2308/7567 1940/2307/7568
f 1934/2305/7569 1933/2266/7570 1938/2268/7571 1939/2308/7572
f 1950/2309/7573 1946/2310/7574 1849/2311/7575
f 1954/2312/7576 1950/2309/7577 1849/2311/7578
f 1958/2313/7579 1954/2312/7580 1849/2311/7581
f 1962/2314/7582 1958/2313/7583 1849/2311/7584
f 1966/2315/7585 1962/2314/7586 1849/2311/7587
f 1970/2316/7588 1966/2315/7589 1849/2311/7590
f 1974/2317/7591 1970/2316/7592 1849/2311/7593
f 1978/2318/7594 1974/2317/7595 1849/2311/7596
f 1982/2319/7597 1978/2318/7598 1849/2311/7599
f 1986/2320/7600 1982/2319/7601 1849/2311/7602
f 1990/2321/7603 1986/2320/7604 1849/2311/7605
f 1994/2322/7606 1990/2321/7607 1849/2311/7608
f 1998/2323/7609 1994/2322/7610 1849/2311/7611
f 2002/2324/7612 1998/2323/7613 1849/2311/7614
f 2006/2325/7615 2002/2324/7616 1849/2311/7617
f 2010/2326/7618 2006/2325/7619 1849/2311/7620
f 2014/2327/7621 2010/2326/7622 1849/2311/7623
f 2018/2328/7624 2014/2327/7625 1849/2311/7626
f 2022/2329/7627 2018/2328/7628 1849/2311/7629
f 1946/2310/7630 2022/2329/7631 1849/2311/7632
f 1943/2330/7633 1947/2331/7634 1851/2186/7635 1850/2185/7636
f 1947/2331/7637 1951/2332/7638 1852/2189/7639 1851/2186/7640
f 1951/2332/7641 1955/2333/7642 1853/2191/7643 1852/2189/7644
f 1955/2333/7645 1959/2334/7646 1854/2193/7647 1853/2191/7648
f 1959/2334/7649 1963/2335/7650 1855/2195/7651 1854/2193/7652
f 1963/2335/7653 1967/2336/7654 1856/2197/7655 1855/2195/7656
f 1967/2336/7657 1971/2337/7658 1857/2199/7659 1856/2197/7660
f 1971/2337/7661 1975/2338/7662 1858/2339/7663 1857/2199/7664
f 1975/2338/7665 1979/2340/7666 1859/2341/7667 1858/2339/7668
f 1979/2342/7669 1983/2343/7670 1860/2344/7671 1859/2345/7672
f 1983/2343/7673 1987/2346/7674 1861/2201/7675 1860/2344/7676
f 1987/2346/7677 1991/2347/7678 1862/2202/7679 1861/2201/7680
f 1991/2347/7681 1995/2348/7682 1863/2205/7683 1862/2202/7684
f 1995/2348/7685 1999/2349/7686 1864/2207/7687 1863/2205/7688
f 1999/2349/7689 2003/2350/7690 1865/2209/7691 1864/2207/7692
f 2003/2350/7693 2007/2351/7694 1866/2211/7695 1865/2209/7696
f 2007/2351/7697 2011/2352/7698 1867/2213/7699 1866/2211/7700
f 2011/2352/7701 2015/2353/7702 1868/2215/7703 1867/2213/7704
f 2015/2353/7705 2019/2354/7706 1869/2217/7707 1868/2215/7708
f 2019/2354/7709 1943/2330/7710 1850/2185/7711 1869/2217/7712
f 2030/2355/7713 2026/2356/7714 1887/2357/7715
f 2034/2358/7716 2030/2355/7717 1887/2357/7718
f 2038/2359/7719 2034/2358/7720 1887/2357/7721
f 2042/2360/7722 2038/2359/7723 1887/2357/7724
f 2046/2361/7725 2042/2360/7726 1887/2357/7727
f 2050/2362/7728 2046/2361/7729 1887/2357/7730
f 2054/2363/7731 2050/2362/7732 1887/2357/7733
f 2058/2364/7734 2054/2363/7735 1887/2357/7736
f 2062/2365/7737 2058/2364/7738 1887/2357/7739
f 2066/2366/7740 2062/2365/7741 1887/2357/7742
f 2070/2367/7743 2066/2366/7744 1887/2357/7745
f 2074/2368/7746 2070/2367/7747 1887/2357/7748
f 2078/2369/7749 2074/2368/7750 1887/2357/7751
f 2082/2370/7752 2078/2369/7753 1887/2357/7754
f 2086/2371/7755 2082/2370/7756 1887/2357/7757
f 2090/2372/7758 2086/2371/7759 1887/2357/7760
f 2094/2373/7761 2090/2372/7762 1887/2357/7763
f 2098/2374/7764 2094/2373/7765 1887/2357/7766
f 2102/2375/7767 2098/2374/7768 1887/2357/7769
f 2026/2356/7770 2102/2375/7771 1887/2357/7772
f 2023/2376/7773 2027/2377/7774 1889/2220/7775 1888/2219/7776
f 2027/2377/7777 2031/2378/7778 1890/2223/7779 1889/2220/7780
f 2031/2378/7781 2035/2379/7782 1891/2225/7783 1890/2223/7784
f 2035/2379/7785 2039/2380/7786 1892/2227/7787 1891/2225/7788
f 2039/2380/7789 2043/2381/7790 1893/2229/7791 1892/2227/7792
f 2043/2381/7793 2047/2382/7794 1894/2231/7795 1893/2229/7796
f 2047/2382/7797 2051/2383/7798 1895/2233/7799 1894/2231/7800
f 2051/2383/7801 2055/2384/7802 1896/2385/7803 1895/2233/7804
f 2055/2384/7805 2059/2386/7806 1897/2387/7807 1896/2385/7808
f 2059/2388/7809 2063/2389/7810 1898/2390/7811 1897/2391/7812
f 2063/2389/7813 2067/2392/7814 1899/2235/7815 1898/2390/7816
f 2067/2392/7817 2071/2393/7818 1900/2236/7819 1899/2235/7820
f 2071/2393/7821 2075/2394/7822 1901/2239/7823 1900/2236/7824
f 2075/2394/7825 2079/2395/7826 1902/2241/7827 1901/2239/7828
f 2079/2395/7829 2083/2396/7830 1903/2243/7831 1902/2241/7832
f 2083/2396/7833 2087/2397/7834 1904/2245/7835 1903/2243/7836
f 2087/2397/7837 2091/2398/7838 1905/2247/7839 1904/2245/7840
f 2091/2398/7841 2095/2399/7842 1906/2249/7843 1905/2247/7844
f 2095/2399/7845 2099/2400/7846 1907/2251/7847 1906/2249/7848
f 2099/2400/7849 2023/2376/7850 1888/2219/7851 1907/2251/7852
f 1945/2401/7853 1946/2310/7854 1950/2309/7855 1949/2402/7856
f 1943/2403/7857 1944/2404/7858 1948/2405/7859 1947/2406/7860
f 1944/2404/7861 1945/2401/7862 1949/2402/7863 1948/2405/7864
f 1949/2402/7865 1950/2309/7866 1954/2312/7867 1953/2407/7868
f 1947/2406/7869 1948/2405/7870 1952/2408/7871 1951/2409/7872
f 1948/2405/7873 1949/2402/7874 1953/2407/7875 1952/2408/7876
f 1953/2407/7877 1954/2312/7878 1958/2313/7879 1957/2410/7880
f 1951/2409/7881 1952/2408/7882 1956/2411/7883 1955/2412/7884
f 1952/2408/7885 1953/2407/7886 1957/2410/7887 1956/2411/7888
f 1957/2410/7889 1958/2313/7890 1962/2314/7891 1961/2413/7892
f 1955/2412/7893 1956/2411/7894 1960/2414/7895 1959/2415/7896
f 1956/2411/7897 1957/2410/7898 1961/2413/7899 1960/2414/7900
f 1961/2413/7901 1962/2314/7902 1966/2315/7903 1965/2416/7904
f 1959/2415/7905 1960/2414/7906 1964/2417/7907 1963/2418/7908
f 1960/2414/7909 1961/2413/7910 1965/2416/7911 1964/2417/7912
f 1965/2416/7913 1966/2315/7914 1970/2316/7915 1969/2419/7916
f 1963/2418/7917 1964/2417/7918 1968/2420/7919 1967/2421/7920
f 1964/2417/7921 1965/2416/7922 1969/2419/7923 1968/2420/7924
f 1969/2419/7925 1970/2316/7926 1974/2317/7927 1973/2422/7928
f 1967/2421/7929 1968/2420/7930 1972/2423/7931 1971/2424/7932
f 1968/2420/7933 1969/2419/7934 1973/2422/7935 1972/2423/7936
f 1973/2422/7937 1974/2317/7938 1978/2318/7939 1977/2425/7940
f 1971/2424/7941 1972/2423/7942 1976/2426/7943 1975/2427/7944
f 1972/2423/7945 1973/2422/7946 1977/2425/7947 1976/2426/7948
f 1977/2425/7949 1978/2318/7950 1982/2319/7951 1981/2428/7952
f 1975/2427/7953 1976/2426/7954 1980/2429/7955 1979/2430/7956
f 1976/2426/7957 1977/2425/7958 1981/2428/7959 1980/2429/7960
f 1981/2428/7961 1982/2319/7962 1986/2320/7963 1985/2431/7964
f 1979/2430/7965 1980/2429/7966 1984/2432/7967 1983/2433/7968
f 1980/2429/7969 1981/2428/7970 1985/2431/7971 1984/2432/7972
f 1985/2431/7973 1986/2320/7974 1990/2321/7975 1989/2434/7976
f 1983/2433/7977 1984/2432/7978 1988/2435/7979 1987/2436/7980
f 1984/2432/7981 1985/2431/7982 1989/2434/7983 1988/2435/7984
f 1989/2434/7985 1990/2321/7986 1994/2322/7987 1993/2437/7988
f 1987/2436/7989 1988/2435/7990 1992/2438/7991 1991/2439/7992
f 1988/2435/7993 1989/2434/7994 1993/2437/7995 1992/2438/7996
f 1993/2437/7997 1994/2322/7998 1998/2323/7999 1997/2440/8000
f 1991/2439/8001 1992/2438/8002 1996/2441/8003 1995/2442/8004
f 1992/2438/8005 1993/2437/8006 1997/2440/8007 1996/2441/8008
f 1997/2440/8009 1998/2323/8010 2002/2324/8011 2001/2443/8012
f 1995/2442/8013 1996/2441/8014 2000/2444/8015 1999/2445/8016
f 1996/2441/8017 1997/2440/8018 2001/2443/8019 2000/2444/8020
f 2001/2443/8021 2002/2324/8022 2006/2325/8023 2005/2446/8024
f 1999/2445/8025 2000/2444/8026 2004/2447/8027 2003/2448/8028
f 2000/2444/8029 2001/2443/8030 2005/2446/8031 2004/2447/8032
f 2005/2446/8033 2006/2325/8034 2010/2326/8035 2009/2449/8036
f 2003/2448/8037 2004/2447/8038 2008/2450/8039 2007/2451/8040
f 2004/2447/8041 2005/2446/8042 2009/2449/8043 2008/2450/8044
f 2009/2449/8045 2010/2326/8046 2014/2327/8047 2013/2452/8048
f 2007/2451/8049 2008/2450/8050 2012/2453/8051 2011/2454/8052
f 2008/2450/8053 2009/2449/8054 2013/2452/8055 2012/2453/8056
f 2013/2452/8057 2014/2327/8058 2018/2328/8059 2017/2455/8060
f 2011/2454/8061 2012/2453/8062 2016/2456/8063 2015/2457/8064
f 2012/2453/8065 2013/2452/8066 2017/2455/8067 2016/2456/8068
f 2017/2455/8069 2018/2328/8070 2022/2329/8071 2021/2458/8072
f 2015/2457/8073 2016/2456/8074 2020/2459/8075 2019/2460/8076
f 2016/2456/8077 2017/2455/8078 2021/2458/8079 2020/2459/8080
f 1946/2310/8081 1945/2401/8082 2021/2458/8083 2022/2329/8084
f 1945/2401/8085 1944/2404/8086 2020/2459/8087 2021/2458/8088
f 1944/2404/8089 1943/2403/8090 2019/2460/8091 2020/2459/8092
f 2025/2461/8093 2026/2356/8094 2030/2355/8095 2029/2462/8096
f 2023/2463/8097 2024/2464/8098 2028/2465/8099 2027/2466/8100
f 2024/2464/8101 2025/2461/8102 2029/2462/8103 2028/2465/8104
f 2029/2462/8105 2030/2355/8106 2034/2358/8107 2033/2467/8108
f 2027/2466/8109 2028/2465/8110 2032/2468/8111 2031/2469/8112
f 2028/2465/8113 2029/2462/8114 2033/2467/8115 2032/2468/8116
f 2033/2467/8117 2034/2358/8118 2038/2359/8119 2037/2470/8120
f 2031/2469/8121 2032/2468/8122 2036/2471/8123 2035/2472/8124
f 2032/2468/8125 2033/2467/8126 2037/2470/8127 2036/2471/8128
f 2037/2470/8129 2038/2359/8130 2042/2360/8131 2041/2473/8132
f 2035/2472/8133 2036/2471/8134 2040/2474/8135 2039/2475/8136
f 2036/2471/8137 2037/2470/8138 2041/2473/8139 2040/2474/8140
f 2041/2473/8141 2042/2360/8142 2046/2361/8143 2045/2476/8144
f 2039/2475/8145 2040/2474/8146 2044/2477/8147 2043/2478/8148
f 2040/2474/8149 2041/2473/8150 2045/2476/8151 2044/2477/8152
f 2045/2476/8153 2046/2361/8154 2050/2362/8155 2049/2479/8156
f 2043/2478/8157 2044/2477/8158 2048/2480/8159 2047/2481/8160
f 2044/2477/8161 2045/2476/8162 2049/2479/8163 2048/2480/8164
f 2049/2479/8165 2050/2362/8166 2054/2363/8167 2053/2482/8168
f 2047/2481/8169 2048/2480/8170 2052/2483/8171 2051/2484/8172
f 2048/2480/8173 2049/2479/8174 2053/2482/8175 2052/2483/8176
f 2053/2482/8177 2054/2363/8178 2058/2364/8179 2057/2485/8180
f 2051/2484/8181 2052/2483/8182 2056/2486/8183 2055/2487/8184
f 2052/2483/8185 2053/2482/8186 2057/2485/8187 2056/2486/8188
f 2057/2485/8189 2058/2364/8190 2062/2365/8191 2061/2488/8192
f 2055/2487/8193 2056/2486/8194 2060/2489/8195 2059/2490/8196
f 2056/2486/8197 2057/2485/8198 2061/2488/8199 2060/2489/8200
f 2061/2488/8201 2062/2365/8202 2066/2366/8203 2065/2491/8204
f 2059/2490/8205 2060/2489/8206 2064/2492/8207 2063/2493/8208
f 2060/2489/8209 2061/2488/8210 2065/2491/8211 2064/2492/8212
f 2065/2491/8213 2066/2366/8214 2070/2367/8215 2069/2494/8216
f 2063/2493/8217 2064/2492/8218 2068/2495/8219 2067/2496/8220
f 2064/2492/8221 2065/2491/8222 2069/2494/8223 2068/2495/8224
f 2069/2494/8225 2070/2367/8226 2074/2368/8227 2073/2497/8228
f 2067/2496/8229 2068/2495/8230 2072/2498/8231 2071/2499/8232
f 2068/2495/8233 2069/2494/8234 2073/2497/8235 2072/2498/8236
f 2073/2497/8237 2074/2368/8238 2078/2369/8239 2077/2500/8240
f 2071/2499/8241 2072/2498/8242 2076/2501/8243 2075/2502/8244
f 2072/2498/8245 2073/2497/8246 2077/2500/8247 2076/2501/8248
f 2077/2500/8249 2078/2369/8250 2082/2370/8251 2081/2503/8252
f 2075/2502/8253 2076/2501/8254 2080/2504/8255 2079/2505/8256
f 2076/2501/8257 2077/2500/8258 2081/2503/8259 2080/2504/8260
f 2081/2503/8261 2082/2370/8262 2086/2371/8263 2085/2506/8264
f 2079/2505/8265 2080/2504/8266 2084/2507/8267 2083/2508/8268
f 2080/2504/8269 2081/2503/8270 2085/2506/8271 2084/2507/8272
f 2085/2506/8273 2086/2371/8274 2090/2372/8275 2089/2509/8276
f 2083/2508/8277 2084/2507/8278 2088/2510/8279 2087/2511/8280
f 2084/2507/8281 2085/2506/8282 2089/2509/8283 2088/2510/8284
f 2089/2509/8285 2090/2372/8286 2094/2373/8287 2093/2512/8288
f 2087/2511/8289 2088/2510/8290 2092/2513/8291 2091/2514/8292
f 2088/2510/8293 2089/2509/8294 2093/2512/8295 2092/2513/8296
f 2093/2512/8297 2094/2373/8298 2098/2374/8299 2097/2515/8300
f 2091/2514/8301 2092/2513/8302 2096/2516/8303 2095/2517/8304
f 2092/2513/8305 2093/2512/8306 2097/2515/8307 2096/2516/8308
f 2097/2515/8309 2098/2374/8310 2102/2375/8311 2101/2518/8312
f 2095/2517/8313 2096/2516/8314 2100/2519/8315 2099/2520/8316
f 2096/2516/8317 2097/2515/8318 2101/2518/8319 2100/2519/8320
f 2026/2356/8321 2025/2461/8322 2101/2518/8323 2102/2375/8324
f 2025/2461/8325 2024/2464/8326 2100/2519/8327 2101/2518/8328
f 2024/2464/8329 2023/2463/8330 2099/2520/8331 2100/2519/8332
